#Build: Fabric Compiler 2022.2-SP6.4, Build 146967, Jan 31 01:39 2024
#Install: D:\ZGTC\pango\PDS_2022.2-SP6.4\bin
#Application name: pds_shell.exe
#OS: Windows 10 10.0.26200
#Hostname: LAPTOP-F5RA6Q1A
Generated by Fabric Compiler (version 2022.2-SP6.4 build 146967) at Mon Apr 27 19:04:58 2026
License checkout: fabric_ads from D:\ZGTC\pango\PDS_2022.2-SP6.4\license\new_pds_F4A80DA47D72.lic
Compiling verification operator library.
Loading technology operator library.
Compiling technology operator library.
Compiling technology operator (valence) library.
I: Enable Verilog2k features and keywords
Start rtl-analyze.
Executing : .rtl_analyze -work work -include_path {D:/ZGTC/Work/ccc} D:/ZGTC/Work/ccc/source/aaa_top/hdmi_ddr_ov5640_top.v
I: Verilog-0001: Analyzing file D:/ZGTC/Work/ccc/source/aaa_top/hdmi_ddr_ov5640_top.v
I: Verilog-0002: [D:/ZGTC/Work/ccc/source/aaa_top/hdmi_ddr_ov5640_top.v(line number: 7)] Analyzing module hdmi_ddr_ov5640_top (library work)
W: Verilog-2015: [D:/ZGTC/Work/ccc/source/aaa_top/hdmi_ddr_ov5640_top.v(line number: 1119)] eth0_img_de is already declared in this scope
W: Verilog-2015: [D:/ZGTC/Work/ccc/source/aaa_top/hdmi_ddr_ov5640_top.v(line number: 1120)] eth0_img_data is already declared in this scope
W: Verilog-2006: [D:/ZGTC/Work/ccc/source/aaa_top/hdmi_ddr_ov5640_top.v(line number: 119)] Ansi_parameter force parameter in body to localparam
W: Verilog-2006: [D:/ZGTC/Work/ccc/source/aaa_top/hdmi_ddr_ov5640_top.v(line number: 123)] Ansi_parameter force parameter in body to localparam
W: Verilog-2006: [D:/ZGTC/Work/ccc/source/aaa_top/hdmi_ddr_ov5640_top.v(line number: 124)] Ansi_parameter force parameter in body to localparam
W: Verilog-2006: [D:/ZGTC/Work/ccc/source/aaa_top/hdmi_ddr_ov5640_top.v(line number: 125)] Ansi_parameter force parameter in body to localparam
W: Verilog-2006: [D:/ZGTC/Work/ccc/source/aaa_top/hdmi_ddr_ov5640_top.v(line number: 128)] Ansi_parameter force parameter in body to localparam
W: Verilog-2006: [D:/ZGTC/Work/ccc/source/aaa_top/hdmi_ddr_ov5640_top.v(line number: 129)] Ansi_parameter force parameter in body to localparam
W: Verilog-2006: [D:/ZGTC/Work/ccc/source/aaa_top/hdmi_ddr_ov5640_top.v(line number: 130)] Ansi_parameter force parameter in body to localparam
W: Verilog-2006: [D:/ZGTC/Work/ccc/source/aaa_top/hdmi_ddr_ov5640_top.v(line number: 133)] Ansi_parameter force parameter in body to localparam
W: Verilog-2006: [D:/ZGTC/Work/ccc/source/aaa_top/hdmi_ddr_ov5640_top.v(line number: 134)] Ansi_parameter force parameter in body to localparam
W: Verilog-2006: [D:/ZGTC/Work/ccc/source/aaa_top/hdmi_ddr_ov5640_top.v(line number: 135)] Ansi_parameter force parameter in body to localparam
W: Verilog-2006: [D:/ZGTC/Work/ccc/source/aaa_top/hdmi_ddr_ov5640_top.v(line number: 138)] Ansi_parameter force parameter in body to localparam
W: Verilog-2006: [D:/ZGTC/Work/ccc/source/aaa_top/hdmi_ddr_ov5640_top.v(line number: 139)] Ansi_parameter force parameter in body to localparam
W: Verilog-2006: [D:/ZGTC/Work/ccc/source/aaa_top/hdmi_ddr_ov5640_top.v(line number: 140)] Ansi_parameter force parameter in body to localparam
W: Verilog-2006: [D:/ZGTC/Work/ccc/source/aaa_top/hdmi_ddr_ov5640_top.v(line number: 638)] Ansi_parameter force parameter in body to localparam
Parsing done.
Executing : .rtl_analyze -work work -include_path {D:/ZGTC/Work/ccc} D:/ZGTC/Work/ccc/source/aaa_top/hdmi_ddr_ov5640_top.v successfully.
Executing : .rtl_analyze -work work -include_path {D:/ZGTC/Work/ccc} D:/ZGTC/Work/ccc/source/aaa_video_process/rgb2yuv.v
I: Verilog-0001: Analyzing file D:/ZGTC/Work/ccc/source/aaa_video_process/rgb2yuv.v
I: Verilog-0002: [D:/ZGTC/Work/ccc/source/aaa_video_process/rgb2yuv.v(line number: 1)] Analyzing module rgb2yuv (library work)
Parsing done.
Executing : .rtl_analyze -work work -include_path {D:/ZGTC/Work/ccc} D:/ZGTC/Work/ccc/source/aaa_video_process/rgb2yuv.v successfully.
Executing : .rtl_analyze -work work -include_path {D:/ZGTC/Work/ccc} D:/ZGTC/Work/ccc/source/aaa_video_process/sync_vg.v
I: Verilog-0001: Analyzing file D:/ZGTC/Work/ccc/source/aaa_video_process/sync_vg.v
I: Verilog-0002: [D:/ZGTC/Work/ccc/source/aaa_video_process/sync_vg.v(line number: 37)] Analyzing module sync_vg (library work)
Parsing done.
Executing : .rtl_analyze -work work -include_path {D:/ZGTC/Work/ccc} D:/ZGTC/Work/ccc/source/aaa_video_process/sync_vg.v successfully.
Executing : .rtl_analyze -work work -include_path {D:/ZGTC/Work/ccc} D:/ZGTC/Work/ccc/source/aaa_video_process/video_process.v
I: Verilog-0001: Analyzing file D:/ZGTC/Work/ccc/source/aaa_video_process/video_process.v
I: Verilog-0002: [D:/ZGTC/Work/ccc/source/aaa_video_process/video_process.v(line number: 1)] Analyzing module video_process (library work)
Parsing done.
Executing : .rtl_analyze -work work -include_path {D:/ZGTC/Work/ccc} D:/ZGTC/Work/ccc/source/aaa_video_process/video_process.v successfully.
Executing : .rtl_analyze -work work -include_path {D:/ZGTC/Work/ccc} D:/ZGTC/Work/ccc/source/aaa_video_process/video_zoom.v
I: Verilog-0001: Analyzing file D:/ZGTC/Work/ccc/source/aaa_video_process/video_zoom.v
I: Verilog-0002: [D:/ZGTC/Work/ccc/source/aaa_video_process/video_zoom.v(line number: 4)] Analyzing module video_zoom (library work)
W: Verilog-2006: [D:/ZGTC/Work/ccc/source/aaa_video_process/video_zoom.v(line number: 19)] Ansi_parameter force parameter in body to localparam
W: Verilog-2006: [D:/ZGTC/Work/ccc/source/aaa_video_process/video_zoom.v(line number: 20)] Ansi_parameter force parameter in body to localparam
W: Verilog-2006: [D:/ZGTC/Work/ccc/source/aaa_video_process/video_zoom.v(line number: 21)] Ansi_parameter force parameter in body to localparam
W: Verilog-2006: [D:/ZGTC/Work/ccc/source/aaa_video_process/video_zoom.v(line number: 23)] Ansi_parameter force parameter in body to localparam
W: Verilog-2006: [D:/ZGTC/Work/ccc/source/aaa_video_process/video_zoom.v(line number: 24)] Ansi_parameter force parameter in body to localparam
W: Verilog-2006: [D:/ZGTC/Work/ccc/source/aaa_video_process/video_zoom.v(line number: 25)] Ansi_parameter force parameter in body to localparam
W: Verilog-2006: [D:/ZGTC/Work/ccc/source/aaa_video_process/video_zoom.v(line number: 26)] Ansi_parameter force parameter in body to localparam
W: Verilog-2006: [D:/ZGTC/Work/ccc/source/aaa_video_process/video_zoom.v(line number: 28)] Ansi_parameter force parameter in body to localparam
W: Verilog-2006: [D:/ZGTC/Work/ccc/source/aaa_video_process/video_zoom.v(line number: 29)] Ansi_parameter force parameter in body to localparam
W: Verilog-2006: [D:/ZGTC/Work/ccc/source/aaa_video_process/video_zoom.v(line number: 30)] Ansi_parameter force parameter in body to localparam
W: Verilog-2006: [D:/ZGTC/Work/ccc/source/aaa_video_process/video_zoom.v(line number: 31)] Ansi_parameter force parameter in body to localparam
W: Verilog-2006: [D:/ZGTC/Work/ccc/source/aaa_video_process/video_zoom.v(line number: 34)] Ansi_parameter force parameter in body to localparam
W: Verilog-2006: [D:/ZGTC/Work/ccc/source/aaa_video_process/video_zoom.v(line number: 35)] Ansi_parameter force parameter in body to localparam
W: Verilog-2006: [D:/ZGTC/Work/ccc/source/aaa_video_process/video_zoom.v(line number: 37)] Ansi_parameter force parameter in body to localparam
W: Verilog-2006: [D:/ZGTC/Work/ccc/source/aaa_video_process/video_zoom.v(line number: 38)] Ansi_parameter force parameter in body to localparam
Parsing done.
Executing : .rtl_analyze -work work -include_path {D:/ZGTC/Work/ccc} D:/ZGTC/Work/ccc/source/aaa_video_process/video_zoom.v successfully.
Executing : .rtl_analyze -work work -include_path {D:/ZGTC/Work/ccc} D:/ZGTC/Work/ccc/source/aaa_video_process/yuv2rgb.v
I: Verilog-0001: Analyzing file D:/ZGTC/Work/ccc/source/aaa_video_process/yuv2rgb.v
I: Verilog-0002: [D:/ZGTC/Work/ccc/source/aaa_video_process/yuv2rgb.v(line number: 1)] Analyzing module yuv2rgb (library work)
Parsing done.
Executing : .rtl_analyze -work work -include_path {D:/ZGTC/Work/ccc} D:/ZGTC/Work/ccc/source/aaa_video_process/yuv2rgb.v successfully.
Executing : .rtl_analyze -work work -include_path {D:/ZGTC/Work/ccc} D:/ZGTC/Work/ccc/source/axi/axi_m.v
I: Verilog-0001: Analyzing file D:/ZGTC/Work/ccc/source/axi/axi_m.v
I: Verilog-0002: [D:/ZGTC/Work/ccc/source/axi/axi_m.v(line number: 19)] Analyzing module AXI_FULL_M (library work)
W: Verilog-2006: [D:/ZGTC/Work/ccc/source/axi/axi_m.v(line number: 71)] Ansi_parameter force parameter in body to localparam
Parsing done.
Executing : .rtl_analyze -work work -include_path {D:/ZGTC/Work/ccc} D:/ZGTC/Work/ccc/source/axi/axi_m.v successfully.
Executing : .rtl_analyze -work work -include_path {D:/ZGTC/Work/ccc} D:/ZGTC/Work/ccc/source/axi/axi_m_arbitration.v
I: Verilog-0001: Analyzing file D:/ZGTC/Work/ccc/source/axi/axi_m_arbitration.v
I: Verilog-0002: [D:/ZGTC/Work/ccc/source/axi/axi_m_arbitration.v(line number: 1)] Analyzing module axi_m_arbitration (library work)
W: Verilog-2006: [D:/ZGTC/Work/ccc/source/axi/axi_m_arbitration.v(line number: 84)] Ansi_parameter force parameter in body to localparam
W: Verilog-2006: [D:/ZGTC/Work/ccc/source/axi/axi_m_arbitration.v(line number: 85)] Ansi_parameter force parameter in body to localparam
W: Verilog-2006: [D:/ZGTC/Work/ccc/source/axi/axi_m_arbitration.v(line number: 86)] Ansi_parameter force parameter in body to localparam
W: Verilog-2006: [D:/ZGTC/Work/ccc/source/axi/axi_m_arbitration.v(line number: 87)] Ansi_parameter force parameter in body to localparam
W: Verilog-2006: [D:/ZGTC/Work/ccc/source/axi/axi_m_arbitration.v(line number: 94)] Ansi_parameter force parameter in body to localparam
W: Verilog-2006: [D:/ZGTC/Work/ccc/source/axi/axi_m_arbitration.v(line number: 95)] Ansi_parameter force parameter in body to localparam
W: Verilog-2006: [D:/ZGTC/Work/ccc/source/axi/axi_m_arbitration.v(line number: 96)] Ansi_parameter force parameter in body to localparam
W: Verilog-2006: [D:/ZGTC/Work/ccc/source/axi/axi_m_arbitration.v(line number: 97)] Ansi_parameter force parameter in body to localparam
W: Verilog-2006: [D:/ZGTC/Work/ccc/source/axi/axi_m_arbitration.v(line number: 98)] Ansi_parameter force parameter in body to localparam
W: Verilog-2006: [D:/ZGTC/Work/ccc/source/axi/axi_m_arbitration.v(line number: 99)] Ansi_parameter force parameter in body to localparam
W: Verilog-2006: [D:/ZGTC/Work/ccc/source/axi/axi_m_arbitration.v(line number: 100)] Ansi_parameter force parameter in body to localparam
W: Verilog-2006: [D:/ZGTC/Work/ccc/source/axi/axi_m_arbitration.v(line number: 101)] Ansi_parameter force parameter in body to localparam
W: Verilog-2006: [D:/ZGTC/Work/ccc/source/axi/axi_m_arbitration.v(line number: 102)] Ansi_parameter force parameter in body to localparam
Parsing done.
Executing : .rtl_analyze -work work -include_path {D:/ZGTC/Work/ccc} D:/ZGTC/Work/ccc/source/axi/axi_m_arbitration.v successfully.
Executing : .rtl_analyze -work work -include_path {D:/ZGTC/Work/ccc} D:/ZGTC/Work/ccc/source/axi/rw_fifo_ctrl.v
I: Verilog-0001: Analyzing file D:/ZGTC/Work/ccc/source/axi/rw_fifo_ctrl.v
I: Verilog-0002: [D:/ZGTC/Work/ccc/source/axi/rw_fifo_ctrl.v(line number: 1)] Analyzing module rw_fifo_ctrl (library work)
Parsing done.
Executing : .rtl_analyze -work work -include_path {D:/ZGTC/Work/ccc} D:/ZGTC/Work/ccc/source/axi/rw_fifo_ctrl.v successfully.
Executing : .rtl_analyze -work work -include_path {D:/ZGTC/Work/ccc} D:/ZGTC/Work/ccc/source/cmos/cmos_8_16bit.v
I: Verilog-0001: Analyzing file D:/ZGTC/Work/ccc/source/cmos/cmos_8_16bit.v
I: Verilog-0002: [D:/ZGTC/Work/ccc/source/cmos/cmos_8_16bit.v(line number: 24)] Analyzing module cmos_8_16bit (library work)
Parsing done.
Executing : .rtl_analyze -work work -include_path {D:/ZGTC/Work/ccc} D:/ZGTC/Work/ccc/source/cmos/cmos_8_16bit.v successfully.
Executing : .rtl_analyze -work work -include_path {D:/ZGTC/Work/ccc} D:/ZGTC/Work/ccc/source/cmos/i2c_com.v
I: Verilog-0001: Analyzing file D:/ZGTC/Work/ccc/source/cmos/i2c_com.v
I: Verilog-0002: [D:/ZGTC/Work/ccc/source/cmos/i2c_com.v(line number: 21)] Analyzing module i2c_com (library work)
Parsing done.
Executing : .rtl_analyze -work work -include_path {D:/ZGTC/Work/ccc} D:/ZGTC/Work/ccc/source/cmos/i2c_com.v successfully.
Executing : .rtl_analyze -work work -include_path {D:/ZGTC/Work/ccc} D:/ZGTC/Work/ccc/source/cmos/power_on_delay.v
I: Verilog-0001: Analyzing file D:/ZGTC/Work/ccc/source/cmos/power_on_delay.v
I: Verilog-0002: [D:/ZGTC/Work/ccc/source/cmos/power_on_delay.v(line number: 22)] Analyzing module power_on_delay (library work)
Parsing done.
Executing : .rtl_analyze -work work -include_path {D:/ZGTC/Work/ccc} D:/ZGTC/Work/ccc/source/cmos/power_on_delay.v successfully.
Executing : .rtl_analyze -work work -include_path {D:/ZGTC/Work/ccc} D:/ZGTC/Work/ccc/source/cmos/reg_config.v
I: Verilog-0001: Analyzing file D:/ZGTC/Work/ccc/source/cmos/reg_config.v
I: Verilog-0002: [D:/ZGTC/Work/ccc/source/cmos/reg_config.v(line number: 22)] Analyzing module reg_config (library work)
Parsing done.
Executing : .rtl_analyze -work work -include_path {D:/ZGTC/Work/ccc} D:/ZGTC/Work/ccc/source/cmos/reg_config.v successfully.
Executing : .rtl_analyze -work work -include_path {D:/ZGTC/Work/ccc} D:/ZGTC/Work/ccc/source/hdmi/iic_dri.v
I: Verilog-0001: Analyzing file D:/ZGTC/Work/ccc/source/hdmi/iic_dri.v
I: Verilog-0002: [D:/ZGTC/Work/ccc/source/hdmi/iic_dri.v(line number: 23)] Analyzing module iic_dri (library work)
Parsing done.
Executing : .rtl_analyze -work work -include_path {D:/ZGTC/Work/ccc} D:/ZGTC/Work/ccc/source/hdmi/iic_dri.v successfully.
Executing : .rtl_analyze -work work -include_path {D:/ZGTC/Work/ccc} D:/ZGTC/Work/ccc/source/hdmi/ms7200_ctl.v
I: Verilog-0001: Analyzing file D:/ZGTC/Work/ccc/source/hdmi/ms7200_ctl.v
I: Verilog-0002: [D:/ZGTC/Work/ccc/source/hdmi/ms7200_ctl.v(line number: 22)] Analyzing module ms7200_ctl (library work)
Parsing done.
Executing : .rtl_analyze -work work -include_path {D:/ZGTC/Work/ccc} D:/ZGTC/Work/ccc/source/hdmi/ms7200_ctl.v successfully.
Executing : .rtl_analyze -work work -include_path {D:/ZGTC/Work/ccc} D:/ZGTC/Work/ccc/source/hdmi/ms7210_ctl.v
I: Verilog-0001: Analyzing file D:/ZGTC/Work/ccc/source/hdmi/ms7210_ctl.v
I: Verilog-0002: [D:/ZGTC/Work/ccc/source/hdmi/ms7210_ctl.v(line number: 22)] Analyzing module ms7210_ctl (library work)
Parsing done.
Executing : .rtl_analyze -work work -include_path {D:/ZGTC/Work/ccc} D:/ZGTC/Work/ccc/source/hdmi/ms7210_ctl.v successfully.
Executing : .rtl_analyze -work work -include_path {D:/ZGTC/Work/ccc} D:/ZGTC/Work/ccc/source/hdmi/ms72xx_ctl.v
I: Verilog-0001: Analyzing file D:/ZGTC/Work/ccc/source/hdmi/ms72xx_ctl.v
I: Verilog-0002: [D:/ZGTC/Work/ccc/source/hdmi/ms72xx_ctl.v(line number: 22)] Analyzing module ms72xx_ctl (library work)
Parsing done.
Executing : .rtl_analyze -work work -include_path {D:/ZGTC/Work/ccc} D:/ZGTC/Work/ccc/source/hdmi/ms72xx_ctl.v successfully.
Executing : .rtl_analyze -work work -include_path {D:/ZGTC/Work/ccc} D:/ZGTC/Work/ccc/source/aaa_video_process/matrix_3x3.v
I: Verilog-0001: Analyzing file D:/ZGTC/Work/ccc/source/aaa_video_process/matrix_3x3.v
I: Verilog-0002: [D:/ZGTC/Work/ccc/source/aaa_video_process/matrix_3x3.v(line number: 2)] Analyzing module matrix_3x3 (library work)
Parsing done.
Executing : .rtl_analyze -work work -include_path {D:/ZGTC/Work/ccc} D:/ZGTC/Work/ccc/source/aaa_video_process/matrix_3x3.v successfully.
Executing : .rtl_analyze -work work -include_path {D:/ZGTC/Work/ccc} D:/ZGTC/Work/ccc/source/aaa_video_process/median_filter_3x3.v
I: Verilog-0001: Analyzing file D:/ZGTC/Work/ccc/source/aaa_video_process/median_filter_3x3.v
I: Verilog-0002: [D:/ZGTC/Work/ccc/source/aaa_video_process/median_filter_3x3.v(line number: 2)] Analyzing module median_filter_3x3 (library work)
Parsing done.
Executing : .rtl_analyze -work work -include_path {D:/ZGTC/Work/ccc} D:/ZGTC/Work/ccc/source/aaa_video_process/median_filter_3x3.v successfully.
Executing : .rtl_analyze -work work -include_path {D:/ZGTC/Work/ccc} D:/ZGTC/Work/ccc/source/aaa_video_process/sort3.v
I: Verilog-0001: Analyzing file D:/ZGTC/Work/ccc/source/aaa_video_process/sort3.v
I: Verilog-0002: [D:/ZGTC/Work/ccc/source/aaa_video_process/sort3.v(line number: 1)] Analyzing module sort3 (library work)
Parsing done.
Executing : .rtl_analyze -work work -include_path {D:/ZGTC/Work/ccc} D:/ZGTC/Work/ccc/source/aaa_video_process/sort3.v successfully.
Executing : .rtl_analyze -work work -include_path {D:/ZGTC/Work/ccc} D:/ZGTC/Work/ccc/source/fei_eth/crc32_d8.v
I: Verilog-0001: Analyzing file D:/ZGTC/Work/ccc/source/fei_eth/crc32_d8.v
I: Verilog-0002: [D:/ZGTC/Work/ccc/source/fei_eth/crc32_d8.v(line number: 22)] Analyzing module crc32_d8 (library work)
Parsing done.
Executing : .rtl_analyze -work work -include_path {D:/ZGTC/Work/ccc} D:/ZGTC/Work/ccc/source/fei_eth/crc32_d8.v successfully.
Executing : .rtl_analyze -work work -include_path {D:/ZGTC/Work/ccc} D:/ZGTC/Work/ccc/source/fei_eth/eth_img_pkt.v
I: Verilog-0001: Analyzing file D:/ZGTC/Work/ccc/source/fei_eth/eth_img_pkt.v
I: Verilog-0002: [D:/ZGTC/Work/ccc/source/fei_eth/eth_img_pkt.v(line number: 1)] Analyzing module eth_img_pkt (library work)
Parsing done.
Executing : .rtl_analyze -work work -include_path {D:/ZGTC/Work/ccc} D:/ZGTC/Work/ccc/source/fei_eth/eth_img_pkt.v successfully.
Executing : .rtl_analyze -work work -include_path {D:/ZGTC/Work/ccc} D:/ZGTC/Work/ccc/source/fei_eth/eth_img_rec.v
I: Verilog-0001: Analyzing file D:/ZGTC/Work/ccc/source/fei_eth/eth_img_rec.v
I: Verilog-0002: [D:/ZGTC/Work/ccc/source/fei_eth/eth_img_rec.v(line number: 1)] Analyzing module eth_img_rec (library work)
W: Verilog-2006: [D:/ZGTC/Work/ccc/source/fei_eth/eth_img_rec.v(line number: 17)] Ansi_parameter force parameter in body to localparam
W: Verilog-2006: [D:/ZGTC/Work/ccc/source/fei_eth/eth_img_rec.v(line number: 18)] Ansi_parameter force parameter in body to localparam
W: Verilog-2006: [D:/ZGTC/Work/ccc/source/fei_eth/eth_img_rec.v(line number: 19)] Ansi_parameter force parameter in body to localparam
Parsing done.
Executing : .rtl_analyze -work work -include_path {D:/ZGTC/Work/ccc} D:/ZGTC/Work/ccc/source/fei_eth/eth_img_rec.v successfully.
Executing : .rtl_analyze -work work -include_path {D:/ZGTC/Work/ccc} D:/ZGTC/Work/ccc/source/fei_eth/gmii_to_rgmii.v
I: Verilog-0001: Analyzing file D:/ZGTC/Work/ccc/source/fei_eth/gmii_to_rgmii.v
I: Verilog-0002: [D:/ZGTC/Work/ccc/source/fei_eth/gmii_to_rgmii.v(line number: 3)] Analyzing module gmii_to_rgmii (library work)
Parsing done.
Executing : .rtl_analyze -work work -include_path {D:/ZGTC/Work/ccc} D:/ZGTC/Work/ccc/source/fei_eth/gmii_to_rgmii.v successfully.
Executing : .rtl_analyze -work work -include_path {D:/ZGTC/Work/ccc} D:/ZGTC/Work/ccc/source/fei_eth/udp_rx.v
I: Verilog-0001: Analyzing file D:/ZGTC/Work/ccc/source/fei_eth/udp_rx.v
I: Verilog-0002: [D:/ZGTC/Work/ccc/source/fei_eth/udp_rx.v(line number: 1)] Analyzing module udp_rx (library work)
Parsing done.
Executing : .rtl_analyze -work work -include_path {D:/ZGTC/Work/ccc} D:/ZGTC/Work/ccc/source/fei_eth/udp_rx.v successfully.
Executing : .rtl_analyze -work work -include_path {D:/ZGTC/Work/ccc} D:/ZGTC/Work/ccc/source/fei_eth/udp_top.v
I: Verilog-0001: Analyzing file D:/ZGTC/Work/ccc/source/fei_eth/udp_top.v
I: Verilog-0002: [D:/ZGTC/Work/ccc/source/fei_eth/udp_top.v(line number: 1)] Analyzing module udp_top (library work)
Parsing done.
Executing : .rtl_analyze -work work -include_path {D:/ZGTC/Work/ccc} D:/ZGTC/Work/ccc/source/fei_eth/udp_top.v successfully.
Executing : .rtl_analyze -work work -include_path {D:/ZGTC/Work/ccc} D:/ZGTC/Work/ccc/source/fei_eth/udp_tx.v
I: Verilog-0001: Analyzing file D:/ZGTC/Work/ccc/source/fei_eth/udp_tx.v
I: Verilog-0002: [D:/ZGTC/Work/ccc/source/fei_eth/udp_tx.v(line number: 1)] Analyzing module udp_tx (library work)
Parsing done.
Executing : .rtl_analyze -work work -include_path {D:/ZGTC/Work/ccc} D:/ZGTC/Work/ccc/source/fei_eth/udp_tx.v successfully.
Executing : .rtl_analyze -work work -include_path {D:/ZGTC/Work/ccc} D:/ZGTC/Work/ccc/source/fei_eth/vesa_debug.v
I: Verilog-0001: Analyzing file D:/ZGTC/Work/ccc/source/fei_eth/vesa_debug.v
I: Verilog-0002: [D:/ZGTC/Work/ccc/source/fei_eth/vesa_debug.v(line number: 1)] Analyzing module vesa_debug (library work)
Parsing done.
Executing : .rtl_analyze -work work -include_path {D:/ZGTC/Work/ccc} D:/ZGTC/Work/ccc/source/fei_eth/vesa_debug.v successfully.
Executing : .rtl_analyze -work work -include_path {D:/ZGTC/Work/ccc} D:/ZGTC/Work/ccc/source/fei_eth/rgmii_interface.v
I: Verilog-0001: Analyzing file D:/ZGTC/Work/ccc/source/fei_eth/rgmii_interface.v
I: Verilog-0002: [D:/ZGTC/Work/ccc/source/fei_eth/rgmii_interface.v(line number: 5)] Analyzing module rgmii_interface (library work)
W: Verilog-2006: [D:/ZGTC/Work/ccc/source/fei_eth/rgmii_interface.v(line number: 151)] Ansi_parameter force parameter in body to localparam
Parsing done.
Executing : .rtl_analyze -work work -include_path {D:/ZGTC/Work/ccc} D:/ZGTC/Work/ccc/source/fei_eth/rgmii_interface.v successfully.
Executing : .rtl_analyze -work work -include_path {D:/ZGTC/Work/ccc} D:/ZGTC/Work/ccc/source/dynamic_delay.v
I: Verilog-0001: Analyzing file D:/ZGTC/Work/ccc/source/dynamic_delay.v
I: Verilog-0002: [D:/ZGTC/Work/ccc/source/dynamic_delay.v(line number: 1)] Analyzing module rgmii_delay_calib (library work)
Parsing done.
Executing : .rtl_analyze -work work -include_path {D:/ZGTC/Work/ccc} D:/ZGTC/Work/ccc/source/dynamic_delay.v successfully.
Executing : .rtl_analyze -include_path {D:/ZGTC/Work/ccc} D:/ZGTC/Work/ccc/ipcore/cmos_pll/cmos_pll.v
I: Verilog-0001: Analyzing file D:/ZGTC/Work/ccc/ipcore/cmos_pll/cmos_pll.v
I: Verilog-0002: [D:/ZGTC/Work/ccc/ipcore/cmos_pll/cmos_pll.v(line number: 18)] Analyzing module cmos_pll (library work)
Parsing done.
Executing : .rtl_analyze -include_path {D:/ZGTC/Work/ccc} D:/ZGTC/Work/ccc/ipcore/cmos_pll/cmos_pll.v successfully.
Executing : .rtl_analyze -include_path {D:/ZGTC/Work/ccc} D:/ZGTC/Work/ccc/ipcore/interpolation_ram/rtl/ipm2l_sdpram_v1_10_interpolation_ram.v
I: Verilog-0001: Analyzing file D:/ZGTC/Work/ccc/ipcore/interpolation_ram/rtl/ipm2l_sdpram_v1_10_interpolation_ram.v
I: Verilog-0002: [D:/ZGTC/Work/ccc/ipcore/interpolation_ram/rtl/ipm2l_sdpram_v1_10_interpolation_ram.v(line number: 18)] Analyzing module ipm2l_sdpram_v1_10_interpolation_ram (library work)
W: Verilog-2008: [D:/ZGTC/Work/ccc/ipcore/interpolation_ram/rtl/ipm2l_sdpram_v1_10_interpolation_ram.v(line number: 350)] Ignore 'system task' $display
W: Verilog-2008: [D:/ZGTC/Work/ccc/ipcore/interpolation_ram/rtl/ipm2l_sdpram_v1_10_interpolation_ram.v(line number: 351)] Ignore 'system task' $finish
W: Verilog-2008: [D:/ZGTC/Work/ccc/ipcore/interpolation_ram/rtl/ipm2l_sdpram_v1_10_interpolation_ram.v(line number: 354)] Ignore 'system task' $display
W: Verilog-2008: [D:/ZGTC/Work/ccc/ipcore/interpolation_ram/rtl/ipm2l_sdpram_v1_10_interpolation_ram.v(line number: 358)] Ignore 'system task' $display
W: Verilog-2008: [D:/ZGTC/Work/ccc/ipcore/interpolation_ram/rtl/ipm2l_sdpram_v1_10_interpolation_ram.v(line number: 362)] Ignore 'system task' $display
W: Verilog-2008: [D:/ZGTC/Work/ccc/ipcore/interpolation_ram/rtl/ipm2l_sdpram_v1_10_interpolation_ram.v(line number: 366)] Ignore 'system task' $display
W: Verilog-2008: [D:/ZGTC/Work/ccc/ipcore/interpolation_ram/rtl/ipm2l_sdpram_v1_10_interpolation_ram.v(line number: 374)] Ignore 'system task' $display
W: Verilog-2008: [D:/ZGTC/Work/ccc/ipcore/interpolation_ram/rtl/ipm2l_sdpram_v1_10_interpolation_ram.v(line number: 375)] Ignore 'system task' $finish
W: Verilog-2008: [D:/ZGTC/Work/ccc/ipcore/interpolation_ram/rtl/ipm2l_sdpram_v1_10_interpolation_ram.v(line number: 378)] Ignore 'system task' $display
W: Verilog-2008: [D:/ZGTC/Work/ccc/ipcore/interpolation_ram/rtl/ipm2l_sdpram_v1_10_interpolation_ram.v(line number: 379)] Ignore 'system task' $finish
W: Verilog-2008: [D:/ZGTC/Work/ccc/ipcore/interpolation_ram/rtl/ipm2l_sdpram_v1_10_interpolation_ram.v(line number: 382)] Ignore 'system task' $display
W: Verilog-2008: [D:/ZGTC/Work/ccc/ipcore/interpolation_ram/rtl/ipm2l_sdpram_v1_10_interpolation_ram.v(line number: 383)] Ignore 'system task' $finish
W: Verilog-2008: [D:/ZGTC/Work/ccc/ipcore/interpolation_ram/rtl/ipm2l_sdpram_v1_10_interpolation_ram.v(line number: 386)] Ignore 'system task' $display
W: Verilog-2008: [D:/ZGTC/Work/ccc/ipcore/interpolation_ram/rtl/ipm2l_sdpram_v1_10_interpolation_ram.v(line number: 387)] Ignore 'system task' $finish
W: Verilog-2008: [D:/ZGTC/Work/ccc/ipcore/interpolation_ram/rtl/ipm2l_sdpram_v1_10_interpolation_ram.v(line number: 390)] Ignore 'system task' $display
W: Verilog-2008: [D:/ZGTC/Work/ccc/ipcore/interpolation_ram/rtl/ipm2l_sdpram_v1_10_interpolation_ram.v(line number: 391)] Ignore 'system task' $finish
W: Verilog-2008: [D:/ZGTC/Work/ccc/ipcore/interpolation_ram/rtl/ipm2l_sdpram_v1_10_interpolation_ram.v(line number: 394)] Ignore 'system task' $display
W: Verilog-2008: [D:/ZGTC/Work/ccc/ipcore/interpolation_ram/rtl/ipm2l_sdpram_v1_10_interpolation_ram.v(line number: 395)] Ignore 'system task' $finish
W: Verilog-2008: [D:/ZGTC/Work/ccc/ipcore/interpolation_ram/rtl/ipm2l_sdpram_v1_10_interpolation_ram.v(line number: 398)] Ignore 'system task' $display
W: Verilog-2008: [D:/ZGTC/Work/ccc/ipcore/interpolation_ram/rtl/ipm2l_sdpram_v1_10_interpolation_ram.v(line number: 399)] Ignore 'system task' $finish
W: Verilog-2008: [D:/ZGTC/Work/ccc/ipcore/interpolation_ram/rtl/ipm2l_sdpram_v1_10_interpolation_ram.v(line number: 402)] Ignore 'system task' $display
W: Verilog-2008: [D:/ZGTC/Work/ccc/ipcore/interpolation_ram/rtl/ipm2l_sdpram_v1_10_interpolation_ram.v(line number: 403)] Ignore 'system task' $finish
W: Verilog-2008: [D:/ZGTC/Work/ccc/ipcore/interpolation_ram/rtl/ipm2l_sdpram_v1_10_interpolation_ram.v(line number: 406)] Ignore 'system task' $display
W: Verilog-2008: [D:/ZGTC/Work/ccc/ipcore/interpolation_ram/rtl/ipm2l_sdpram_v1_10_interpolation_ram.v(line number: 407)] Ignore 'system task' $finish
W: Verilog-2008: [D:/ZGTC/Work/ccc/ipcore/interpolation_ram/rtl/ipm2l_sdpram_v1_10_interpolation_ram.v(line number: 410)] Ignore 'system task' $display
W: Verilog-2008: [D:/ZGTC/Work/ccc/ipcore/interpolation_ram/rtl/ipm2l_sdpram_v1_10_interpolation_ram.v(line number: 411)] Ignore 'system task' $finish
W: Verilog-2008: [D:/ZGTC/Work/ccc/ipcore/interpolation_ram/rtl/ipm2l_sdpram_v1_10_interpolation_ram.v(line number: 414)] Ignore 'system task' $display
W: Verilog-2008: [D:/ZGTC/Work/ccc/ipcore/interpolation_ram/rtl/ipm2l_sdpram_v1_10_interpolation_ram.v(line number: 415)] Ignore 'system task' $finish
W: Verilog-2008: [D:/ZGTC/Work/ccc/ipcore/interpolation_ram/rtl/ipm2l_sdpram_v1_10_interpolation_ram.v(line number: 418)] Ignore 'system task' $display
W: Verilog-2008: [D:/ZGTC/Work/ccc/ipcore/interpolation_ram/rtl/ipm2l_sdpram_v1_10_interpolation_ram.v(line number: 419)] Ignore 'system task' $finish
W: Verilog-2008: [D:/ZGTC/Work/ccc/ipcore/interpolation_ram/rtl/ipm2l_sdpram_v1_10_interpolation_ram.v(line number: 422)] Ignore 'system task' $display
W: Verilog-2008: [D:/ZGTC/Work/ccc/ipcore/interpolation_ram/rtl/ipm2l_sdpram_v1_10_interpolation_ram.v(line number: 423)] Ignore 'system task' $finish
W: Verilog-2008: [D:/ZGTC/Work/ccc/ipcore/interpolation_ram/rtl/ipm2l_sdpram_v1_10_interpolation_ram.v(line number: 426)] Ignore 'system task' $display
W: Verilog-2008: [D:/ZGTC/Work/ccc/ipcore/interpolation_ram/rtl/ipm2l_sdpram_v1_10_interpolation_ram.v(line number: 427)] Ignore 'system task' $finish
W: Verilog-2008: [D:/ZGTC/Work/ccc/ipcore/interpolation_ram/rtl/ipm2l_sdpram_v1_10_interpolation_ram.v(line number: 430)] Ignore 'system task' $display
W: Verilog-2008: [D:/ZGTC/Work/ccc/ipcore/interpolation_ram/rtl/ipm2l_sdpram_v1_10_interpolation_ram.v(line number: 431)] Ignore 'system task' $finish
W: Verilog-2008: [D:/ZGTC/Work/ccc/ipcore/interpolation_ram/rtl/ipm2l_sdpram_v1_10_interpolation_ram.v(line number: 434)] Ignore 'system task' $display
W: Verilog-2008: [D:/ZGTC/Work/ccc/ipcore/interpolation_ram/rtl/ipm2l_sdpram_v1_10_interpolation_ram.v(line number: 435)] Ignore 'system task' $finish
W: Verilog-2008: [D:/ZGTC/Work/ccc/ipcore/interpolation_ram/rtl/ipm2l_sdpram_v1_10_interpolation_ram.v(line number: 438)] Ignore 'system task' $display
W: Verilog-2008: [D:/ZGTC/Work/ccc/ipcore/interpolation_ram/rtl/ipm2l_sdpram_v1_10_interpolation_ram.v(line number: 439)] Ignore 'system task' $finish
W: Verilog-2008: [D:/ZGTC/Work/ccc/ipcore/interpolation_ram/rtl/ipm2l_sdpram_v1_10_interpolation_ram.v(line number: 443)] Ignore 'system task' $display
W: Verilog-2008: [D:/ZGTC/Work/ccc/ipcore/interpolation_ram/rtl/ipm2l_sdpram_v1_10_interpolation_ram.v(line number: 444)] Ignore 'system task' $finish
W: Verilog-2008: [D:/ZGTC/Work/ccc/ipcore/interpolation_ram/rtl/ipm2l_sdpram_v1_10_interpolation_ram.v(line number: 447)] Ignore 'system task' $display
W: Verilog-2008: [D:/ZGTC/Work/ccc/ipcore/interpolation_ram/rtl/ipm2l_sdpram_v1_10_interpolation_ram.v(line number: 448)] Ignore 'system task' $finish
W: Verilog-2008: [D:/ZGTC/Work/ccc/ipcore/interpolation_ram/rtl/ipm2l_sdpram_v1_10_interpolation_ram.v(line number: 452)] Ignore 'system task' $display
W: Verilog-2008: [D:/ZGTC/Work/ccc/ipcore/interpolation_ram/rtl/ipm2l_sdpram_v1_10_interpolation_ram.v(line number: 453)] Ignore 'system task' $finish
W: Verilog-2008: [D:/ZGTC/Work/ccc/ipcore/interpolation_ram/rtl/ipm2l_sdpram_v1_10_interpolation_ram.v(line number: 458)] Ignore 'system task' $display
W: Verilog-2008: [D:/ZGTC/Work/ccc/ipcore/interpolation_ram/rtl/ipm2l_sdpram_v1_10_interpolation_ram.v(line number: 459)] Ignore 'system task' $finish
W: Verilog-2008: [D:/ZGTC/Work/ccc/ipcore/interpolation_ram/rtl/ipm2l_sdpram_v1_10_interpolation_ram.v(line number: 462)] Ignore 'system task' $display
W: Verilog-2008: [D:/ZGTC/Work/ccc/ipcore/interpolation_ram/rtl/ipm2l_sdpram_v1_10_interpolation_ram.v(line number: 463)] Ignore 'system task' $finish
W: Verilog-2008: [D:/ZGTC/Work/ccc/ipcore/interpolation_ram/rtl/ipm2l_sdpram_v1_10_interpolation_ram.v(line number: 466)] Ignore 'system task' $display
W: Verilog-2008: [D:/ZGTC/Work/ccc/ipcore/interpolation_ram/rtl/ipm2l_sdpram_v1_10_interpolation_ram.v(line number: 467)] Ignore 'system task' $finish
W: Verilog-2008: [D:/ZGTC/Work/ccc/ipcore/interpolation_ram/rtl/ipm2l_sdpram_v1_10_interpolation_ram.v(line number: 472)] Ignore 'system task' $display
W: Verilog-2008: [D:/ZGTC/Work/ccc/ipcore/interpolation_ram/rtl/ipm2l_sdpram_v1_10_interpolation_ram.v(line number: 473)] Ignore 'system task' $finish
Parsing done.
Executing : .rtl_analyze -include_path {D:/ZGTC/Work/ccc} D:/ZGTC/Work/ccc/ipcore/interpolation_ram/rtl/ipm2l_sdpram_v1_10_interpolation_ram.v successfully.
Executing : .rtl_analyze -include_path {D:/ZGTC/Work/ccc} D:/ZGTC/Work/ccc/ipcore/interpolation_ram/interpolation_ram.v
I: Verilog-0001: Analyzing file D:/ZGTC/Work/ccc/ipcore/interpolation_ram/interpolation_ram.v
I: Verilog-0002: [D:/ZGTC/Work/ccc/ipcore/interpolation_ram/interpolation_ram.v(line number: 16)] Analyzing module interpolation_ram (library work)
Parsing done.
Executing : .rtl_analyze -include_path {D:/ZGTC/Work/ccc} D:/ZGTC/Work/ccc/ipcore/interpolation_ram/interpolation_ram.v successfully.
Executing : .rtl_analyze -include_path {D:/ZGTC/Work/ccc} D:/ZGTC/Work/ccc/ipcore/pll/pll.v
I: Verilog-0001: Analyzing file D:/ZGTC/Work/ccc/ipcore/pll/pll.v
I: Verilog-0002: [D:/ZGTC/Work/ccc/ipcore/pll/pll.v(line number: 18)] Analyzing module pll (library work)
Parsing done.
Executing : .rtl_analyze -include_path {D:/ZGTC/Work/ccc} D:/ZGTC/Work/ccc/ipcore/pll/pll.v successfully.
Executing : .rtl_analyze -include_path {D:/ZGTC/Work/ccc} D:/ZGTC/Work/ccc/ipcore/read_ddr_fifo/rtl/ipm2l_fifo_ctrl_v1_1_read_ddr_fifo.v
I: Verilog-0001: Analyzing file D:/ZGTC/Work/ccc/ipcore/read_ddr_fifo/rtl/ipm2l_fifo_ctrl_v1_1_read_ddr_fifo.v
I: Verilog-0002: [D:/ZGTC/Work/ccc/ipcore/read_ddr_fifo/rtl/ipm2l_fifo_ctrl_v1_1_read_ddr_fifo.v(line number: 18)] Analyzing module ipm2l_fifo_ctrl_v1_1_read_ddr_fifo (library work)
I: [D:/ZGTC/Work/ccc/ipcore/read_ddr_fifo/rtl/ipm2l_fifo_ctrl_v1_1_read_ddr_fifo.v(line number: 46)] Convert attribute name from syn_preserve to PAP_PRESERVE
I: [D:/ZGTC/Work/ccc/ipcore/read_ddr_fifo/rtl/ipm2l_fifo_ctrl_v1_1_read_ddr_fifo.v(line number: 48)] Convert attribute name from syn_preserve to PAP_PRESERVE
I: [D:/ZGTC/Work/ccc/ipcore/read_ddr_fifo/rtl/ipm2l_fifo_ctrl_v1_1_read_ddr_fifo.v(line number: 59)] Convert attribute name from syn_preserve to PAP_PRESERVE
I: [D:/ZGTC/Work/ccc/ipcore/read_ddr_fifo/rtl/ipm2l_fifo_ctrl_v1_1_read_ddr_fifo.v(line number: 61)] Convert attribute name from syn_preserve to PAP_PRESERVE
Parsing done.
Executing : .rtl_analyze -include_path {D:/ZGTC/Work/ccc} D:/ZGTC/Work/ccc/ipcore/read_ddr_fifo/rtl/ipm2l_fifo_ctrl_v1_1_read_ddr_fifo.v successfully.
Executing : .rtl_analyze -include_path {D:/ZGTC/Work/ccc} D:/ZGTC/Work/ccc/ipcore/read_ddr_fifo/rtl/ipm2l_sdpram_v1_10_read_ddr_fifo.v
I: Verilog-0001: Analyzing file D:/ZGTC/Work/ccc/ipcore/read_ddr_fifo/rtl/ipm2l_sdpram_v1_10_read_ddr_fifo.v
I: Verilog-0002: [D:/ZGTC/Work/ccc/ipcore/read_ddr_fifo/rtl/ipm2l_sdpram_v1_10_read_ddr_fifo.v(line number: 18)] Analyzing module ipm2l_sdpram_v1_10_read_ddr_fifo (library work)
W: Verilog-2008: [D:/ZGTC/Work/ccc/ipcore/read_ddr_fifo/rtl/ipm2l_sdpram_v1_10_read_ddr_fifo.v(line number: 349)] Ignore 'system task' $display
W: Verilog-2008: [D:/ZGTC/Work/ccc/ipcore/read_ddr_fifo/rtl/ipm2l_sdpram_v1_10_read_ddr_fifo.v(line number: 350)] Ignore 'system task' $finish
W: Verilog-2008: [D:/ZGTC/Work/ccc/ipcore/read_ddr_fifo/rtl/ipm2l_sdpram_v1_10_read_ddr_fifo.v(line number: 353)] Ignore 'system task' $display
W: Verilog-2008: [D:/ZGTC/Work/ccc/ipcore/read_ddr_fifo/rtl/ipm2l_sdpram_v1_10_read_ddr_fifo.v(line number: 357)] Ignore 'system task' $display
W: Verilog-2008: [D:/ZGTC/Work/ccc/ipcore/read_ddr_fifo/rtl/ipm2l_sdpram_v1_10_read_ddr_fifo.v(line number: 361)] Ignore 'system task' $display
W: Verilog-2008: [D:/ZGTC/Work/ccc/ipcore/read_ddr_fifo/rtl/ipm2l_sdpram_v1_10_read_ddr_fifo.v(line number: 365)] Ignore 'system task' $display
W: Verilog-2008: [D:/ZGTC/Work/ccc/ipcore/read_ddr_fifo/rtl/ipm2l_sdpram_v1_10_read_ddr_fifo.v(line number: 373)] Ignore 'system task' $display
W: Verilog-2008: [D:/ZGTC/Work/ccc/ipcore/read_ddr_fifo/rtl/ipm2l_sdpram_v1_10_read_ddr_fifo.v(line number: 374)] Ignore 'system task' $finish
W: Verilog-2008: [D:/ZGTC/Work/ccc/ipcore/read_ddr_fifo/rtl/ipm2l_sdpram_v1_10_read_ddr_fifo.v(line number: 377)] Ignore 'system task' $display
W: Verilog-2008: [D:/ZGTC/Work/ccc/ipcore/read_ddr_fifo/rtl/ipm2l_sdpram_v1_10_read_ddr_fifo.v(line number: 378)] Ignore 'system task' $finish
W: Verilog-2008: [D:/ZGTC/Work/ccc/ipcore/read_ddr_fifo/rtl/ipm2l_sdpram_v1_10_read_ddr_fifo.v(line number: 381)] Ignore 'system task' $display
W: Verilog-2008: [D:/ZGTC/Work/ccc/ipcore/read_ddr_fifo/rtl/ipm2l_sdpram_v1_10_read_ddr_fifo.v(line number: 382)] Ignore 'system task' $finish
W: Verilog-2008: [D:/ZGTC/Work/ccc/ipcore/read_ddr_fifo/rtl/ipm2l_sdpram_v1_10_read_ddr_fifo.v(line number: 385)] Ignore 'system task' $display
W: Verilog-2008: [D:/ZGTC/Work/ccc/ipcore/read_ddr_fifo/rtl/ipm2l_sdpram_v1_10_read_ddr_fifo.v(line number: 386)] Ignore 'system task' $finish
W: Verilog-2008: [D:/ZGTC/Work/ccc/ipcore/read_ddr_fifo/rtl/ipm2l_sdpram_v1_10_read_ddr_fifo.v(line number: 389)] Ignore 'system task' $display
W: Verilog-2008: [D:/ZGTC/Work/ccc/ipcore/read_ddr_fifo/rtl/ipm2l_sdpram_v1_10_read_ddr_fifo.v(line number: 390)] Ignore 'system task' $finish
W: Verilog-2008: [D:/ZGTC/Work/ccc/ipcore/read_ddr_fifo/rtl/ipm2l_sdpram_v1_10_read_ddr_fifo.v(line number: 393)] Ignore 'system task' $display
W: Verilog-2008: [D:/ZGTC/Work/ccc/ipcore/read_ddr_fifo/rtl/ipm2l_sdpram_v1_10_read_ddr_fifo.v(line number: 394)] Ignore 'system task' $finish
W: Verilog-2008: [D:/ZGTC/Work/ccc/ipcore/read_ddr_fifo/rtl/ipm2l_sdpram_v1_10_read_ddr_fifo.v(line number: 397)] Ignore 'system task' $display
W: Verilog-2008: [D:/ZGTC/Work/ccc/ipcore/read_ddr_fifo/rtl/ipm2l_sdpram_v1_10_read_ddr_fifo.v(line number: 398)] Ignore 'system task' $finish
W: Verilog-2008: [D:/ZGTC/Work/ccc/ipcore/read_ddr_fifo/rtl/ipm2l_sdpram_v1_10_read_ddr_fifo.v(line number: 401)] Ignore 'system task' $display
W: Verilog-2008: [D:/ZGTC/Work/ccc/ipcore/read_ddr_fifo/rtl/ipm2l_sdpram_v1_10_read_ddr_fifo.v(line number: 402)] Ignore 'system task' $finish
W: Verilog-2008: [D:/ZGTC/Work/ccc/ipcore/read_ddr_fifo/rtl/ipm2l_sdpram_v1_10_read_ddr_fifo.v(line number: 405)] Ignore 'system task' $display
W: Verilog-2008: [D:/ZGTC/Work/ccc/ipcore/read_ddr_fifo/rtl/ipm2l_sdpram_v1_10_read_ddr_fifo.v(line number: 406)] Ignore 'system task' $finish
W: Verilog-2008: [D:/ZGTC/Work/ccc/ipcore/read_ddr_fifo/rtl/ipm2l_sdpram_v1_10_read_ddr_fifo.v(line number: 409)] Ignore 'system task' $display
W: Verilog-2008: [D:/ZGTC/Work/ccc/ipcore/read_ddr_fifo/rtl/ipm2l_sdpram_v1_10_read_ddr_fifo.v(line number: 410)] Ignore 'system task' $finish
W: Verilog-2008: [D:/ZGTC/Work/ccc/ipcore/read_ddr_fifo/rtl/ipm2l_sdpram_v1_10_read_ddr_fifo.v(line number: 413)] Ignore 'system task' $display
W: Verilog-2008: [D:/ZGTC/Work/ccc/ipcore/read_ddr_fifo/rtl/ipm2l_sdpram_v1_10_read_ddr_fifo.v(line number: 414)] Ignore 'system task' $finish
W: Verilog-2008: [D:/ZGTC/Work/ccc/ipcore/read_ddr_fifo/rtl/ipm2l_sdpram_v1_10_read_ddr_fifo.v(line number: 417)] Ignore 'system task' $display
W: Verilog-2008: [D:/ZGTC/Work/ccc/ipcore/read_ddr_fifo/rtl/ipm2l_sdpram_v1_10_read_ddr_fifo.v(line number: 418)] Ignore 'system task' $finish
W: Verilog-2008: [D:/ZGTC/Work/ccc/ipcore/read_ddr_fifo/rtl/ipm2l_sdpram_v1_10_read_ddr_fifo.v(line number: 421)] Ignore 'system task' $display
W: Verilog-2008: [D:/ZGTC/Work/ccc/ipcore/read_ddr_fifo/rtl/ipm2l_sdpram_v1_10_read_ddr_fifo.v(line number: 422)] Ignore 'system task' $finish
W: Verilog-2008: [D:/ZGTC/Work/ccc/ipcore/read_ddr_fifo/rtl/ipm2l_sdpram_v1_10_read_ddr_fifo.v(line number: 425)] Ignore 'system task' $display
W: Verilog-2008: [D:/ZGTC/Work/ccc/ipcore/read_ddr_fifo/rtl/ipm2l_sdpram_v1_10_read_ddr_fifo.v(line number: 426)] Ignore 'system task' $finish
W: Verilog-2008: [D:/ZGTC/Work/ccc/ipcore/read_ddr_fifo/rtl/ipm2l_sdpram_v1_10_read_ddr_fifo.v(line number: 429)] Ignore 'system task' $display
W: Verilog-2008: [D:/ZGTC/Work/ccc/ipcore/read_ddr_fifo/rtl/ipm2l_sdpram_v1_10_read_ddr_fifo.v(line number: 430)] Ignore 'system task' $finish
W: Verilog-2008: [D:/ZGTC/Work/ccc/ipcore/read_ddr_fifo/rtl/ipm2l_sdpram_v1_10_read_ddr_fifo.v(line number: 433)] Ignore 'system task' $display
W: Verilog-2008: [D:/ZGTC/Work/ccc/ipcore/read_ddr_fifo/rtl/ipm2l_sdpram_v1_10_read_ddr_fifo.v(line number: 434)] Ignore 'system task' $finish
W: Verilog-2008: [D:/ZGTC/Work/ccc/ipcore/read_ddr_fifo/rtl/ipm2l_sdpram_v1_10_read_ddr_fifo.v(line number: 437)] Ignore 'system task' $display
W: Verilog-2008: [D:/ZGTC/Work/ccc/ipcore/read_ddr_fifo/rtl/ipm2l_sdpram_v1_10_read_ddr_fifo.v(line number: 438)] Ignore 'system task' $finish
W: Verilog-2008: [D:/ZGTC/Work/ccc/ipcore/read_ddr_fifo/rtl/ipm2l_sdpram_v1_10_read_ddr_fifo.v(line number: 442)] Ignore 'system task' $display
W: Verilog-2008: [D:/ZGTC/Work/ccc/ipcore/read_ddr_fifo/rtl/ipm2l_sdpram_v1_10_read_ddr_fifo.v(line number: 443)] Ignore 'system task' $finish
W: Verilog-2008: [D:/ZGTC/Work/ccc/ipcore/read_ddr_fifo/rtl/ipm2l_sdpram_v1_10_read_ddr_fifo.v(line number: 446)] Ignore 'system task' $display
W: Verilog-2008: [D:/ZGTC/Work/ccc/ipcore/read_ddr_fifo/rtl/ipm2l_sdpram_v1_10_read_ddr_fifo.v(line number: 447)] Ignore 'system task' $finish
W: Verilog-2008: [D:/ZGTC/Work/ccc/ipcore/read_ddr_fifo/rtl/ipm2l_sdpram_v1_10_read_ddr_fifo.v(line number: 451)] Ignore 'system task' $display
W: Verilog-2008: [D:/ZGTC/Work/ccc/ipcore/read_ddr_fifo/rtl/ipm2l_sdpram_v1_10_read_ddr_fifo.v(line number: 452)] Ignore 'system task' $finish
W: Verilog-2008: [D:/ZGTC/Work/ccc/ipcore/read_ddr_fifo/rtl/ipm2l_sdpram_v1_10_read_ddr_fifo.v(line number: 457)] Ignore 'system task' $display
W: Verilog-2008: [D:/ZGTC/Work/ccc/ipcore/read_ddr_fifo/rtl/ipm2l_sdpram_v1_10_read_ddr_fifo.v(line number: 458)] Ignore 'system task' $finish
W: Verilog-2008: [D:/ZGTC/Work/ccc/ipcore/read_ddr_fifo/rtl/ipm2l_sdpram_v1_10_read_ddr_fifo.v(line number: 461)] Ignore 'system task' $display
W: Verilog-2008: [D:/ZGTC/Work/ccc/ipcore/read_ddr_fifo/rtl/ipm2l_sdpram_v1_10_read_ddr_fifo.v(line number: 462)] Ignore 'system task' $finish
W: Verilog-2008: [D:/ZGTC/Work/ccc/ipcore/read_ddr_fifo/rtl/ipm2l_sdpram_v1_10_read_ddr_fifo.v(line number: 465)] Ignore 'system task' $display
W: Verilog-2008: [D:/ZGTC/Work/ccc/ipcore/read_ddr_fifo/rtl/ipm2l_sdpram_v1_10_read_ddr_fifo.v(line number: 466)] Ignore 'system task' $finish
W: Verilog-2008: [D:/ZGTC/Work/ccc/ipcore/read_ddr_fifo/rtl/ipm2l_sdpram_v1_10_read_ddr_fifo.v(line number: 471)] Ignore 'system task' $display
W: Verilog-2008: [D:/ZGTC/Work/ccc/ipcore/read_ddr_fifo/rtl/ipm2l_sdpram_v1_10_read_ddr_fifo.v(line number: 472)] Ignore 'system task' $finish
Parsing done.
Executing : .rtl_analyze -include_path {D:/ZGTC/Work/ccc} D:/ZGTC/Work/ccc/ipcore/read_ddr_fifo/rtl/ipm2l_sdpram_v1_10_read_ddr_fifo.v successfully.
Executing : .rtl_analyze -include_path {D:/ZGTC/Work/ccc} D:/ZGTC/Work/ccc/ipcore/read_ddr_fifo/rtl/ipm2l_fifo_v1_10_read_ddr_fifo.v
I: Verilog-0001: Analyzing file D:/ZGTC/Work/ccc/ipcore/read_ddr_fifo/rtl/ipm2l_fifo_v1_10_read_ddr_fifo.v
I: Verilog-0002: [D:/ZGTC/Work/ccc/ipcore/read_ddr_fifo/rtl/ipm2l_fifo_v1_10_read_ddr_fifo.v(line number: 19)] Analyzing module ipm2l_fifo_v1_10_read_ddr_fifo (library work)
Parsing done.
Executing : .rtl_analyze -include_path {D:/ZGTC/Work/ccc} D:/ZGTC/Work/ccc/ipcore/read_ddr_fifo/rtl/ipm2l_fifo_v1_10_read_ddr_fifo.v successfully.
Executing : .rtl_analyze -include_path {D:/ZGTC/Work/ccc} D:/ZGTC/Work/ccc/ipcore/read_ddr_fifo/read_ddr_fifo.v
I: Verilog-0001: Analyzing file D:/ZGTC/Work/ccc/ipcore/read_ddr_fifo/read_ddr_fifo.v
I: Verilog-0002: [D:/ZGTC/Work/ccc/ipcore/read_ddr_fifo/read_ddr_fifo.v(line number: 16)] Analyzing module read_ddr_fifo (library work)
Parsing done.
Executing : .rtl_analyze -include_path {D:/ZGTC/Work/ccc} D:/ZGTC/Work/ccc/ipcore/read_ddr_fifo/read_ddr_fifo.v successfully.
Executing : .rtl_analyze -include_path {D:/ZGTC/Work/ccc} D:/ZGTC/Work/ccc/ipcore/write_ddr_fifo/rtl/ipm2l_fifo_ctrl_v1_1_write_ddr_fifo.v
I: Verilog-0001: Analyzing file D:/ZGTC/Work/ccc/ipcore/write_ddr_fifo/rtl/ipm2l_fifo_ctrl_v1_1_write_ddr_fifo.v
I: Verilog-0002: [D:/ZGTC/Work/ccc/ipcore/write_ddr_fifo/rtl/ipm2l_fifo_ctrl_v1_1_write_ddr_fifo.v(line number: 18)] Analyzing module ipm2l_fifo_ctrl_v1_1_write_ddr_fifo (library work)
I: [D:/ZGTC/Work/ccc/ipcore/write_ddr_fifo/rtl/ipm2l_fifo_ctrl_v1_1_write_ddr_fifo.v(line number: 46)] Convert attribute name from syn_preserve to PAP_PRESERVE
I: [D:/ZGTC/Work/ccc/ipcore/write_ddr_fifo/rtl/ipm2l_fifo_ctrl_v1_1_write_ddr_fifo.v(line number: 48)] Convert attribute name from syn_preserve to PAP_PRESERVE
I: [D:/ZGTC/Work/ccc/ipcore/write_ddr_fifo/rtl/ipm2l_fifo_ctrl_v1_1_write_ddr_fifo.v(line number: 59)] Convert attribute name from syn_preserve to PAP_PRESERVE
I: [D:/ZGTC/Work/ccc/ipcore/write_ddr_fifo/rtl/ipm2l_fifo_ctrl_v1_1_write_ddr_fifo.v(line number: 61)] Convert attribute name from syn_preserve to PAP_PRESERVE
Parsing done.
Executing : .rtl_analyze -include_path {D:/ZGTC/Work/ccc} D:/ZGTC/Work/ccc/ipcore/write_ddr_fifo/rtl/ipm2l_fifo_ctrl_v1_1_write_ddr_fifo.v successfully.
Executing : .rtl_analyze -include_path {D:/ZGTC/Work/ccc} D:/ZGTC/Work/ccc/ipcore/write_ddr_fifo/rtl/ipm2l_sdpram_v1_10_write_ddr_fifo.v
I: Verilog-0001: Analyzing file D:/ZGTC/Work/ccc/ipcore/write_ddr_fifo/rtl/ipm2l_sdpram_v1_10_write_ddr_fifo.v
I: Verilog-0002: [D:/ZGTC/Work/ccc/ipcore/write_ddr_fifo/rtl/ipm2l_sdpram_v1_10_write_ddr_fifo.v(line number: 18)] Analyzing module ipm2l_sdpram_v1_10_write_ddr_fifo (library work)
W: Verilog-2008: [D:/ZGTC/Work/ccc/ipcore/write_ddr_fifo/rtl/ipm2l_sdpram_v1_10_write_ddr_fifo.v(line number: 349)] Ignore 'system task' $display
W: Verilog-2008: [D:/ZGTC/Work/ccc/ipcore/write_ddr_fifo/rtl/ipm2l_sdpram_v1_10_write_ddr_fifo.v(line number: 350)] Ignore 'system task' $finish
W: Verilog-2008: [D:/ZGTC/Work/ccc/ipcore/write_ddr_fifo/rtl/ipm2l_sdpram_v1_10_write_ddr_fifo.v(line number: 353)] Ignore 'system task' $display
W: Verilog-2008: [D:/ZGTC/Work/ccc/ipcore/write_ddr_fifo/rtl/ipm2l_sdpram_v1_10_write_ddr_fifo.v(line number: 357)] Ignore 'system task' $display
W: Verilog-2008: [D:/ZGTC/Work/ccc/ipcore/write_ddr_fifo/rtl/ipm2l_sdpram_v1_10_write_ddr_fifo.v(line number: 361)] Ignore 'system task' $display
W: Verilog-2008: [D:/ZGTC/Work/ccc/ipcore/write_ddr_fifo/rtl/ipm2l_sdpram_v1_10_write_ddr_fifo.v(line number: 365)] Ignore 'system task' $display
W: Verilog-2008: [D:/ZGTC/Work/ccc/ipcore/write_ddr_fifo/rtl/ipm2l_sdpram_v1_10_write_ddr_fifo.v(line number: 373)] Ignore 'system task' $display
W: Verilog-2008: [D:/ZGTC/Work/ccc/ipcore/write_ddr_fifo/rtl/ipm2l_sdpram_v1_10_write_ddr_fifo.v(line number: 374)] Ignore 'system task' $finish
W: Verilog-2008: [D:/ZGTC/Work/ccc/ipcore/write_ddr_fifo/rtl/ipm2l_sdpram_v1_10_write_ddr_fifo.v(line number: 377)] Ignore 'system task' $display
W: Verilog-2008: [D:/ZGTC/Work/ccc/ipcore/write_ddr_fifo/rtl/ipm2l_sdpram_v1_10_write_ddr_fifo.v(line number: 378)] Ignore 'system task' $finish
W: Verilog-2008: [D:/ZGTC/Work/ccc/ipcore/write_ddr_fifo/rtl/ipm2l_sdpram_v1_10_write_ddr_fifo.v(line number: 381)] Ignore 'system task' $display
W: Verilog-2008: [D:/ZGTC/Work/ccc/ipcore/write_ddr_fifo/rtl/ipm2l_sdpram_v1_10_write_ddr_fifo.v(line number: 382)] Ignore 'system task' $finish
W: Verilog-2008: [D:/ZGTC/Work/ccc/ipcore/write_ddr_fifo/rtl/ipm2l_sdpram_v1_10_write_ddr_fifo.v(line number: 385)] Ignore 'system task' $display
W: Verilog-2008: [D:/ZGTC/Work/ccc/ipcore/write_ddr_fifo/rtl/ipm2l_sdpram_v1_10_write_ddr_fifo.v(line number: 386)] Ignore 'system task' $finish
W: Verilog-2008: [D:/ZGTC/Work/ccc/ipcore/write_ddr_fifo/rtl/ipm2l_sdpram_v1_10_write_ddr_fifo.v(line number: 389)] Ignore 'system task' $display
W: Verilog-2008: [D:/ZGTC/Work/ccc/ipcore/write_ddr_fifo/rtl/ipm2l_sdpram_v1_10_write_ddr_fifo.v(line number: 390)] Ignore 'system task' $finish
W: Verilog-2008: [D:/ZGTC/Work/ccc/ipcore/write_ddr_fifo/rtl/ipm2l_sdpram_v1_10_write_ddr_fifo.v(line number: 393)] Ignore 'system task' $display
W: Verilog-2008: [D:/ZGTC/Work/ccc/ipcore/write_ddr_fifo/rtl/ipm2l_sdpram_v1_10_write_ddr_fifo.v(line number: 394)] Ignore 'system task' $finish
W: Verilog-2008: [D:/ZGTC/Work/ccc/ipcore/write_ddr_fifo/rtl/ipm2l_sdpram_v1_10_write_ddr_fifo.v(line number: 397)] Ignore 'system task' $display
W: Verilog-2008: [D:/ZGTC/Work/ccc/ipcore/write_ddr_fifo/rtl/ipm2l_sdpram_v1_10_write_ddr_fifo.v(line number: 398)] Ignore 'system task' $finish
W: Verilog-2008: [D:/ZGTC/Work/ccc/ipcore/write_ddr_fifo/rtl/ipm2l_sdpram_v1_10_write_ddr_fifo.v(line number: 401)] Ignore 'system task' $display
W: Verilog-2008: [D:/ZGTC/Work/ccc/ipcore/write_ddr_fifo/rtl/ipm2l_sdpram_v1_10_write_ddr_fifo.v(line number: 402)] Ignore 'system task' $finish
W: Verilog-2008: [D:/ZGTC/Work/ccc/ipcore/write_ddr_fifo/rtl/ipm2l_sdpram_v1_10_write_ddr_fifo.v(line number: 405)] Ignore 'system task' $display
W: Verilog-2008: [D:/ZGTC/Work/ccc/ipcore/write_ddr_fifo/rtl/ipm2l_sdpram_v1_10_write_ddr_fifo.v(line number: 406)] Ignore 'system task' $finish
W: Verilog-2008: [D:/ZGTC/Work/ccc/ipcore/write_ddr_fifo/rtl/ipm2l_sdpram_v1_10_write_ddr_fifo.v(line number: 409)] Ignore 'system task' $display
W: Verilog-2008: [D:/ZGTC/Work/ccc/ipcore/write_ddr_fifo/rtl/ipm2l_sdpram_v1_10_write_ddr_fifo.v(line number: 410)] Ignore 'system task' $finish
W: Verilog-2008: [D:/ZGTC/Work/ccc/ipcore/write_ddr_fifo/rtl/ipm2l_sdpram_v1_10_write_ddr_fifo.v(line number: 413)] Ignore 'system task' $display
W: Verilog-2008: [D:/ZGTC/Work/ccc/ipcore/write_ddr_fifo/rtl/ipm2l_sdpram_v1_10_write_ddr_fifo.v(line number: 414)] Ignore 'system task' $finish
W: Verilog-2008: [D:/ZGTC/Work/ccc/ipcore/write_ddr_fifo/rtl/ipm2l_sdpram_v1_10_write_ddr_fifo.v(line number: 417)] Ignore 'system task' $display
W: Verilog-2008: [D:/ZGTC/Work/ccc/ipcore/write_ddr_fifo/rtl/ipm2l_sdpram_v1_10_write_ddr_fifo.v(line number: 418)] Ignore 'system task' $finish
W: Verilog-2008: [D:/ZGTC/Work/ccc/ipcore/write_ddr_fifo/rtl/ipm2l_sdpram_v1_10_write_ddr_fifo.v(line number: 421)] Ignore 'system task' $display
W: Verilog-2008: [D:/ZGTC/Work/ccc/ipcore/write_ddr_fifo/rtl/ipm2l_sdpram_v1_10_write_ddr_fifo.v(line number: 422)] Ignore 'system task' $finish
W: Verilog-2008: [D:/ZGTC/Work/ccc/ipcore/write_ddr_fifo/rtl/ipm2l_sdpram_v1_10_write_ddr_fifo.v(line number: 425)] Ignore 'system task' $display
W: Verilog-2008: [D:/ZGTC/Work/ccc/ipcore/write_ddr_fifo/rtl/ipm2l_sdpram_v1_10_write_ddr_fifo.v(line number: 426)] Ignore 'system task' $finish
W: Verilog-2008: [D:/ZGTC/Work/ccc/ipcore/write_ddr_fifo/rtl/ipm2l_sdpram_v1_10_write_ddr_fifo.v(line number: 429)] Ignore 'system task' $display
W: Verilog-2008: [D:/ZGTC/Work/ccc/ipcore/write_ddr_fifo/rtl/ipm2l_sdpram_v1_10_write_ddr_fifo.v(line number: 430)] Ignore 'system task' $finish
W: Verilog-2008: [D:/ZGTC/Work/ccc/ipcore/write_ddr_fifo/rtl/ipm2l_sdpram_v1_10_write_ddr_fifo.v(line number: 433)] Ignore 'system task' $display
W: Verilog-2008: [D:/ZGTC/Work/ccc/ipcore/write_ddr_fifo/rtl/ipm2l_sdpram_v1_10_write_ddr_fifo.v(line number: 434)] Ignore 'system task' $finish
W: Verilog-2008: [D:/ZGTC/Work/ccc/ipcore/write_ddr_fifo/rtl/ipm2l_sdpram_v1_10_write_ddr_fifo.v(line number: 437)] Ignore 'system task' $display
W: Verilog-2008: [D:/ZGTC/Work/ccc/ipcore/write_ddr_fifo/rtl/ipm2l_sdpram_v1_10_write_ddr_fifo.v(line number: 438)] Ignore 'system task' $finish
W: Verilog-2008: [D:/ZGTC/Work/ccc/ipcore/write_ddr_fifo/rtl/ipm2l_sdpram_v1_10_write_ddr_fifo.v(line number: 442)] Ignore 'system task' $display
W: Verilog-2008: [D:/ZGTC/Work/ccc/ipcore/write_ddr_fifo/rtl/ipm2l_sdpram_v1_10_write_ddr_fifo.v(line number: 443)] Ignore 'system task' $finish
W: Verilog-2008: [D:/ZGTC/Work/ccc/ipcore/write_ddr_fifo/rtl/ipm2l_sdpram_v1_10_write_ddr_fifo.v(line number: 446)] Ignore 'system task' $display
W: Verilog-2008: [D:/ZGTC/Work/ccc/ipcore/write_ddr_fifo/rtl/ipm2l_sdpram_v1_10_write_ddr_fifo.v(line number: 447)] Ignore 'system task' $finish
W: Verilog-2008: [D:/ZGTC/Work/ccc/ipcore/write_ddr_fifo/rtl/ipm2l_sdpram_v1_10_write_ddr_fifo.v(line number: 451)] Ignore 'system task' $display
W: Verilog-2008: [D:/ZGTC/Work/ccc/ipcore/write_ddr_fifo/rtl/ipm2l_sdpram_v1_10_write_ddr_fifo.v(line number: 452)] Ignore 'system task' $finish
W: Verilog-2008: [D:/ZGTC/Work/ccc/ipcore/write_ddr_fifo/rtl/ipm2l_sdpram_v1_10_write_ddr_fifo.v(line number: 457)] Ignore 'system task' $display
W: Verilog-2008: [D:/ZGTC/Work/ccc/ipcore/write_ddr_fifo/rtl/ipm2l_sdpram_v1_10_write_ddr_fifo.v(line number: 458)] Ignore 'system task' $finish
W: Verilog-2008: [D:/ZGTC/Work/ccc/ipcore/write_ddr_fifo/rtl/ipm2l_sdpram_v1_10_write_ddr_fifo.v(line number: 461)] Ignore 'system task' $display
W: Verilog-2008: [D:/ZGTC/Work/ccc/ipcore/write_ddr_fifo/rtl/ipm2l_sdpram_v1_10_write_ddr_fifo.v(line number: 462)] Ignore 'system task' $finish
W: Verilog-2008: [D:/ZGTC/Work/ccc/ipcore/write_ddr_fifo/rtl/ipm2l_sdpram_v1_10_write_ddr_fifo.v(line number: 465)] Ignore 'system task' $display
W: Verilog-2008: [D:/ZGTC/Work/ccc/ipcore/write_ddr_fifo/rtl/ipm2l_sdpram_v1_10_write_ddr_fifo.v(line number: 466)] Ignore 'system task' $finish
W: Verilog-2008: [D:/ZGTC/Work/ccc/ipcore/write_ddr_fifo/rtl/ipm2l_sdpram_v1_10_write_ddr_fifo.v(line number: 471)] Ignore 'system task' $display
W: Verilog-2008: [D:/ZGTC/Work/ccc/ipcore/write_ddr_fifo/rtl/ipm2l_sdpram_v1_10_write_ddr_fifo.v(line number: 472)] Ignore 'system task' $finish
Parsing done.
Executing : .rtl_analyze -include_path {D:/ZGTC/Work/ccc} D:/ZGTC/Work/ccc/ipcore/write_ddr_fifo/rtl/ipm2l_sdpram_v1_10_write_ddr_fifo.v successfully.
Executing : .rtl_analyze -include_path {D:/ZGTC/Work/ccc} D:/ZGTC/Work/ccc/ipcore/write_ddr_fifo/rtl/ipm2l_fifo_v1_10_write_ddr_fifo.v
I: Verilog-0001: Analyzing file D:/ZGTC/Work/ccc/ipcore/write_ddr_fifo/rtl/ipm2l_fifo_v1_10_write_ddr_fifo.v
I: Verilog-0002: [D:/ZGTC/Work/ccc/ipcore/write_ddr_fifo/rtl/ipm2l_fifo_v1_10_write_ddr_fifo.v(line number: 19)] Analyzing module ipm2l_fifo_v1_10_write_ddr_fifo (library work)
Parsing done.
Executing : .rtl_analyze -include_path {D:/ZGTC/Work/ccc} D:/ZGTC/Work/ccc/ipcore/write_ddr_fifo/rtl/ipm2l_fifo_v1_10_write_ddr_fifo.v successfully.
Executing : .rtl_analyze -include_path {D:/ZGTC/Work/ccc} D:/ZGTC/Work/ccc/ipcore/write_ddr_fifo/write_ddr_fifo.v
I: Verilog-0001: Analyzing file D:/ZGTC/Work/ccc/ipcore/write_ddr_fifo/write_ddr_fifo.v
I: Verilog-0002: [D:/ZGTC/Work/ccc/ipcore/write_ddr_fifo/write_ddr_fifo.v(line number: 16)] Analyzing module write_ddr_fifo (library work)
Parsing done.
Executing : .rtl_analyze -include_path {D:/ZGTC/Work/ccc} D:/ZGTC/Work/ccc/ipcore/write_ddr_fifo/write_ddr_fifo.v successfully.
Executing : .rtl_analyze -include_path {D:/ZGTC/Work/ccc} D:/ZGTC/Work/ccc/ipcore/ddr3_test/rtl/ips2l_rst_sync_v1_3.vp
I: Verilog-0001: Analyzing file D:/ZGTC/Work/ccc/ipcore/ddr3_test/rtl/ips2l_rst_sync_v1_3.vp
I: Verilog-0002: [D:/ZGTC/Work/ccc/ipcore/ddr3_test/rtl/ips2l_rst_sync_v1_3.vp(line number: 59)] Analyzing module ips2l_rst_sync_v1_3 (library work)
Parsing done.
Executing : .rtl_analyze -include_path {D:/ZGTC/Work/ccc} D:/ZGTC/Work/ccc/ipcore/ddr3_test/rtl/ips2l_rst_sync_v1_3.vp successfully.
Executing : .rtl_analyze -include_path {D:/ZGTC/Work/ccc} D:/ZGTC/Work/ccc/ipcore/ddr3_test/rtl/ddrphy/ips2l_ddrphy_wrlvl_v1_0.vp
I: Verilog-0001: Analyzing file D:/ZGTC/Work/ccc/ipcore/ddr3_test/rtl/ddrphy/ips2l_ddrphy_wrlvl_v1_0.vp
I: Verilog-0002: [D:/ZGTC/Work/ccc/ipcore/ddr3_test/rtl/ddrphy/ips2l_ddrphy_wrlvl_v1_0.vp(line number: 183)] Analyzing module ips2l_ddrphy_wrlvl_v1_0 (library work)
Parsing done.
Executing : .rtl_analyze -include_path {D:/ZGTC/Work/ccc} D:/ZGTC/Work/ccc/ipcore/ddr3_test/rtl/ddrphy/ips2l_ddrphy_wrlvl_v1_0.vp successfully.
Executing : .rtl_analyze -include_path {D:/ZGTC/Work/ccc} D:/ZGTC/Work/ccc/ipcore/ddr3_test/rtl/ddrphy/ips2l_ddrphy_wrcal_v1_7.vp
I: Verilog-0001: Analyzing file D:/ZGTC/Work/ccc/ipcore/ddr3_test/rtl/ddrphy/ips2l_ddrphy_wrcal_v1_7.vp
I: Verilog-0002: [D:/ZGTC/Work/ccc/ipcore/ddr3_test/rtl/ddrphy/ips2l_ddrphy_wrcal_v1_7.vp(line number: 495)] Analyzing module ips2l_ddrphy_wrcal_v1_7 (library work)
I: [D:/ZGTC/Work/ccc/ipcore/ddr3_test/rtl/ddrphy/ips2l_ddrphy_wrcal_v1_7.vp(line number: 514)] Convert attribute name from syn_preserve to PAP_PRESERVE
I: [D:/ZGTC/Work/ccc/ipcore/ddr3_test/rtl/ddrphy/ips2l_ddrphy_wrcal_v1_7.vp(line number: 515)] Convert attribute name from syn_preserve to PAP_PRESERVE
Parsing done.
Executing : .rtl_analyze -include_path {D:/ZGTC/Work/ccc} D:/ZGTC/Work/ccc/ipcore/ddr3_test/rtl/ddrphy/ips2l_ddrphy_wrcal_v1_7.vp successfully.
Executing : .rtl_analyze -include_path {D:/ZGTC/Work/ccc} D:/ZGTC/Work/ccc/ipcore/ddr3_test/rtl/ddrphy/ips2l_ddrphy_wdata_path_adj_v1_10.vp
I: Verilog-0001: Analyzing file D:/ZGTC/Work/ccc/ipcore/ddr3_test/rtl/ddrphy/ips2l_ddrphy_wdata_path_adj_v1_10.vp
I: Verilog-0002: [D:/ZGTC/Work/ccc/ipcore/ddr3_test/rtl/ddrphy/ips2l_ddrphy_wdata_path_adj_v1_10.vp(line number: 232)] Analyzing module ips2l_ddrphy_wdata_path_adj_v1_10 (library work)
Parsing done.
Executing : .rtl_analyze -include_path {D:/ZGTC/Work/ccc} D:/ZGTC/Work/ccc/ipcore/ddr3_test/rtl/ddrphy/ips2l_ddrphy_wdata_path_adj_v1_10.vp successfully.
Executing : .rtl_analyze -include_path {D:/ZGTC/Work/ccc} D:/ZGTC/Work/ccc/ipcore/ddr3_test/rtl/ddrphy/ips2l_ddrphy_upcal_v1_0.vp
I: Verilog-0001: Analyzing file D:/ZGTC/Work/ccc/ipcore/ddr3_test/rtl/ddrphy/ips2l_ddrphy_upcal_v1_0.vp
I: Verilog-0002: [D:/ZGTC/Work/ccc/ipcore/ddr3_test/rtl/ddrphy/ips2l_ddrphy_upcal_v1_0.vp(line number: 151)] Analyzing module ips2l_ddrphy_upcal_v1_0 (library work)
Parsing done.
Executing : .rtl_analyze -include_path {D:/ZGTC/Work/ccc} D:/ZGTC/Work/ccc/ipcore/ddr3_test/rtl/ddrphy/ips2l_ddrphy_upcal_v1_0.vp successfully.
Executing : .rtl_analyze -include_path {D:/ZGTC/Work/ccc} D:/ZGTC/Work/ccc/ipcore/ddr3_test/rtl/ddrphy/ips2l_ddrphy_training_ctrl_v1_0.vp
I: Verilog-0001: Analyzing file D:/ZGTC/Work/ccc/ipcore/ddr3_test/rtl/ddrphy/ips2l_ddrphy_training_ctrl_v1_0.vp
I: Verilog-0002: [D:/ZGTC/Work/ccc/ipcore/ddr3_test/rtl/ddrphy/ips2l_ddrphy_training_ctrl_v1_0.vp(line number: 83)] Analyzing module ips2l_ddrphy_training_ctrl_v1_0 (library work)
Parsing done.
Executing : .rtl_analyze -include_path {D:/ZGTC/Work/ccc} D:/ZGTC/Work/ccc/ipcore/ddr3_test/rtl/ddrphy/ips2l_ddrphy_training_ctrl_v1_0.vp successfully.
Executing : .rtl_analyze -include_path {D:/ZGTC/Work/ccc} D:/ZGTC/Work/ccc/ipcore/ddr3_test/rtl/ddrphy/ips2l_ddrphy_slice_rddata_align_v1_0.vp
I: Verilog-0001: Analyzing file D:/ZGTC/Work/ccc/ipcore/ddr3_test/rtl/ddrphy/ips2l_ddrphy_slice_rddata_align_v1_0.vp
I: Verilog-0002: [D:/ZGTC/Work/ccc/ipcore/ddr3_test/rtl/ddrphy/ips2l_ddrphy_slice_rddata_align_v1_0.vp(line number: 108)] Analyzing module ips2l_ddrphy_slice_rddata_align_v1_0 (library work)
Parsing done.
Executing : .rtl_analyze -include_path {D:/ZGTC/Work/ccc} D:/ZGTC/Work/ccc/ipcore/ddr3_test/rtl/ddrphy/ips2l_ddrphy_slice_rddata_align_v1_0.vp successfully.
Executing : .rtl_analyze -include_path {D:/ZGTC/Work/ccc} D:/ZGTC/Work/ccc/ipcore/ddr3_test/rtl/ddrphy/ips2l_ddrphy_reset_ctrl_v1_3.vp
I: Verilog-0001: Analyzing file D:/ZGTC/Work/ccc/ipcore/ddr3_test/rtl/ddrphy/ips2l_ddrphy_reset_ctrl_v1_3.vp
I: Verilog-0002: [D:/ZGTC/Work/ccc/ipcore/ddr3_test/rtl/ddrphy/ips2l_ddrphy_reset_ctrl_v1_3.vp(line number: 268)] Analyzing module ips2l_ddrphy_reset_ctrl_v1_3 (library work)
I: [D:/ZGTC/Work/ccc/ipcore/ddr3_test/rtl/ddrphy/ips2l_ddrphy_reset_ctrl_v1_3.vp(line number: 298)] Convert attribute name from syn_preserve to PAP_PRESERVE
Parsing done.
Executing : .rtl_analyze -include_path {D:/ZGTC/Work/ccc} D:/ZGTC/Work/ccc/ipcore/ddr3_test/rtl/ddrphy/ips2l_ddrphy_reset_ctrl_v1_3.vp successfully.
Executing : .rtl_analyze -include_path {D:/ZGTC/Work/ccc} D:/ZGTC/Work/ccc/ipcore/ddr3_test/rtl/ddrphy/ips2l_ddrphy_rdcal_v1_10.vp
I: Verilog-0001: Analyzing file D:/ZGTC/Work/ccc/ipcore/ddr3_test/rtl/ddrphy/ips2l_ddrphy_rdcal_v1_10.vp
I: Verilog-0002: [D:/ZGTC/Work/ccc/ipcore/ddr3_test/rtl/ddrphy/ips2l_ddrphy_rdcal_v1_10.vp(line number: 750)] Analyzing module ips2l_ddrphy_rdcal_v1_10 (library work)
Parsing done.
Executing : .rtl_analyze -include_path {D:/ZGTC/Work/ccc} D:/ZGTC/Work/ccc/ipcore/ddr3_test/rtl/ddrphy/ips2l_ddrphy_rdcal_v1_10.vp successfully.
Executing : .rtl_analyze -include_path {D:/ZGTC/Work/ccc} D:/ZGTC/Work/ccc/ipcore/ddr3_test/rtl/ddrphy/ips2l_ddrphy_main_ctrl_v1_10.vp
I: Verilog-0001: Analyzing file D:/ZGTC/Work/ccc/ipcore/ddr3_test/rtl/ddrphy/ips2l_ddrphy_main_ctrl_v1_10.vp
I: Verilog-0002: [D:/ZGTC/Work/ccc/ipcore/ddr3_test/rtl/ddrphy/ips2l_ddrphy_main_ctrl_v1_10.vp(line number: 196)] Analyzing module ips2l_ddrphy_main_ctrl_v1_10 (library work)
Parsing done.
Executing : .rtl_analyze -include_path {D:/ZGTC/Work/ccc} D:/ZGTC/Work/ccc/ipcore/ddr3_test/rtl/ddrphy/ips2l_ddrphy_main_ctrl_v1_10.vp successfully.
Executing : .rtl_analyze -include_path {D:/ZGTC/Work/ccc} D:/ZGTC/Work/ccc/ipcore/ddr3_test/rtl/ddrphy/ips2l_ddrphy_init_v1_0.vp
I: Verilog-0001: Analyzing file D:/ZGTC/Work/ccc/ipcore/ddr3_test/rtl/ddrphy/ips2l_ddrphy_init_v1_0.vp
I: Verilog-0002: [D:/ZGTC/Work/ccc/ipcore/ddr3_test/rtl/ddrphy/ips2l_ddrphy_init_v1_0.vp(line number: 577)] Analyzing module ips2l_ddrphy_init_v1_0 (library work)
Parsing done.
Executing : .rtl_analyze -include_path {D:/ZGTC/Work/ccc} D:/ZGTC/Work/ccc/ipcore/ddr3_test/rtl/ddrphy/ips2l_ddrphy_init_v1_0.vp successfully.
Executing : .rtl_analyze -include_path {D:/ZGTC/Work/ccc} D:/ZGTC/Work/ccc/ipcore/ddr3_test/rtl/ddrphy/ips2l_ddrphy_info_v1_0.vp
I: Verilog-0001: Analyzing file D:/ZGTC/Work/ccc/ipcore/ddr3_test/rtl/ddrphy/ips2l_ddrphy_info_v1_0.vp
I: Verilog-0002: [D:/ZGTC/Work/ccc/ipcore/ddr3_test/rtl/ddrphy/ips2l_ddrphy_info_v1_0.vp(line number: 174)] Analyzing module ips2l_ddrphy_info_v1_0 (library work)
Parsing done.
Executing : .rtl_analyze -include_path {D:/ZGTC/Work/ccc} D:/ZGTC/Work/ccc/ipcore/ddr3_test/rtl/ddrphy/ips2l_ddrphy_info_v1_0.vp successfully.
Executing : .rtl_analyze -include_path {D:/ZGTC/Work/ccc} D:/ZGTC/Work/ccc/ipcore/ddr3_test/rtl/ddrphy/ips2l_ddrphy_gatecal_v1_10.vp
I: Verilog-0001: Analyzing file D:/ZGTC/Work/ccc/ipcore/ddr3_test/rtl/ddrphy/ips2l_ddrphy_gatecal_v1_10.vp
I: Verilog-0002: [D:/ZGTC/Work/ccc/ipcore/ddr3_test/rtl/ddrphy/ips2l_ddrphy_gatecal_v1_10.vp(line number: 243)] Analyzing module ips2l_ddrphy_gatecal_v1_10 (library work)
Parsing done.
Executing : .rtl_analyze -include_path {D:/ZGTC/Work/ccc} D:/ZGTC/Work/ccc/ipcore/ddr3_test/rtl/ddrphy/ips2l_ddrphy_gatecal_v1_10.vp successfully.
Executing : .rtl_analyze -include_path {D:/ZGTC/Work/ccc} D:/ZGTC/Work/ccc/ipcore/ddr3_test/rtl/ddrphy/ips2l_ddrphy_gate_update_ctrl_v1_3.vp
I: Verilog-0001: Analyzing file D:/ZGTC/Work/ccc/ipcore/ddr3_test/rtl/ddrphy/ips2l_ddrphy_gate_update_ctrl_v1_3.vp
I: Verilog-0002: [D:/ZGTC/Work/ccc/ipcore/ddr3_test/rtl/ddrphy/ips2l_ddrphy_gate_update_ctrl_v1_3.vp(line number: 100)] Analyzing module ips2l_ddrphy_gate_update_ctrl_v1_3 (library work)
Parsing done.
Executing : .rtl_analyze -include_path {D:/ZGTC/Work/ccc} D:/ZGTC/Work/ccc/ipcore/ddr3_test/rtl/ddrphy/ips2l_ddrphy_gate_update_ctrl_v1_3.vp successfully.
Executing : .rtl_analyze -include_path {D:/ZGTC/Work/ccc} D:/ZGTC/Work/ccc/ipcore/ddr3_test/rtl/ddrphy/ips2l_ddrphy_eyecal_v1_5.vp
I: Verilog-0001: Analyzing file D:/ZGTC/Work/ccc/ipcore/ddr3_test/rtl/ddrphy/ips2l_ddrphy_eyecal_v1_5.vp
I: Verilog-0002: [D:/ZGTC/Work/ccc/ipcore/ddr3_test/rtl/ddrphy/ips2l_ddrphy_eyecal_v1_5.vp(line number: 228)] Analyzing module ips2l_ddrphy_eyecal_v1_5 (library work)
Parsing done.
Executing : .rtl_analyze -include_path {D:/ZGTC/Work/ccc} D:/ZGTC/Work/ccc/ipcore/ddr3_test/rtl/ddrphy/ips2l_ddrphy_eyecal_v1_5.vp successfully.
Executing : .rtl_analyze -include_path {D:/ZGTC/Work/ccc} D:/ZGTC/Work/ccc/ipcore/ddr3_test/rtl/ddrphy/ips2l_ddrphy_drift_ctrl_v1_0.vp
I: Verilog-0001: Analyzing file D:/ZGTC/Work/ccc/ipcore/ddr3_test/rtl/ddrphy/ips2l_ddrphy_drift_ctrl_v1_0.vp
I: Verilog-0002: [D:/ZGTC/Work/ccc/ipcore/ddr3_test/rtl/ddrphy/ips2l_ddrphy_drift_ctrl_v1_0.vp(line number: 112)] Analyzing module ips2l_ddrphy_drift_ctrl_v1_0 (library work)
Parsing done.
Executing : .rtl_analyze -include_path {D:/ZGTC/Work/ccc} D:/ZGTC/Work/ccc/ipcore/ddr3_test/rtl/ddrphy/ips2l_ddrphy_drift_ctrl_v1_0.vp successfully.
Executing : .rtl_analyze -include_path {D:/ZGTC/Work/ccc} D:/ZGTC/Work/ccc/ipcore/ddr3_test/rtl/ddrphy/ips2l_ddrphy_dqsi_rdel_cal_v1_3.vp
I: Verilog-0001: Analyzing file D:/ZGTC/Work/ccc/ipcore/ddr3_test/rtl/ddrphy/ips2l_ddrphy_dqsi_rdel_cal_v1_3.vp
I: Verilog-0002: [D:/ZGTC/Work/ccc/ipcore/ddr3_test/rtl/ddrphy/ips2l_ddrphy_dqsi_rdel_cal_v1_3.vp(line number: 395)] Analyzing module ips2l_ddrphy_dqsi_rdel_cal_v1_3 (library work)
Parsing done.
Executing : .rtl_analyze -include_path {D:/ZGTC/Work/ccc} D:/ZGTC/Work/ccc/ipcore/ddr3_test/rtl/ddrphy/ips2l_ddrphy_dqsi_rdel_cal_v1_3.vp successfully.
Executing : .rtl_analyze -include_path {D:/ZGTC/Work/ccc} D:/ZGTC/Work/ccc/ipcore/ddr3_test/rtl/ddrphy/ips2l_ddrphy_dqs_rddata_align_v1_10.vp
I: Verilog-0001: Analyzing file D:/ZGTC/Work/ccc/ipcore/ddr3_test/rtl/ddrphy/ips2l_ddrphy_dqs_rddata_align_v1_10.vp
I: Verilog-0002: [D:/ZGTC/Work/ccc/ipcore/ddr3_test/rtl/ddrphy/ips2l_ddrphy_dqs_rddata_align_v1_10.vp(line number: 527)] Analyzing module ips2l_ddrphy_dqs_rddata_align_v1_10 (library work)
Parsing done.
Executing : .rtl_analyze -include_path {D:/ZGTC/Work/ccc} D:/ZGTC/Work/ccc/ipcore/ddr3_test/rtl/ddrphy/ips2l_ddrphy_dqs_rddata_align_v1_10.vp successfully.
Executing : .rtl_analyze -include_path {D:/ZGTC/Work/ccc} D:/ZGTC/Work/ccc/ipcore/ddr3_test/rtl/ddrphy/ips2l_ddrphy_dqs_gate_coarse_cal_v1_0.vp
I: Verilog-0001: Analyzing file D:/ZGTC/Work/ccc/ipcore/ddr3_test/rtl/ddrphy/ips2l_ddrphy_dqs_gate_coarse_cal_v1_0.vp
I: Verilog-0002: [D:/ZGTC/Work/ccc/ipcore/ddr3_test/rtl/ddrphy/ips2l_ddrphy_dqs_gate_coarse_cal_v1_0.vp(line number: 173)] Analyzing module ips2l_ddrphy_dqs_gate_coarse_cal_v1_0 (library work)
Parsing done.
Executing : .rtl_analyze -include_path {D:/ZGTC/Work/ccc} D:/ZGTC/Work/ccc/ipcore/ddr3_test/rtl/ddrphy/ips2l_ddrphy_dqs_gate_coarse_cal_v1_0.vp successfully.
Executing : .rtl_analyze -include_path {D:/ZGTC/Work/ccc} D:/ZGTC/Work/ccc/ipcore/ddr3_test/rtl/ddrphy/ips2l_ddrphy_dll_update_ctrl_v1_3.vp
I: Verilog-0001: Analyzing file D:/ZGTC/Work/ccc/ipcore/ddr3_test/rtl/ddrphy/ips2l_ddrphy_dll_update_ctrl_v1_3.vp
I: Verilog-0002: [D:/ZGTC/Work/ccc/ipcore/ddr3_test/rtl/ddrphy/ips2l_ddrphy_dll_update_ctrl_v1_3.vp(line number: 124)] Analyzing module ips2l_ddrphy_dll_update_ctrl_v1_3 (library work)
Parsing done.
Executing : .rtl_analyze -include_path {D:/ZGTC/Work/ccc} D:/ZGTC/Work/ccc/ipcore/ddr3_test/rtl/ddrphy/ips2l_ddrphy_dll_update_ctrl_v1_3.vp successfully.
Executing : .rtl_analyze -include_path {D:/ZGTC/Work/ccc} D:/ZGTC/Work/ccc/ipcore/ddr3_test/rtl/ddrphy/ips2l_ddrphy_dfi_v1_3.vp
I: Verilog-0001: Analyzing file D:/ZGTC/Work/ccc/ipcore/ddr3_test/rtl/ddrphy/ips2l_ddrphy_dfi_v1_3.vp
I: Verilog-0002: [D:/ZGTC/Work/ccc/ipcore/ddr3_test/rtl/ddrphy/ips2l_ddrphy_dfi_v1_3.vp(line number: 320)] Analyzing module ips2l_ddrphy_dfi_v1_3 (library work)
Parsing done.
Executing : .rtl_analyze -include_path {D:/ZGTC/Work/ccc} D:/ZGTC/Work/ccc/ipcore/ddr3_test/rtl/ddrphy/ips2l_ddrphy_dfi_v1_3.vp successfully.
Executing : .rtl_analyze -include_path {D:/ZGTC/Work/ccc} D:/ZGTC/Work/ccc/ipcore/ddr3_test/rtl/ddrphy/ips2l_ddrphy_gpll_phase_v1_0.vp
I: Verilog-0001: Analyzing file D:/ZGTC/Work/ccc/ipcore/ddr3_test/rtl/ddrphy/ips2l_ddrphy_gpll_phase_v1_0.vp
I: Verilog-0002: [D:/ZGTC/Work/ccc/ipcore/ddr3_test/rtl/ddrphy/ips2l_ddrphy_gpll_phase_v1_0.vp(line number: 69)] Analyzing module ips2l_ddrphy_gpll_phase_v1_0 (library work)
Parsing done.
Executing : .rtl_analyze -include_path {D:/ZGTC/Work/ccc} D:/ZGTC/Work/ccc/ipcore/ddr3_test/rtl/ddrphy/ips2l_ddrphy_gpll_phase_v1_0.vp successfully.
Executing : .rtl_analyze -include_path {D:/ZGTC/Work/ccc} D:/ZGTC/Work/ccc/ipcore/ddr3_test/rtl/ddrphy/ips2l_ddrphy_data_slice_wrlvl_v1_10.vp
I: Verilog-0001: Analyzing file D:/ZGTC/Work/ccc/ipcore/ddr3_test/rtl/ddrphy/ips2l_ddrphy_data_slice_wrlvl_v1_10.vp
I: Verilog-0002: [D:/ZGTC/Work/ccc/ipcore/ddr3_test/rtl/ddrphy/ips2l_ddrphy_data_slice_wrlvl_v1_10.vp(line number: 292)] Analyzing module ips2l_ddrphy_data_slice_wrlvl_v1_10 (library work)
Parsing done.
Executing : .rtl_analyze -include_path {D:/ZGTC/Work/ccc} D:/ZGTC/Work/ccc/ipcore/ddr3_test/rtl/ddrphy/ips2l_ddrphy_data_slice_wrlvl_v1_10.vp successfully.
Executing : .rtl_analyze -include_path {D:/ZGTC/Work/ccc} D:/ZGTC/Work/ccc/ipcore/ddr3_test/rtl/ddrphy/ips2l_ddrphy_data_slice_wrcal_v1_10.vp
I: Verilog-0001: Analyzing file D:/ZGTC/Work/ccc/ipcore/ddr3_test/rtl/ddrphy/ips2l_ddrphy_data_slice_wrcal_v1_10.vp
I: Verilog-0002: [D:/ZGTC/Work/ccc/ipcore/ddr3_test/rtl/ddrphy/ips2l_ddrphy_data_slice_wrcal_v1_10.vp(line number: 278)] Analyzing module ips2l_ddrphy_data_slice_wrcal_v1_10 (library work)
Parsing done.
Executing : .rtl_analyze -include_path {D:/ZGTC/Work/ccc} D:/ZGTC/Work/ccc/ipcore/ddr3_test/rtl/ddrphy/ips2l_ddrphy_data_slice_wrcal_v1_10.vp successfully.
Executing : .rtl_analyze -include_path {D:/ZGTC/Work/ccc} D:/ZGTC/Work/ccc/ipcore/ddr3_test/rtl/ddrphy/ips2l_ddrphy_data_slice_v1_10.vp
I: Verilog-0001: Analyzing file D:/ZGTC/Work/ccc/ipcore/ddr3_test/rtl/ddrphy/ips2l_ddrphy_data_slice_v1_10.vp
I: Verilog-0002: [D:/ZGTC/Work/ccc/ipcore/ddr3_test/rtl/ddrphy/ips2l_ddrphy_data_slice_v1_10.vp(line number: 583)] Analyzing module ips2l_ddrphy_data_slice_v1_10 (library work)
Parsing done.
Executing : .rtl_analyze -include_path {D:/ZGTC/Work/ccc} D:/ZGTC/Work/ccc/ipcore/ddr3_test/rtl/ddrphy/ips2l_ddrphy_data_slice_v1_10.vp successfully.
Executing : .rtl_analyze -include_path {D:/ZGTC/Work/ccc} D:/ZGTC/Work/ccc/ipcore/ddr3_test/rtl/ddrphy/ips2l_ddrphy_data_slice_dqs_gate_cal_v1_10.vp
I: Verilog-0001: Analyzing file D:/ZGTC/Work/ccc/ipcore/ddr3_test/rtl/ddrphy/ips2l_ddrphy_data_slice_dqs_gate_cal_v1_10.vp
I: Verilog-0002: [D:/ZGTC/Work/ccc/ipcore/ddr3_test/rtl/ddrphy/ips2l_ddrphy_data_slice_dqs_gate_cal_v1_10.vp(line number: 111)] Analyzing module ips2l_ddrphy_data_slice_dqs_gate_cal_v1_10 (library work)
Parsing done.
Executing : .rtl_analyze -include_path {D:/ZGTC/Work/ccc} D:/ZGTC/Work/ccc/ipcore/ddr3_test/rtl/ddrphy/ips2l_ddrphy_data_slice_dqs_gate_cal_v1_10.vp successfully.
Executing : .rtl_analyze -include_path {D:/ZGTC/Work/ccc} D:/ZGTC/Work/ccc/ipcore/ddr3_test/rtl/ddrphy/ips2l_ddrphy_cpd_ctrl_v1_3.vp
I: Verilog-0001: Analyzing file D:/ZGTC/Work/ccc/ipcore/ddr3_test/rtl/ddrphy/ips2l_ddrphy_cpd_ctrl_v1_3.vp
I: Verilog-0002: [D:/ZGTC/Work/ccc/ipcore/ddr3_test/rtl/ddrphy/ips2l_ddrphy_cpd_ctrl_v1_3.vp(line number: 182)] Analyzing module ips2l_ddrphy_cpd_ctrl_v1_3 (library work)
Parsing done.
Executing : .rtl_analyze -include_path {D:/ZGTC/Work/ccc} D:/ZGTC/Work/ccc/ipcore/ddr3_test/rtl/ddrphy/ips2l_ddrphy_cpd_ctrl_v1_3.vp successfully.
Executing : .rtl_analyze -include_path {D:/ZGTC/Work/ccc} D:/ZGTC/Work/ccc/ipcore/ddr3_test/rtl/ddrphy/ips2l_ddrphy_cpd_lock_v1_0.vp
I: Verilog-0001: Analyzing file D:/ZGTC/Work/ccc/ipcore/ddr3_test/rtl/ddrphy/ips2l_ddrphy_cpd_lock_v1_0.vp
I: Verilog-0002: [D:/ZGTC/Work/ccc/ipcore/ddr3_test/rtl/ddrphy/ips2l_ddrphy_cpd_lock_v1_0.vp(line number: 71)] Analyzing module ips2l_ddrphy_cpd_lock_v1_0 (library work)
Parsing done.
Executing : .rtl_analyze -include_path {D:/ZGTC/Work/ccc} D:/ZGTC/Work/ccc/ipcore/ddr3_test/rtl/ddrphy/ips2l_ddrphy_cpd_lock_v1_0.vp successfully.
Executing : .rtl_analyze -include_path {D:/ZGTC/Work/ccc} D:/ZGTC/Work/ccc/ipcore/ddr3_test/rtl/ddrphy/ips2l_ddrphy_control_path_adj_v1_10.vp
I: Verilog-0001: Analyzing file D:/ZGTC/Work/ccc/ipcore/ddr3_test/rtl/ddrphy/ips2l_ddrphy_control_path_adj_v1_10.vp
I: Verilog-0002: [D:/ZGTC/Work/ccc/ipcore/ddr3_test/rtl/ddrphy/ips2l_ddrphy_control_path_adj_v1_10.vp(line number: 134)] Analyzing module ips2l_ddrphy_control_path_adj_v1_10 (library work)
Parsing done.
Executing : .rtl_analyze -include_path {D:/ZGTC/Work/ccc} D:/ZGTC/Work/ccc/ipcore/ddr3_test/rtl/ddrphy/ips2l_ddrphy_control_path_adj_v1_10.vp successfully.
Executing : .rtl_analyze -include_path {D:/ZGTC/Work/ccc} D:/ZGTC/Work/ccc/ipcore/ddr3_test/rtl/ddrphy/ips2l_ddrphy_calib_top_v1_10.vp
I: Verilog-0001: Analyzing file D:/ZGTC/Work/ccc/ipcore/ddr3_test/rtl/ddrphy/ips2l_ddrphy_calib_top_v1_10.vp
I: Verilog-0002: [D:/ZGTC/Work/ccc/ipcore/ddr3_test/rtl/ddrphy/ips2l_ddrphy_calib_top_v1_10.vp(line number: 392)] Analyzing module ips2l_ddrphy_calib_top_v1_10 (library work)
Parsing done.
Executing : .rtl_analyze -include_path {D:/ZGTC/Work/ccc} D:/ZGTC/Work/ccc/ipcore/ddr3_test/rtl/ddrphy/ips2l_ddrphy_calib_top_v1_10.vp successfully.
Executing : .rtl_analyze -include_path {D:/ZGTC/Work/ccc} D:/ZGTC/Work/ccc/ipcore/ddr3_test/rtl/ddrphy/ips2l_ddrphy_calib_mux_v1_0.vp
I: Verilog-0001: Analyzing file D:/ZGTC/Work/ccc/ipcore/ddr3_test/rtl/ddrphy/ips2l_ddrphy_calib_mux_v1_0.vp
I: Verilog-0002: [D:/ZGTC/Work/ccc/ipcore/ddr3_test/rtl/ddrphy/ips2l_ddrphy_calib_mux_v1_0.vp(line number: 199)] Analyzing module ips2l_ddrphy_calib_mux_v1_0 (library work)
Parsing done.
Executing : .rtl_analyze -include_path {D:/ZGTC/Work/ccc} D:/ZGTC/Work/ccc/ipcore/ddr3_test/rtl/ddrphy/ips2l_ddrphy_calib_mux_v1_0.vp successfully.
Executing : .rtl_analyze -include_path {D:/ZGTC/Work/ccc} D:/ZGTC/Work/ccc/ipcore/ddr3_test/rtl/ddrphy/ips2l_ddrphy_rst_debounce_v1_0.vp
I: Verilog-0001: Analyzing file D:/ZGTC/Work/ccc/ipcore/ddr3_test/rtl/ddrphy/ips2l_ddrphy_rst_debounce_v1_0.vp
I: Verilog-0002: [D:/ZGTC/Work/ccc/ipcore/ddr3_test/rtl/ddrphy/ips2l_ddrphy_rst_debounce_v1_0.vp(line number: 84)] Analyzing module ips2l_ddrphy_rst_debounce_v1_0 (library work)
Parsing done.
Executing : .rtl_analyze -include_path {D:/ZGTC/Work/ccc} D:/ZGTC/Work/ccc/ipcore/ddr3_test/rtl/ddrphy/ips2l_ddrphy_rst_debounce_v1_0.vp successfully.
Executing : .rtl_analyze -include_path {D:/ZGTC/Work/ccc} D:/ZGTC/Work/ccc/ipcore/ddr3_test/rtl/ddrphy/ips2l_ddrphy_rst_clk_phase_adj_v1_0.vp
I: Verilog-0001: Analyzing file D:/ZGTC/Work/ccc/ipcore/ddr3_test/rtl/ddrphy/ips2l_ddrphy_rst_clk_phase_adj_v1_0.vp
I: Verilog-0002: [D:/ZGTC/Work/ccc/ipcore/ddr3_test/rtl/ddrphy/ips2l_ddrphy_rst_clk_phase_adj_v1_0.vp(line number: 104)] Analyzing module ips2l_ddrphy_rst_clk_phase_adj_v1_0 (library work)
Parsing done.
Executing : .rtl_analyze -include_path {D:/ZGTC/Work/ccc} D:/ZGTC/Work/ccc/ipcore/ddr3_test/rtl/ddrphy/ips2l_ddrphy_rst_clk_phase_adj_v1_0.vp successfully.
Executing : .rtl_analyze -include_path {D:/ZGTC/Work/ccc} D:/ZGTC/Work/ccc/ipcore/ddr3_test/rtl/pll/ips2l_ddrphy_gpll_v1_3.vp
I: Verilog-0001: Analyzing file D:/ZGTC/Work/ccc/ipcore/ddr3_test/rtl/pll/ips2l_ddrphy_gpll_v1_3.vp
I: Verilog-0002: [D:/ZGTC/Work/ccc/ipcore/ddr3_test/rtl/pll/ips2l_ddrphy_gpll_v1_3.vp(line number: 127)] Analyzing module ips2l_ddrphy_gpll_v1_3 (library work)
W: Verilog-2006: [D:/ZGTC/Work/ccc/ipcore/ddr3_test/rtl/pll/ips2l_ddrphy_gpll_v1_3.vp(line number: 154)] Ansi_parameter force parameter in body to localparam
W: Verilog-2006: [D:/ZGTC/Work/ccc/ipcore/ddr3_test/rtl/pll/ips2l_ddrphy_gpll_v1_3.vp(line number: 155)] Ansi_parameter force parameter in body to localparam
W: Verilog-2006: [D:/ZGTC/Work/ccc/ipcore/ddr3_test/rtl/pll/ips2l_ddrphy_gpll_v1_3.vp(line number: 156)] Ansi_parameter force parameter in body to localparam
W: Verilog-2006: [D:/ZGTC/Work/ccc/ipcore/ddr3_test/rtl/pll/ips2l_ddrphy_gpll_v1_3.vp(line number: 157)] Ansi_parameter force parameter in body to localparam
W: Verilog-2006: [D:/ZGTC/Work/ccc/ipcore/ddr3_test/rtl/pll/ips2l_ddrphy_gpll_v1_3.vp(line number: 158)] Ansi_parameter force parameter in body to localparam
Parsing done.
Executing : .rtl_analyze -include_path {D:/ZGTC/Work/ccc} D:/ZGTC/Work/ccc/ipcore/ddr3_test/rtl/pll/ips2l_ddrphy_gpll_v1_3.vp successfully.
Executing : .rtl_analyze -include_path {D:/ZGTC/Work/ccc} D:/ZGTC/Work/ccc/ipcore/ddr3_test/rtl/pll/ips2l_ddrphy_ppll_v1_0.vp
I: Verilog-0001: Analyzing file D:/ZGTC/Work/ccc/ipcore/ddr3_test/rtl/pll/ips2l_ddrphy_ppll_v1_0.vp
I: Verilog-0002: [D:/ZGTC/Work/ccc/ipcore/ddr3_test/rtl/pll/ips2l_ddrphy_ppll_v1_0.vp(line number: 242)] Analyzing module ips2l_ddrphy_ppll_v1_0 (library work)
W: Verilog-2006: [D:/ZGTC/Work/ccc/ipcore/ddr3_test/rtl/pll/ips2l_ddrphy_ppll_v1_0.vp(line number: 261)] Ansi_parameter force parameter in body to localparam
W: Verilog-2006: [D:/ZGTC/Work/ccc/ipcore/ddr3_test/rtl/pll/ips2l_ddrphy_ppll_v1_0.vp(line number: 262)] Ansi_parameter force parameter in body to localparam
W: Verilog-2006: [D:/ZGTC/Work/ccc/ipcore/ddr3_test/rtl/pll/ips2l_ddrphy_ppll_v1_0.vp(line number: 263)] Ansi_parameter force parameter in body to localparam
W: Verilog-2006: [D:/ZGTC/Work/ccc/ipcore/ddr3_test/rtl/pll/ips2l_ddrphy_ppll_v1_0.vp(line number: 264)] Ansi_parameter force parameter in body to localparam
W: Verilog-2006: [D:/ZGTC/Work/ccc/ipcore/ddr3_test/rtl/pll/ips2l_ddrphy_ppll_v1_0.vp(line number: 265)] Ansi_parameter force parameter in body to localparam
Parsing done.
Executing : .rtl_analyze -include_path {D:/ZGTC/Work/ccc} D:/ZGTC/Work/ccc/ipcore/ddr3_test/rtl/pll/ips2l_ddrphy_ppll_v1_0.vp successfully.
Executing : .rtl_analyze -include_path {D:/ZGTC/Work/ccc} D:/ZGTC/Work/ccc/ipcore/ddr3_test/rtl/mcdq_ctrl/ips2l_mcdq_apb_cross_v1_2.vp
I: Verilog-0001: Analyzing file D:/ZGTC/Work/ccc/ipcore/ddr3_test/rtl/mcdq_ctrl/ips2l_mcdq_apb_cross_v1_2.vp
I: Verilog-0002: [D:/ZGTC/Work/ccc/ipcore/ddr3_test/rtl/mcdq_ctrl/ips2l_mcdq_apb_cross_v1_2.vp(line number: 145)] Analyzing module ips2l_mcdq_apb_cross_v1_2 (library work)
Parsing done.
Executing : .rtl_analyze -include_path {D:/ZGTC/Work/ccc} D:/ZGTC/Work/ccc/ipcore/ddr3_test/rtl/mcdq_ctrl/ips2l_mcdq_apb_cross_v1_2.vp successfully.
Executing : .rtl_analyze -include_path {D:/ZGTC/Work/ccc} D:/ZGTC/Work/ccc/ipcore/ddr3_test/rtl/mcdq_ctrl/ips2l_mcdq_calib_delay_v1_2.vp
I: Verilog-0001: Analyzing file D:/ZGTC/Work/ccc/ipcore/ddr3_test/rtl/mcdq_ctrl/ips2l_mcdq_calib_delay_v1_2.vp
I: Verilog-0002: [D:/ZGTC/Work/ccc/ipcore/ddr3_test/rtl/mcdq_ctrl/ips2l_mcdq_calib_delay_v1_2.vp(line number: 101)] Analyzing module ips2l_mcdq_calib_delay_v1_2 (library work)
Parsing done.
Executing : .rtl_analyze -include_path {D:/ZGTC/Work/ccc} D:/ZGTC/Work/ccc/ipcore/ddr3_test/rtl/mcdq_ctrl/ips2l_mcdq_calib_delay_v1_2.vp successfully.
Executing : .rtl_analyze -include_path {D:/ZGTC/Work/ccc} D:/ZGTC/Work/ccc/ipcore/ddr3_test/rtl/mcdq_ctrl/ips2l_mcdq_cfg_apb_v1_2.vp
I: Verilog-0001: Analyzing file D:/ZGTC/Work/ccc/ipcore/ddr3_test/rtl/mcdq_ctrl/ips2l_mcdq_cfg_apb_v1_2.vp
I: Verilog-0002: [D:/ZGTC/Work/ccc/ipcore/ddr3_test/rtl/mcdq_ctrl/ips2l_mcdq_cfg_apb_v1_2.vp(line number: 559)] Analyzing module ips2l_mcdq_cfg_apb_v1_2 (library work)
Parsing done.
Executing : .rtl_analyze -include_path {D:/ZGTC/Work/ccc} D:/ZGTC/Work/ccc/ipcore/ddr3_test/rtl/mcdq_ctrl/ips2l_mcdq_cfg_apb_v1_2.vp successfully.
Executing : .rtl_analyze -include_path {D:/ZGTC/Work/ccc} D:/ZGTC/Work/ccc/ipcore/ddr3_test/rtl/mcdq_ctrl/ips2l_mcdq_dcd_bm_v1_2.vp
I: Verilog-0001: Analyzing file D:/ZGTC/Work/ccc/ipcore/ddr3_test/rtl/mcdq_ctrl/ips2l_mcdq_dcd_bm_v1_2.vp
I: Verilog-0002: [D:/ZGTC/Work/ccc/ipcore/ddr3_test/rtl/mcdq_ctrl/ips2l_mcdq_dcd_bm_v1_2.vp(line number: 243)] Analyzing module ips2l_mcdq_dcd_bm_v1_2 (library work)
Parsing done.
Executing : .rtl_analyze -include_path {D:/ZGTC/Work/ccc} D:/ZGTC/Work/ccc/ipcore/ddr3_test/rtl/mcdq_ctrl/ips2l_mcdq_dcd_bm_v1_2.vp successfully.
Executing : .rtl_analyze -include_path {D:/ZGTC/Work/ccc} D:/ZGTC/Work/ccc/ipcore/ddr3_test/rtl/mcdq_ctrl/ips2l_mcdq_dcd_rowaddr_v1_2.vp
I: Verilog-0001: Analyzing file D:/ZGTC/Work/ccc/ipcore/ddr3_test/rtl/mcdq_ctrl/ips2l_mcdq_dcd_rowaddr_v1_2.vp
I: Verilog-0002: [D:/ZGTC/Work/ccc/ipcore/ddr3_test/rtl/mcdq_ctrl/ips2l_mcdq_dcd_rowaddr_v1_2.vp(line number: 76)] Analyzing module ips2l_mcdq_dcd_rowaddr_v1_2 (library work)
Parsing done.
Executing : .rtl_analyze -include_path {D:/ZGTC/Work/ccc} D:/ZGTC/Work/ccc/ipcore/ddr3_test/rtl/mcdq_ctrl/ips2l_mcdq_dcd_rowaddr_v1_2.vp successfully.
Executing : .rtl_analyze -include_path {D:/ZGTC/Work/ccc} D:/ZGTC/Work/ccc/ipcore/ddr3_test/rtl/mcdq_ctrl/ips2l_mcdq_dcd_sm_v1_2.vp
I: Verilog-0001: Analyzing file D:/ZGTC/Work/ccc/ipcore/ddr3_test/rtl/mcdq_ctrl/ips2l_mcdq_dcd_sm_v1_2.vp
I: Verilog-0002: [D:/ZGTC/Work/ccc/ipcore/ddr3_test/rtl/mcdq_ctrl/ips2l_mcdq_dcd_sm_v1_2.vp(line number: 209)] Analyzing module ips2l_mcdq_dcd_sm_v1_2 (library work)
Parsing done.
Executing : .rtl_analyze -include_path {D:/ZGTC/Work/ccc} D:/ZGTC/Work/ccc/ipcore/ddr3_test/rtl/mcdq_ctrl/ips2l_mcdq_dcd_sm_v1_2.vp successfully.
Executing : .rtl_analyze -include_path {D:/ZGTC/Work/ccc} D:/ZGTC/Work/ccc/ipcore/ddr3_test/rtl/mcdq_ctrl/ips2l_mcdq_dcd_top_v1_2.vp
I: Verilog-0001: Analyzing file D:/ZGTC/Work/ccc/ipcore/ddr3_test/rtl/mcdq_ctrl/ips2l_mcdq_dcd_top_v1_2.vp
I: Verilog-0002: [D:/ZGTC/Work/ccc/ipcore/ddr3_test/rtl/mcdq_ctrl/ips2l_mcdq_dcd_top_v1_2.vp(line number: 174)] Analyzing module ips2l_mcdq_dcd_top_v1_2 (library work)
Parsing done.
Executing : .rtl_analyze -include_path {D:/ZGTC/Work/ccc} D:/ZGTC/Work/ccc/ipcore/ddr3_test/rtl/mcdq_ctrl/ips2l_mcdq_dcd_top_v1_2.vp successfully.
Executing : .rtl_analyze -include_path {D:/ZGTC/Work/ccc} D:/ZGTC/Work/ccc/ipcore/ddr3_test/rtl/mcdq_ctrl/ips2l_mcdq_dcp_back_ctrl_v1_2.vp
I: Verilog-0001: Analyzing file D:/ZGTC/Work/ccc/ipcore/ddr3_test/rtl/mcdq_ctrl/ips2l_mcdq_dcp_back_ctrl_v1_2.vp
I: Verilog-0002: [D:/ZGTC/Work/ccc/ipcore/ddr3_test/rtl/mcdq_ctrl/ips2l_mcdq_dcp_back_ctrl_v1_2.vp(line number: 643)] Analyzing module ips2l_mcdq_dcp_back_ctrl_v1_2 (library work)
Parsing done.
Executing : .rtl_analyze -include_path {D:/ZGTC/Work/ccc} D:/ZGTC/Work/ccc/ipcore/ddr3_test/rtl/mcdq_ctrl/ips2l_mcdq_dcp_back_ctrl_v1_2.vp successfully.
Executing : .rtl_analyze -include_path {D:/ZGTC/Work/ccc} D:/ZGTC/Work/ccc/ipcore/ddr3_test/rtl/mcdq_ctrl/ips2l_mcdq_dcp_buf_v1_2.vp
I: Verilog-0001: Analyzing file D:/ZGTC/Work/ccc/ipcore/ddr3_test/rtl/mcdq_ctrl/ips2l_mcdq_dcp_buf_v1_2.vp
I: Verilog-0002: [D:/ZGTC/Work/ccc/ipcore/ddr3_test/rtl/mcdq_ctrl/ips2l_mcdq_dcp_buf_v1_2.vp(line number: 298)] Analyzing module ips2l_mcdq_dcp_buf_v1_2 (library work)
Parsing done.
Executing : .rtl_analyze -include_path {D:/ZGTC/Work/ccc} D:/ZGTC/Work/ccc/ipcore/ddr3_test/rtl/mcdq_ctrl/ips2l_mcdq_dcp_buf_v1_2.vp successfully.
Executing : .rtl_analyze -include_path {D:/ZGTC/Work/ccc} D:/ZGTC/Work/ccc/ipcore/ddr3_test/rtl/mcdq_ctrl/ips2l_mcdq_dcp_out_v1_2.vp
I: Verilog-0001: Analyzing file D:/ZGTC/Work/ccc/ipcore/ddr3_test/rtl/mcdq_ctrl/ips2l_mcdq_dcp_out_v1_2.vp
I: Verilog-0002: [D:/ZGTC/Work/ccc/ipcore/ddr3_test/rtl/mcdq_ctrl/ips2l_mcdq_dcp_out_v1_2.vp(line number: 210)] Analyzing module ips2l_mcdq_dcp_out_v1_2 (library work)
Parsing done.
Executing : .rtl_analyze -include_path {D:/ZGTC/Work/ccc} D:/ZGTC/Work/ccc/ipcore/ddr3_test/rtl/mcdq_ctrl/ips2l_mcdq_dcp_out_v1_2.vp successfully.
Executing : .rtl_analyze -include_path {D:/ZGTC/Work/ccc} D:/ZGTC/Work/ccc/ipcore/ddr3_test/rtl/mcdq_ctrl/ips2l_mcdq_dcp_top_v1_2.vp
I: Verilog-0001: Analyzing file D:/ZGTC/Work/ccc/ipcore/ddr3_test/rtl/mcdq_ctrl/ips2l_mcdq_dcp_top_v1_2.vp
I: Verilog-0002: [D:/ZGTC/Work/ccc/ipcore/ddr3_test/rtl/mcdq_ctrl/ips2l_mcdq_dcp_top_v1_2.vp(line number: 329)] Analyzing module ips2l_mcdq_dcp_top_v1_2 (library work)
Parsing done.
Executing : .rtl_analyze -include_path {D:/ZGTC/Work/ccc} D:/ZGTC/Work/ccc/ipcore/ddr3_test/rtl/mcdq_ctrl/ips2l_mcdq_dcp_top_v1_2.vp successfully.
Executing : .rtl_analyze -include_path {D:/ZGTC/Work/ccc} D:/ZGTC/Work/ccc/ipcore/ddr3_test/rtl/mcdq_ctrl/ips2l_mcdq_dfi_v1_2.vp
I: Verilog-0001: Analyzing file D:/ZGTC/Work/ccc/ipcore/ddr3_test/rtl/mcdq_ctrl/ips2l_mcdq_dfi_v1_2.vp
I: Verilog-0002: [D:/ZGTC/Work/ccc/ipcore/ddr3_test/rtl/mcdq_ctrl/ips2l_mcdq_dfi_v1_2.vp(line number: 432)] Analyzing module ips2l_mcdq_dfi_v1_2 (library work)
Parsing done.
Executing : .rtl_analyze -include_path {D:/ZGTC/Work/ccc} D:/ZGTC/Work/ccc/ipcore/ddr3_test/rtl/mcdq_ctrl/ips2l_mcdq_dfi_v1_2.vp successfully.
Executing : .rtl_analyze -include_path {D:/ZGTC/Work/ccc} D:/ZGTC/Work/ccc/ipcore/ddr3_test/rtl/mcdq_ctrl/ips2l_mcdq_lp_v1_2.vp
I: Verilog-0001: Analyzing file D:/ZGTC/Work/ccc/ipcore/ddr3_test/rtl/mcdq_ctrl/ips2l_mcdq_lp_v1_2.vp
I: Verilog-0002: [D:/ZGTC/Work/ccc/ipcore/ddr3_test/rtl/mcdq_ctrl/ips2l_mcdq_lp_v1_2.vp(line number: 315)] Analyzing module ips2l_mcdq_lp_v1_2 (library work)
Parsing done.
Executing : .rtl_analyze -include_path {D:/ZGTC/Work/ccc} D:/ZGTC/Work/ccc/ipcore/ddr3_test/rtl/mcdq_ctrl/ips2l_mcdq_lp_v1_2.vp successfully.
Executing : .rtl_analyze -include_path {D:/ZGTC/Work/ccc} D:/ZGTC/Work/ccc/ipcore/ddr3_test/rtl/mcdq_ctrl/ips2l_mcdq_mrs_v1_2.vp
I: Verilog-0001: Analyzing file D:/ZGTC/Work/ccc/ipcore/ddr3_test/rtl/mcdq_ctrl/ips2l_mcdq_mrs_v1_2.vp
I: Verilog-0002: [D:/ZGTC/Work/ccc/ipcore/ddr3_test/rtl/mcdq_ctrl/ips2l_mcdq_mrs_v1_2.vp(line number: 321)] Analyzing module ips2l_mcdq_mrs_v1_2 (library work)
Parsing done.
Executing : .rtl_analyze -include_path {D:/ZGTC/Work/ccc} D:/ZGTC/Work/ccc/ipcore/ddr3_test/rtl/mcdq_ctrl/ips2l_mcdq_mrs_v1_2.vp successfully.
Executing : .rtl_analyze -include_path {D:/ZGTC/Work/ccc} D:/ZGTC/Work/ccc/ipcore/ddr3_test/rtl/mcdq_ctrl/ips2l_mcdq_prefetch_fifo_v1_2.vp
I: Verilog-0001: Analyzing file D:/ZGTC/Work/ccc/ipcore/ddr3_test/rtl/mcdq_ctrl/ips2l_mcdq_prefetch_fifo_v1_2.vp
I: Verilog-0002: [D:/ZGTC/Work/ccc/ipcore/ddr3_test/rtl/mcdq_ctrl/ips2l_mcdq_prefetch_fifo_v1_2.vp(line number: 95)] Analyzing module ips2l_mcdq_prefetch_fifo_v1_2 (library work)
Parsing done.
Executing : .rtl_analyze -include_path {D:/ZGTC/Work/ccc} D:/ZGTC/Work/ccc/ipcore/ddr3_test/rtl/mcdq_ctrl/ips2l_mcdq_prefetch_fifo_v1_2.vp successfully.
Executing : .rtl_analyze -include_path {D:/ZGTC/Work/ccc} D:/ZGTC/Work/ccc/ipcore/ddr3_test/rtl/mcdq_ctrl/ips2l_mcdq_rdatapath_v1_2.vp
I: Verilog-0001: Analyzing file D:/ZGTC/Work/ccc/ipcore/ddr3_test/rtl/mcdq_ctrl/ips2l_mcdq_rdatapath_v1_2.vp
I: Verilog-0002: [D:/ZGTC/Work/ccc/ipcore/ddr3_test/rtl/mcdq_ctrl/ips2l_mcdq_rdatapath_v1_2.vp(line number: 83)] Analyzing module ips2l_mcdq_rdatapath_v1_2 (library work)
Parsing done.
Executing : .rtl_analyze -include_path {D:/ZGTC/Work/ccc} D:/ZGTC/Work/ccc/ipcore/ddr3_test/rtl/mcdq_ctrl/ips2l_mcdq_rdatapath_v1_2.vp successfully.
Executing : .rtl_analyze -include_path {D:/ZGTC/Work/ccc} D:/ZGTC/Work/ccc/ipcore/ddr3_test/rtl/mcdq_ctrl/ips2l_mcdq_reg_fifo2_v1_2.vp
I: Verilog-0001: Analyzing file D:/ZGTC/Work/ccc/ipcore/ddr3_test/rtl/mcdq_ctrl/ips2l_mcdq_reg_fifo2_v1_2.vp
I: Verilog-0002: [D:/ZGTC/Work/ccc/ipcore/ddr3_test/rtl/mcdq_ctrl/ips2l_mcdq_reg_fifo2_v1_2.vp(line number: 78)] Analyzing module ips2l_mcdq_reg_fifo2_v1_2 (library work)
Parsing done.
Executing : .rtl_analyze -include_path {D:/ZGTC/Work/ccc} D:/ZGTC/Work/ccc/ipcore/ddr3_test/rtl/mcdq_ctrl/ips2l_mcdq_reg_fifo2_v1_2.vp successfully.
Executing : .rtl_analyze -include_path {D:/ZGTC/Work/ccc} D:/ZGTC/Work/ccc/ipcore/ddr3_test/rtl/mcdq_ctrl/ips2l_mcdq_ui_axi_v1_2a.vp
I: Verilog-0001: Analyzing file D:/ZGTC/Work/ccc/ipcore/ddr3_test/rtl/mcdq_ctrl/ips2l_mcdq_ui_axi_v1_2a.vp
I: Verilog-0002: [D:/ZGTC/Work/ccc/ipcore/ddr3_test/rtl/mcdq_ctrl/ips2l_mcdq_ui_axi_v1_2a.vp(line number: 271)] Analyzing module ips2l_mcdq_ui_axi_v1_2a (library work)
Parsing done.
Executing : .rtl_analyze -include_path {D:/ZGTC/Work/ccc} D:/ZGTC/Work/ccc/ipcore/ddr3_test/rtl/mcdq_ctrl/ips2l_mcdq_ui_axi_v1_2a.vp successfully.
Executing : .rtl_analyze -include_path {D:/ZGTC/Work/ccc} D:/ZGTC/Work/ccc/ipcore/ddr3_test/rtl/mcdq_ctrl/ips2l_mcdq_wdatapath_v1_2.vp
I: Verilog-0001: Analyzing file D:/ZGTC/Work/ccc/ipcore/ddr3_test/rtl/mcdq_ctrl/ips2l_mcdq_wdatapath_v1_2.vp
I: Verilog-0002: [D:/ZGTC/Work/ccc/ipcore/ddr3_test/rtl/mcdq_ctrl/ips2l_mcdq_wdatapath_v1_2.vp(line number: 171)] Analyzing module ips2l_mcdq_wdatapath_v1_2 (library work)
Parsing done.
Executing : .rtl_analyze -include_path {D:/ZGTC/Work/ccc} D:/ZGTC/Work/ccc/ipcore/ddr3_test/rtl/mcdq_ctrl/ips2l_mcdq_wdatapath_v1_2.vp successfully.
Executing : .rtl_analyze -include_path {D:/ZGTC/Work/ccc} D:/ZGTC/Work/ccc/ipcore/ddr3_test/rtl/mcdq_ctrl/ips2l_mcdq_wdp_align_v1_2.vp
I: Verilog-0001: Analyzing file D:/ZGTC/Work/ccc/ipcore/ddr3_test/rtl/mcdq_ctrl/ips2l_mcdq_wdp_align_v1_2.vp
I: Verilog-0002: [D:/ZGTC/Work/ccc/ipcore/ddr3_test/rtl/mcdq_ctrl/ips2l_mcdq_wdp_align_v1_2.vp(line number: 140)] Analyzing module ips2l_mcdq_wdp_align_v1_2 (library work)
Parsing done.
Executing : .rtl_analyze -include_path {D:/ZGTC/Work/ccc} D:/ZGTC/Work/ccc/ipcore/ddr3_test/rtl/mcdq_ctrl/ips2l_mcdq_wdp_align_v1_2.vp successfully.
Executing : .rtl_analyze -include_path {D:/ZGTC/Work/ccc} D:/ZGTC/Work/ccc/ipcore/ddr3_test/rtl/mcdq_ctrl/ips2l_mcdq_wdp_dcp_v1_2.vp
I: Verilog-0001: Analyzing file D:/ZGTC/Work/ccc/ipcore/ddr3_test/rtl/mcdq_ctrl/ips2l_mcdq_wdp_dcp_v1_2.vp
I: Verilog-0002: [D:/ZGTC/Work/ccc/ipcore/ddr3_test/rtl/mcdq_ctrl/ips2l_mcdq_wdp_dcp_v1_2.vp(line number: 133)] Analyzing module ips2l_mcdq_wdp_dcp_v1_2 (library work)
Parsing done.
Executing : .rtl_analyze -include_path {D:/ZGTC/Work/ccc} D:/ZGTC/Work/ccc/ipcore/ddr3_test/rtl/mcdq_ctrl/ips2l_mcdq_wdp_dcp_v1_2.vp successfully.
Executing : .rtl_analyze -include_path {D:/ZGTC/Work/ccc} D:/ZGTC/Work/ccc/ipcore/ddr3_test/rtl/mcdq_ctrl/ips2l_mcdq_wrapper_v1_2b.vp
I: Verilog-0001: Analyzing file D:/ZGTC/Work/ccc/ipcore/ddr3_test/rtl/mcdq_ctrl/ips2l_mcdq_wrapper_v1_2b.vp
I: Verilog-0002: [D:/ZGTC/Work/ccc/ipcore/ddr3_test/rtl/mcdq_ctrl/ips2l_mcdq_wrapper_v1_2b.vp(line number: 619)] Analyzing module ips2l_mcdq_wrapper_v1_2b (library work)
Parsing done.
Executing : .rtl_analyze -include_path {D:/ZGTC/Work/ccc} D:/ZGTC/Work/ccc/ipcore/ddr3_test/rtl/mcdq_ctrl/ips2l_mcdq_wrapper_v1_2b.vp successfully.
Executing : .rtl_analyze -include_path {D:/ZGTC/Work/ccc} D:/ZGTC/Work/ccc/ipcore/ddr3_test/rtl/mcdq_ctrl/syn_mod/ips2l_mcdq_com_timing_v1_2.vp
I: Verilog-0001: Analyzing file D:/ZGTC/Work/ccc/ipcore/ddr3_test/rtl/mcdq_ctrl/syn_mod/ips2l_mcdq_com_timing_v1_2.vp
I: Verilog-0002: [D:/ZGTC/Work/ccc/ipcore/ddr3_test/rtl/mcdq_ctrl/syn_mod/ips2l_mcdq_com_timing_v1_2.vp(line number: 102)] Analyzing module ips2l_mcdq_com_timing_v1_2 (library work)
Parsing done.
Executing : .rtl_analyze -include_path {D:/ZGTC/Work/ccc} D:/ZGTC/Work/ccc/ipcore/ddr3_test/rtl/mcdq_ctrl/syn_mod/ips2l_mcdq_com_timing_v1_2.vp successfully.
Executing : .rtl_analyze -include_path {D:/ZGTC/Work/ccc} D:/ZGTC/Work/ccc/ipcore/ddr3_test/rtl/mcdq_ctrl/syn_mod/ips2l_mcdq_tfaw_timing_v1_2.vp
I: Verilog-0001: Analyzing file D:/ZGTC/Work/ccc/ipcore/ddr3_test/rtl/mcdq_ctrl/syn_mod/ips2l_mcdq_tfaw_timing_v1_2.vp
I: Verilog-0002: [D:/ZGTC/Work/ccc/ipcore/ddr3_test/rtl/mcdq_ctrl/syn_mod/ips2l_mcdq_tfaw_timing_v1_2.vp(line number: 128)] Analyzing module ips2l_mcdq_tfaw_timing_v1_2 (library work)
Parsing done.
Executing : .rtl_analyze -include_path {D:/ZGTC/Work/ccc} D:/ZGTC/Work/ccc/ipcore/ddr3_test/rtl/mcdq_ctrl/syn_mod/ips2l_mcdq_tfaw_timing_v1_2.vp successfully.
Executing : .rtl_analyze -include_path {D:/ZGTC/Work/ccc} D:/ZGTC/Work/ccc/ipcore/ddr3_test/rtl/mcdq_ctrl/syn_mod/ips2l_mcdq_tfaw_v1_2.vp
I: Verilog-0001: Analyzing file D:/ZGTC/Work/ccc/ipcore/ddr3_test/rtl/mcdq_ctrl/syn_mod/ips2l_mcdq_tfaw_v1_2.vp
I: Verilog-0002: [D:/ZGTC/Work/ccc/ipcore/ddr3_test/rtl/mcdq_ctrl/syn_mod/ips2l_mcdq_tfaw_v1_2.vp(line number: 68)] Analyzing module ips2l_mcdq_tfaw_v1_2 (library work)
Parsing done.
Executing : .rtl_analyze -include_path {D:/ZGTC/Work/ccc} D:/ZGTC/Work/ccc/ipcore/ddr3_test/rtl/mcdq_ctrl/syn_mod/ips2l_mcdq_tfaw_v1_2.vp successfully.
Executing : .rtl_analyze -include_path {D:/ZGTC/Work/ccc} D:/ZGTC/Work/ccc/ipcore/ddr3_test/rtl/mcdq_ctrl/syn_mod/ips2l_mcdq_timing_act2wr_pass_v1_2.vp
I: Verilog-0001: Analyzing file D:/ZGTC/Work/ccc/ipcore/ddr3_test/rtl/mcdq_ctrl/syn_mod/ips2l_mcdq_timing_act2wr_pass_v1_2.vp
I: Verilog-0002: [D:/ZGTC/Work/ccc/ipcore/ddr3_test/rtl/mcdq_ctrl/syn_mod/ips2l_mcdq_timing_act2wr_pass_v1_2.vp(line number: 115)] Analyzing module ips2l_mcdq_timing_act2wr_pass_v1_2 (library work)
Parsing done.
Executing : .rtl_analyze -include_path {D:/ZGTC/Work/ccc} D:/ZGTC/Work/ccc/ipcore/ddr3_test/rtl/mcdq_ctrl/syn_mod/ips2l_mcdq_timing_act2wr_pass_v1_2.vp successfully.
Executing : .rtl_analyze -include_path {D:/ZGTC/Work/ccc} D:/ZGTC/Work/ccc/ipcore/ddr3_test/rtl/mcdq_ctrl/syn_mod/ips2l_mcdq_timing_act_pass_v1_2.vp
I: Verilog-0001: Analyzing file D:/ZGTC/Work/ccc/ipcore/ddr3_test/rtl/mcdq_ctrl/syn_mod/ips2l_mcdq_timing_act_pass_v1_2.vp
I: Verilog-0002: [D:/ZGTC/Work/ccc/ipcore/ddr3_test/rtl/mcdq_ctrl/syn_mod/ips2l_mcdq_timing_act_pass_v1_2.vp(line number: 92)] Analyzing module ips2l_mcdq_timing_act_pass_v1_2 (library work)
Parsing done.
Executing : .rtl_analyze -include_path {D:/ZGTC/Work/ccc} D:/ZGTC/Work/ccc/ipcore/ddr3_test/rtl/mcdq_ctrl/syn_mod/ips2l_mcdq_timing_act_pass_v1_2.vp successfully.
Executing : .rtl_analyze -include_path {D:/ZGTC/Work/ccc} D:/ZGTC/Work/ccc/ipcore/ddr3_test/rtl/mcdq_ctrl/syn_mod/ips2l_mcdq_timing_pre_pass_v1_2.vp
I: Verilog-0001: Analyzing file D:/ZGTC/Work/ccc/ipcore/ddr3_test/rtl/mcdq_ctrl/syn_mod/ips2l_mcdq_timing_pre_pass_v1_2.vp
I: Verilog-0002: [D:/ZGTC/Work/ccc/ipcore/ddr3_test/rtl/mcdq_ctrl/syn_mod/ips2l_mcdq_timing_pre_pass_v1_2.vp(line number: 148)] Analyzing module ips2l_mcdq_timing_pre_pass_v1_2 (library work)
Parsing done.
Executing : .rtl_analyze -include_path {D:/ZGTC/Work/ccc} D:/ZGTC/Work/ccc/ipcore/ddr3_test/rtl/mcdq_ctrl/syn_mod/ips2l_mcdq_timing_pre_pass_v1_2.vp successfully.
Executing : .rtl_analyze -include_path {D:/ZGTC/Work/ccc} D:/ZGTC/Work/ccc/ipcore/ddr3_test/rtl/mcdq_ctrl/syn_mod/ips2l_mcdq_timing_rd_pass_v1_2.vp
I: Verilog-0001: Analyzing file D:/ZGTC/Work/ccc/ipcore/ddr3_test/rtl/mcdq_ctrl/syn_mod/ips2l_mcdq_timing_rd_pass_v1_2.vp
I: Verilog-0002: [D:/ZGTC/Work/ccc/ipcore/ddr3_test/rtl/mcdq_ctrl/syn_mod/ips2l_mcdq_timing_rd_pass_v1_2.vp(line number: 128)] Analyzing module ips2l_mcdq_timing_rd_pass_v1_2 (library work)
Parsing done.
Executing : .rtl_analyze -include_path {D:/ZGTC/Work/ccc} D:/ZGTC/Work/ccc/ipcore/ddr3_test/rtl/mcdq_ctrl/syn_mod/ips2l_mcdq_timing_rd_pass_v1_2.vp successfully.
Executing : .rtl_analyze -include_path {D:/ZGTC/Work/ccc} D:/ZGTC/Work/ccc/ipcore/ddr3_test/rtl/mcdq_ctrl/syn_mod/ips2l_mcdq_timing_ref_pass_v1_2.vp
I: Verilog-0001: Analyzing file D:/ZGTC/Work/ccc/ipcore/ddr3_test/rtl/mcdq_ctrl/syn_mod/ips2l_mcdq_timing_ref_pass_v1_2.vp
I: Verilog-0002: [D:/ZGTC/Work/ccc/ipcore/ddr3_test/rtl/mcdq_ctrl/syn_mod/ips2l_mcdq_timing_ref_pass_v1_2.vp(line number: 90)] Analyzing module ips2l_mcdq_timing_ref_pass_v1_2 (library work)
Parsing done.
Executing : .rtl_analyze -include_path {D:/ZGTC/Work/ccc} D:/ZGTC/Work/ccc/ipcore/ddr3_test/rtl/mcdq_ctrl/syn_mod/ips2l_mcdq_timing_ref_pass_v1_2.vp successfully.
Executing : .rtl_analyze -include_path {D:/ZGTC/Work/ccc} D:/ZGTC/Work/ccc/ipcore/ddr3_test/rtl/mcdq_ctrl/syn_mod/ips2l_mcdq_timing_wr_pass_v1_2.vp
I: Verilog-0001: Analyzing file D:/ZGTC/Work/ccc/ipcore/ddr3_test/rtl/mcdq_ctrl/syn_mod/ips2l_mcdq_timing_wr_pass_v1_2.vp
I: Verilog-0002: [D:/ZGTC/Work/ccc/ipcore/ddr3_test/rtl/mcdq_ctrl/syn_mod/ips2l_mcdq_timing_wr_pass_v1_2.vp(line number: 127)] Analyzing module ips2l_mcdq_timing_wr_pass_v1_2 (library work)
Parsing done.
Executing : .rtl_analyze -include_path {D:/ZGTC/Work/ccc} D:/ZGTC/Work/ccc/ipcore/ddr3_test/rtl/mcdq_ctrl/syn_mod/ips2l_mcdq_timing_wr_pass_v1_2.vp successfully.
Executing : .rtl_analyze -include_path {D:/ZGTC/Work/ccc} D:/ZGTC/Work/ccc/ipcore/ddr3_test/rtl/mcdq_ctrl/syn_mod/ips2l_mcdq_trc_timing_v1_2.vp
I: Verilog-0001: Analyzing file D:/ZGTC/Work/ccc/ipcore/ddr3_test/rtl/mcdq_ctrl/syn_mod/ips2l_mcdq_trc_timing_v1_2.vp
I: Verilog-0002: [D:/ZGTC/Work/ccc/ipcore/ddr3_test/rtl/mcdq_ctrl/syn_mod/ips2l_mcdq_trc_timing_v1_2.vp(line number: 149)] Analyzing module ips2l_mcdq_trc_timing_v1_2 (library work)
Parsing done.
Executing : .rtl_analyze -include_path {D:/ZGTC/Work/ccc} D:/ZGTC/Work/ccc/ipcore/ddr3_test/rtl/mcdq_ctrl/syn_mod/ips2l_mcdq_trc_timing_v1_2.vp successfully.
Executing : .rtl_analyze -include_path {D:/ZGTC/Work/ccc} D:/ZGTC/Work/ccc/ipcore/ddr3_test/rtl/mcdq_ctrl/distributed_fifo/ips2l_distributed_fifo_v1_0.vp
I: Verilog-0001: Analyzing file D:/ZGTC/Work/ccc/ipcore/ddr3_test/rtl/mcdq_ctrl/distributed_fifo/ips2l_distributed_fifo_v1_0.vp
I: Verilog-0002: [D:/ZGTC/Work/ccc/ipcore/ddr3_test/rtl/mcdq_ctrl/distributed_fifo/ips2l_distributed_fifo_v1_0.vp(line number: 130)] Analyzing module ips2l_distributed_fifo_v1_0 (library work)
Parsing done.
Executing : .rtl_analyze -include_path {D:/ZGTC/Work/ccc} D:/ZGTC/Work/ccc/ipcore/ddr3_test/rtl/mcdq_ctrl/distributed_fifo/ips2l_distributed_fifo_v1_0.vp successfully.
Executing : .rtl_analyze -include_path {D:/ZGTC/Work/ccc} D:/ZGTC/Work/ccc/ipcore/ddr3_test/rtl/mcdq_ctrl/distributed_fifo/rtl/ips2l_distributed_fifo_ctr_v1_0.vp
I: Verilog-0001: Analyzing file D:/ZGTC/Work/ccc/ipcore/ddr3_test/rtl/mcdq_ctrl/distributed_fifo/rtl/ips2l_distributed_fifo_ctr_v1_0.vp
I: Verilog-0002: [D:/ZGTC/Work/ccc/ipcore/ddr3_test/rtl/mcdq_ctrl/distributed_fifo/rtl/ips2l_distributed_fifo_ctr_v1_0.vp(line number: 269)] Analyzing module ips2l_distributed_fifo_ctr_v1_0 (library work)
Parsing done.
Executing : .rtl_analyze -include_path {D:/ZGTC/Work/ccc} D:/ZGTC/Work/ccc/ipcore/ddr3_test/rtl/mcdq_ctrl/distributed_fifo/rtl/ips2l_distributed_fifo_ctr_v1_0.vp successfully.
Executing : .rtl_analyze -include_path {D:/ZGTC/Work/ccc} D:/ZGTC/Work/ccc/ipcore/ddr3_test/rtl/mcdq_ctrl/distributed_fifo/rtl/ips2l_distributed_fifo_v1_0_distributed_fifo_v1_0.vp
I: Verilog-0001: Analyzing file D:/ZGTC/Work/ccc/ipcore/ddr3_test/rtl/mcdq_ctrl/distributed_fifo/rtl/ips2l_distributed_fifo_v1_0_distributed_fifo_v1_0.vp
I: Verilog-0002: [D:/ZGTC/Work/ccc/ipcore/ddr3_test/rtl/mcdq_ctrl/distributed_fifo/rtl/ips2l_distributed_fifo_v1_0_distributed_fifo_v1_0.vp(line number: 130)] Analyzing module ips2l_distributed_fifo_v1_0_distributed_fifo_v1_0 (library work)
Parsing done.
Executing : .rtl_analyze -include_path {D:/ZGTC/Work/ccc} D:/ZGTC/Work/ccc/ipcore/ddr3_test/rtl/mcdq_ctrl/distributed_fifo/rtl/ips2l_distributed_fifo_v1_0_distributed_fifo_v1_0.vp successfully.
Executing : .rtl_analyze -include_path {D:/ZGTC/Work/ccc} D:/ZGTC/Work/ccc/ipcore/ddr3_test/rtl/mcdq_ctrl/distributed_fifo/rtl/ips2l_distributed_sdpram_v1_0_distributed_fifo_v1_0.vp
I: Verilog-0001: Analyzing file D:/ZGTC/Work/ccc/ipcore/ddr3_test/rtl/mcdq_ctrl/distributed_fifo/rtl/ips2l_distributed_sdpram_v1_0_distributed_fifo_v1_0.vp
I: Verilog-0002: [D:/ZGTC/Work/ccc/ipcore/ddr3_test/rtl/mcdq_ctrl/distributed_fifo/rtl/ips2l_distributed_sdpram_v1_0_distributed_fifo_v1_0.vp(line number: 120)] Analyzing module ips2l_distributed_sdpram_v1_0_distributed_fifo_v1_0 (library work)
I: [D:/ZGTC/Work/ccc/ipcore/ddr3_test/rtl/mcdq_ctrl/distributed_fifo/rtl/ips2l_distributed_sdpram_v1_0_distributed_fifo_v1_0.vp(line number: 129)] Convert attribute name from syn_ramstyle to PAP_RAM_STYLE
Parsing done.
Executing : .rtl_analyze -include_path {D:/ZGTC/Work/ccc} D:/ZGTC/Work/ccc/ipcore/ddr3_test/rtl/mcdq_ctrl/distributed_fifo/rtl/ips2l_distributed_sdpram_v1_0_distributed_fifo_v1_0.vp successfully.
Executing : .rtl_analyze -include_path {D:/ZGTC/Work/ccc} D:/ZGTC/Work/ccc/ipcore/ddr3_test/ddr3_test.v
I: Verilog-0001: Analyzing file D:/ZGTC/Work/ccc/ipcore/ddr3_test/ddr3_test.v
I: Verilog-0002: [D:/ZGTC/Work/ccc/ipcore/ddr3_test/ddr3_test.v(line number: 12)] Analyzing module ddr3_test (library work)
Parsing done.
Executing : .rtl_analyze -include_path {D:/ZGTC/Work/ccc} D:/ZGTC/Work/ccc/ipcore/ddr3_test/ddr3_test.v successfully.
Executing : .rtl_analyze -include_path {D:/ZGTC/Work/ccc} D:/ZGTC/Work/ccc/ipcore/ddr3_test/ddr3_test_ddrphy_top.v
I: Verilog-0001: Analyzing file D:/ZGTC/Work/ccc/ipcore/ddr3_test/ddr3_test_ddrphy_top.v
I: Verilog-0002: [D:/ZGTC/Work/ccc/ipcore/ddr3_test/ddr3_test_ddrphy_top.v(line number: 12)] Analyzing module ddr3_test_ddrphy_top (library work)
Parsing done.
Executing : .rtl_analyze -include_path {D:/ZGTC/Work/ccc} D:/ZGTC/Work/ccc/ipcore/ddr3_test/ddr3_test_ddrphy_top.v successfully.
Executing : .rtl_analyze -include_path {D:/ZGTC/Work/ccc} D:/ZGTC/Work/ccc/ipcore/ddr3_test/rtl/ddrphy/ddr3_test_slice_top_v1_10.v
I: Verilog-0001: Analyzing file D:/ZGTC/Work/ccc/ipcore/ddr3_test/rtl/ddrphy/ddr3_test_slice_top_v1_10.v
I: Verilog-0002: [D:/ZGTC/Work/ccc/ipcore/ddr3_test/rtl/ddrphy/ddr3_test_slice_top_v1_10.v(line number: 12)] Analyzing module ddr3_test_slice_top_v1_10 (library work)
Parsing done.
Executing : .rtl_analyze -include_path {D:/ZGTC/Work/ccc} D:/ZGTC/Work/ccc/ipcore/ddr3_test/rtl/ddrphy/ddr3_test_slice_top_v1_10.v successfully.
Executing : .rtl_analyze -include_path {D:/ZGTC/Work/ccc} D:/ZGTC/Work/ccc/ipcore/fifo_line_buf/rtl/ipm2l_fifo_ctrl_v1_1_fifo_line_buf.v
I: Verilog-0001: Analyzing file D:/ZGTC/Work/ccc/ipcore/fifo_line_buf/rtl/ipm2l_fifo_ctrl_v1_1_fifo_line_buf.v
I: Verilog-0002: [D:/ZGTC/Work/ccc/ipcore/fifo_line_buf/rtl/ipm2l_fifo_ctrl_v1_1_fifo_line_buf.v(line number: 18)] Analyzing module ipm2l_fifo_ctrl_v1_1_fifo_line_buf (library work)
I: [D:/ZGTC/Work/ccc/ipcore/fifo_line_buf/rtl/ipm2l_fifo_ctrl_v1_1_fifo_line_buf.v(line number: 46)] Convert attribute name from syn_preserve to PAP_PRESERVE
I: [D:/ZGTC/Work/ccc/ipcore/fifo_line_buf/rtl/ipm2l_fifo_ctrl_v1_1_fifo_line_buf.v(line number: 48)] Convert attribute name from syn_preserve to PAP_PRESERVE
I: [D:/ZGTC/Work/ccc/ipcore/fifo_line_buf/rtl/ipm2l_fifo_ctrl_v1_1_fifo_line_buf.v(line number: 59)] Convert attribute name from syn_preserve to PAP_PRESERVE
I: [D:/ZGTC/Work/ccc/ipcore/fifo_line_buf/rtl/ipm2l_fifo_ctrl_v1_1_fifo_line_buf.v(line number: 61)] Convert attribute name from syn_preserve to PAP_PRESERVE
Parsing done.
Executing : .rtl_analyze -include_path {D:/ZGTC/Work/ccc} D:/ZGTC/Work/ccc/ipcore/fifo_line_buf/rtl/ipm2l_fifo_ctrl_v1_1_fifo_line_buf.v successfully.
Executing : .rtl_analyze -include_path {D:/ZGTC/Work/ccc} D:/ZGTC/Work/ccc/ipcore/fifo_line_buf/rtl/ipm2l_sdpram_v1_10_fifo_line_buf.v
I: Verilog-0001: Analyzing file D:/ZGTC/Work/ccc/ipcore/fifo_line_buf/rtl/ipm2l_sdpram_v1_10_fifo_line_buf.v
I: Verilog-0002: [D:/ZGTC/Work/ccc/ipcore/fifo_line_buf/rtl/ipm2l_sdpram_v1_10_fifo_line_buf.v(line number: 18)] Analyzing module ipm2l_sdpram_v1_10_fifo_line_buf (library work)
W: Verilog-2008: [D:/ZGTC/Work/ccc/ipcore/fifo_line_buf/rtl/ipm2l_sdpram_v1_10_fifo_line_buf.v(line number: 349)] Ignore 'system task' $display
W: Verilog-2008: [D:/ZGTC/Work/ccc/ipcore/fifo_line_buf/rtl/ipm2l_sdpram_v1_10_fifo_line_buf.v(line number: 350)] Ignore 'system task' $finish
W: Verilog-2008: [D:/ZGTC/Work/ccc/ipcore/fifo_line_buf/rtl/ipm2l_sdpram_v1_10_fifo_line_buf.v(line number: 353)] Ignore 'system task' $display
W: Verilog-2008: [D:/ZGTC/Work/ccc/ipcore/fifo_line_buf/rtl/ipm2l_sdpram_v1_10_fifo_line_buf.v(line number: 357)] Ignore 'system task' $display
W: Verilog-2008: [D:/ZGTC/Work/ccc/ipcore/fifo_line_buf/rtl/ipm2l_sdpram_v1_10_fifo_line_buf.v(line number: 361)] Ignore 'system task' $display
W: Verilog-2008: [D:/ZGTC/Work/ccc/ipcore/fifo_line_buf/rtl/ipm2l_sdpram_v1_10_fifo_line_buf.v(line number: 365)] Ignore 'system task' $display
W: Verilog-2008: [D:/ZGTC/Work/ccc/ipcore/fifo_line_buf/rtl/ipm2l_sdpram_v1_10_fifo_line_buf.v(line number: 373)] Ignore 'system task' $display
W: Verilog-2008: [D:/ZGTC/Work/ccc/ipcore/fifo_line_buf/rtl/ipm2l_sdpram_v1_10_fifo_line_buf.v(line number: 374)] Ignore 'system task' $finish
W: Verilog-2008: [D:/ZGTC/Work/ccc/ipcore/fifo_line_buf/rtl/ipm2l_sdpram_v1_10_fifo_line_buf.v(line number: 377)] Ignore 'system task' $display
W: Verilog-2008: [D:/ZGTC/Work/ccc/ipcore/fifo_line_buf/rtl/ipm2l_sdpram_v1_10_fifo_line_buf.v(line number: 378)] Ignore 'system task' $finish
W: Verilog-2008: [D:/ZGTC/Work/ccc/ipcore/fifo_line_buf/rtl/ipm2l_sdpram_v1_10_fifo_line_buf.v(line number: 381)] Ignore 'system task' $display
W: Verilog-2008: [D:/ZGTC/Work/ccc/ipcore/fifo_line_buf/rtl/ipm2l_sdpram_v1_10_fifo_line_buf.v(line number: 382)] Ignore 'system task' $finish
W: Verilog-2008: [D:/ZGTC/Work/ccc/ipcore/fifo_line_buf/rtl/ipm2l_sdpram_v1_10_fifo_line_buf.v(line number: 385)] Ignore 'system task' $display
W: Verilog-2008: [D:/ZGTC/Work/ccc/ipcore/fifo_line_buf/rtl/ipm2l_sdpram_v1_10_fifo_line_buf.v(line number: 386)] Ignore 'system task' $finish
W: Verilog-2008: [D:/ZGTC/Work/ccc/ipcore/fifo_line_buf/rtl/ipm2l_sdpram_v1_10_fifo_line_buf.v(line number: 389)] Ignore 'system task' $display
W: Verilog-2008: [D:/ZGTC/Work/ccc/ipcore/fifo_line_buf/rtl/ipm2l_sdpram_v1_10_fifo_line_buf.v(line number: 390)] Ignore 'system task' $finish
W: Verilog-2008: [D:/ZGTC/Work/ccc/ipcore/fifo_line_buf/rtl/ipm2l_sdpram_v1_10_fifo_line_buf.v(line number: 393)] Ignore 'system task' $display
W: Verilog-2008: [D:/ZGTC/Work/ccc/ipcore/fifo_line_buf/rtl/ipm2l_sdpram_v1_10_fifo_line_buf.v(line number: 394)] Ignore 'system task' $finish
W: Verilog-2008: [D:/ZGTC/Work/ccc/ipcore/fifo_line_buf/rtl/ipm2l_sdpram_v1_10_fifo_line_buf.v(line number: 397)] Ignore 'system task' $display
W: Verilog-2008: [D:/ZGTC/Work/ccc/ipcore/fifo_line_buf/rtl/ipm2l_sdpram_v1_10_fifo_line_buf.v(line number: 398)] Ignore 'system task' $finish
W: Verilog-2008: [D:/ZGTC/Work/ccc/ipcore/fifo_line_buf/rtl/ipm2l_sdpram_v1_10_fifo_line_buf.v(line number: 401)] Ignore 'system task' $display
W: Verilog-2008: [D:/ZGTC/Work/ccc/ipcore/fifo_line_buf/rtl/ipm2l_sdpram_v1_10_fifo_line_buf.v(line number: 402)] Ignore 'system task' $finish
W: Verilog-2008: [D:/ZGTC/Work/ccc/ipcore/fifo_line_buf/rtl/ipm2l_sdpram_v1_10_fifo_line_buf.v(line number: 405)] Ignore 'system task' $display
W: Verilog-2008: [D:/ZGTC/Work/ccc/ipcore/fifo_line_buf/rtl/ipm2l_sdpram_v1_10_fifo_line_buf.v(line number: 406)] Ignore 'system task' $finish
W: Verilog-2008: [D:/ZGTC/Work/ccc/ipcore/fifo_line_buf/rtl/ipm2l_sdpram_v1_10_fifo_line_buf.v(line number: 409)] Ignore 'system task' $display
W: Verilog-2008: [D:/ZGTC/Work/ccc/ipcore/fifo_line_buf/rtl/ipm2l_sdpram_v1_10_fifo_line_buf.v(line number: 410)] Ignore 'system task' $finish
W: Verilog-2008: [D:/ZGTC/Work/ccc/ipcore/fifo_line_buf/rtl/ipm2l_sdpram_v1_10_fifo_line_buf.v(line number: 413)] Ignore 'system task' $display
W: Verilog-2008: [D:/ZGTC/Work/ccc/ipcore/fifo_line_buf/rtl/ipm2l_sdpram_v1_10_fifo_line_buf.v(line number: 414)] Ignore 'system task' $finish
W: Verilog-2008: [D:/ZGTC/Work/ccc/ipcore/fifo_line_buf/rtl/ipm2l_sdpram_v1_10_fifo_line_buf.v(line number: 417)] Ignore 'system task' $display
W: Verilog-2008: [D:/ZGTC/Work/ccc/ipcore/fifo_line_buf/rtl/ipm2l_sdpram_v1_10_fifo_line_buf.v(line number: 418)] Ignore 'system task' $finish
W: Verilog-2008: [D:/ZGTC/Work/ccc/ipcore/fifo_line_buf/rtl/ipm2l_sdpram_v1_10_fifo_line_buf.v(line number: 421)] Ignore 'system task' $display
W: Verilog-2008: [D:/ZGTC/Work/ccc/ipcore/fifo_line_buf/rtl/ipm2l_sdpram_v1_10_fifo_line_buf.v(line number: 422)] Ignore 'system task' $finish
W: Verilog-2008: [D:/ZGTC/Work/ccc/ipcore/fifo_line_buf/rtl/ipm2l_sdpram_v1_10_fifo_line_buf.v(line number: 425)] Ignore 'system task' $display
W: Verilog-2008: [D:/ZGTC/Work/ccc/ipcore/fifo_line_buf/rtl/ipm2l_sdpram_v1_10_fifo_line_buf.v(line number: 426)] Ignore 'system task' $finish
W: Verilog-2008: [D:/ZGTC/Work/ccc/ipcore/fifo_line_buf/rtl/ipm2l_sdpram_v1_10_fifo_line_buf.v(line number: 429)] Ignore 'system task' $display
W: Verilog-2008: [D:/ZGTC/Work/ccc/ipcore/fifo_line_buf/rtl/ipm2l_sdpram_v1_10_fifo_line_buf.v(line number: 430)] Ignore 'system task' $finish
W: Verilog-2008: [D:/ZGTC/Work/ccc/ipcore/fifo_line_buf/rtl/ipm2l_sdpram_v1_10_fifo_line_buf.v(line number: 433)] Ignore 'system task' $display
W: Verilog-2008: [D:/ZGTC/Work/ccc/ipcore/fifo_line_buf/rtl/ipm2l_sdpram_v1_10_fifo_line_buf.v(line number: 434)] Ignore 'system task' $finish
W: Verilog-2008: [D:/ZGTC/Work/ccc/ipcore/fifo_line_buf/rtl/ipm2l_sdpram_v1_10_fifo_line_buf.v(line number: 437)] Ignore 'system task' $display
W: Verilog-2008: [D:/ZGTC/Work/ccc/ipcore/fifo_line_buf/rtl/ipm2l_sdpram_v1_10_fifo_line_buf.v(line number: 438)] Ignore 'system task' $finish
W: Verilog-2008: [D:/ZGTC/Work/ccc/ipcore/fifo_line_buf/rtl/ipm2l_sdpram_v1_10_fifo_line_buf.v(line number: 442)] Ignore 'system task' $display
W: Verilog-2008: [D:/ZGTC/Work/ccc/ipcore/fifo_line_buf/rtl/ipm2l_sdpram_v1_10_fifo_line_buf.v(line number: 443)] Ignore 'system task' $finish
W: Verilog-2008: [D:/ZGTC/Work/ccc/ipcore/fifo_line_buf/rtl/ipm2l_sdpram_v1_10_fifo_line_buf.v(line number: 446)] Ignore 'system task' $display
W: Verilog-2008: [D:/ZGTC/Work/ccc/ipcore/fifo_line_buf/rtl/ipm2l_sdpram_v1_10_fifo_line_buf.v(line number: 447)] Ignore 'system task' $finish
W: Verilog-2008: [D:/ZGTC/Work/ccc/ipcore/fifo_line_buf/rtl/ipm2l_sdpram_v1_10_fifo_line_buf.v(line number: 451)] Ignore 'system task' $display
W: Verilog-2008: [D:/ZGTC/Work/ccc/ipcore/fifo_line_buf/rtl/ipm2l_sdpram_v1_10_fifo_line_buf.v(line number: 452)] Ignore 'system task' $finish
W: Verilog-2008: [D:/ZGTC/Work/ccc/ipcore/fifo_line_buf/rtl/ipm2l_sdpram_v1_10_fifo_line_buf.v(line number: 457)] Ignore 'system task' $display
W: Verilog-2008: [D:/ZGTC/Work/ccc/ipcore/fifo_line_buf/rtl/ipm2l_sdpram_v1_10_fifo_line_buf.v(line number: 458)] Ignore 'system task' $finish
W: Verilog-2008: [D:/ZGTC/Work/ccc/ipcore/fifo_line_buf/rtl/ipm2l_sdpram_v1_10_fifo_line_buf.v(line number: 461)] Ignore 'system task' $display
W: Verilog-2008: [D:/ZGTC/Work/ccc/ipcore/fifo_line_buf/rtl/ipm2l_sdpram_v1_10_fifo_line_buf.v(line number: 462)] Ignore 'system task' $finish
W: Verilog-2008: [D:/ZGTC/Work/ccc/ipcore/fifo_line_buf/rtl/ipm2l_sdpram_v1_10_fifo_line_buf.v(line number: 465)] Ignore 'system task' $display
W: Verilog-2008: [D:/ZGTC/Work/ccc/ipcore/fifo_line_buf/rtl/ipm2l_sdpram_v1_10_fifo_line_buf.v(line number: 466)] Ignore 'system task' $finish
W: Verilog-2008: [D:/ZGTC/Work/ccc/ipcore/fifo_line_buf/rtl/ipm2l_sdpram_v1_10_fifo_line_buf.v(line number: 471)] Ignore 'system task' $display
W: Verilog-2008: [D:/ZGTC/Work/ccc/ipcore/fifo_line_buf/rtl/ipm2l_sdpram_v1_10_fifo_line_buf.v(line number: 472)] Ignore 'system task' $finish
Parsing done.
Executing : .rtl_analyze -include_path {D:/ZGTC/Work/ccc} D:/ZGTC/Work/ccc/ipcore/fifo_line_buf/rtl/ipm2l_sdpram_v1_10_fifo_line_buf.v successfully.
Executing : .rtl_analyze -include_path {D:/ZGTC/Work/ccc} D:/ZGTC/Work/ccc/ipcore/fifo_line_buf/rtl/ipm2l_fifo_v1_10_fifo_line_buf.v
I: Verilog-0001: Analyzing file D:/ZGTC/Work/ccc/ipcore/fifo_line_buf/rtl/ipm2l_fifo_v1_10_fifo_line_buf.v
I: Verilog-0002: [D:/ZGTC/Work/ccc/ipcore/fifo_line_buf/rtl/ipm2l_fifo_v1_10_fifo_line_buf.v(line number: 19)] Analyzing module ipm2l_fifo_v1_10_fifo_line_buf (library work)
Parsing done.
Executing : .rtl_analyze -include_path {D:/ZGTC/Work/ccc} D:/ZGTC/Work/ccc/ipcore/fifo_line_buf/rtl/ipm2l_fifo_v1_10_fifo_line_buf.v successfully.
Executing : .rtl_analyze -include_path {D:/ZGTC/Work/ccc} D:/ZGTC/Work/ccc/ipcore/fifo_line_buf/fifo_line_buf.v
I: Verilog-0001: Analyzing file D:/ZGTC/Work/ccc/ipcore/fifo_line_buf/fifo_line_buf.v
I: Verilog-0002: [D:/ZGTC/Work/ccc/ipcore/fifo_line_buf/fifo_line_buf.v(line number: 16)] Analyzing module fifo_line_buf (library work)
Parsing done.
Executing : .rtl_analyze -include_path {D:/ZGTC/Work/ccc} D:/ZGTC/Work/ccc/ipcore/fifo_line_buf/fifo_line_buf.v successfully.
Executing : .rtl_analyze -include_path {D:/ZGTC/Work/ccc} D:/ZGTC/Work/ccc/ipcore/eth_pkt_fifo/rtl/ipm2l_fifo_ctrl_v1_1_eth_pkt_fifo.v
I: Verilog-0001: Analyzing file D:/ZGTC/Work/ccc/ipcore/eth_pkt_fifo/rtl/ipm2l_fifo_ctrl_v1_1_eth_pkt_fifo.v
I: Verilog-0002: [D:/ZGTC/Work/ccc/ipcore/eth_pkt_fifo/rtl/ipm2l_fifo_ctrl_v1_1_eth_pkt_fifo.v(line number: 18)] Analyzing module ipm2l_fifo_ctrl_v1_1_eth_pkt_fifo (library work)
I: [D:/ZGTC/Work/ccc/ipcore/eth_pkt_fifo/rtl/ipm2l_fifo_ctrl_v1_1_eth_pkt_fifo.v(line number: 46)] Convert attribute name from syn_preserve to PAP_PRESERVE
I: [D:/ZGTC/Work/ccc/ipcore/eth_pkt_fifo/rtl/ipm2l_fifo_ctrl_v1_1_eth_pkt_fifo.v(line number: 48)] Convert attribute name from syn_preserve to PAP_PRESERVE
I: [D:/ZGTC/Work/ccc/ipcore/eth_pkt_fifo/rtl/ipm2l_fifo_ctrl_v1_1_eth_pkt_fifo.v(line number: 59)] Convert attribute name from syn_preserve to PAP_PRESERVE
I: [D:/ZGTC/Work/ccc/ipcore/eth_pkt_fifo/rtl/ipm2l_fifo_ctrl_v1_1_eth_pkt_fifo.v(line number: 61)] Convert attribute name from syn_preserve to PAP_PRESERVE
Parsing done.
Executing : .rtl_analyze -include_path {D:/ZGTC/Work/ccc} D:/ZGTC/Work/ccc/ipcore/eth_pkt_fifo/rtl/ipm2l_fifo_ctrl_v1_1_eth_pkt_fifo.v successfully.
Executing : .rtl_analyze -include_path {D:/ZGTC/Work/ccc} D:/ZGTC/Work/ccc/ipcore/eth_pkt_fifo/rtl/ipm2l_sdpram_v1_10_eth_pkt_fifo.v
I: Verilog-0001: Analyzing file D:/ZGTC/Work/ccc/ipcore/eth_pkt_fifo/rtl/ipm2l_sdpram_v1_10_eth_pkt_fifo.v
I: Verilog-0002: [D:/ZGTC/Work/ccc/ipcore/eth_pkt_fifo/rtl/ipm2l_sdpram_v1_10_eth_pkt_fifo.v(line number: 18)] Analyzing module ipm2l_sdpram_v1_10_eth_pkt_fifo (library work)
W: Verilog-2008: [D:/ZGTC/Work/ccc/ipcore/eth_pkt_fifo/rtl/ipm2l_sdpram_v1_10_eth_pkt_fifo.v(line number: 349)] Ignore 'system task' $display
W: Verilog-2008: [D:/ZGTC/Work/ccc/ipcore/eth_pkt_fifo/rtl/ipm2l_sdpram_v1_10_eth_pkt_fifo.v(line number: 350)] Ignore 'system task' $finish
W: Verilog-2008: [D:/ZGTC/Work/ccc/ipcore/eth_pkt_fifo/rtl/ipm2l_sdpram_v1_10_eth_pkt_fifo.v(line number: 353)] Ignore 'system task' $display
W: Verilog-2008: [D:/ZGTC/Work/ccc/ipcore/eth_pkt_fifo/rtl/ipm2l_sdpram_v1_10_eth_pkt_fifo.v(line number: 357)] Ignore 'system task' $display
W: Verilog-2008: [D:/ZGTC/Work/ccc/ipcore/eth_pkt_fifo/rtl/ipm2l_sdpram_v1_10_eth_pkt_fifo.v(line number: 361)] Ignore 'system task' $display
W: Verilog-2008: [D:/ZGTC/Work/ccc/ipcore/eth_pkt_fifo/rtl/ipm2l_sdpram_v1_10_eth_pkt_fifo.v(line number: 365)] Ignore 'system task' $display
W: Verilog-2008: [D:/ZGTC/Work/ccc/ipcore/eth_pkt_fifo/rtl/ipm2l_sdpram_v1_10_eth_pkt_fifo.v(line number: 373)] Ignore 'system task' $display
W: Verilog-2008: [D:/ZGTC/Work/ccc/ipcore/eth_pkt_fifo/rtl/ipm2l_sdpram_v1_10_eth_pkt_fifo.v(line number: 374)] Ignore 'system task' $finish
W: Verilog-2008: [D:/ZGTC/Work/ccc/ipcore/eth_pkt_fifo/rtl/ipm2l_sdpram_v1_10_eth_pkt_fifo.v(line number: 377)] Ignore 'system task' $display
W: Verilog-2008: [D:/ZGTC/Work/ccc/ipcore/eth_pkt_fifo/rtl/ipm2l_sdpram_v1_10_eth_pkt_fifo.v(line number: 378)] Ignore 'system task' $finish
W: Verilog-2008: [D:/ZGTC/Work/ccc/ipcore/eth_pkt_fifo/rtl/ipm2l_sdpram_v1_10_eth_pkt_fifo.v(line number: 381)] Ignore 'system task' $display
W: Verilog-2008: [D:/ZGTC/Work/ccc/ipcore/eth_pkt_fifo/rtl/ipm2l_sdpram_v1_10_eth_pkt_fifo.v(line number: 382)] Ignore 'system task' $finish
W: Verilog-2008: [D:/ZGTC/Work/ccc/ipcore/eth_pkt_fifo/rtl/ipm2l_sdpram_v1_10_eth_pkt_fifo.v(line number: 385)] Ignore 'system task' $display
W: Verilog-2008: [D:/ZGTC/Work/ccc/ipcore/eth_pkt_fifo/rtl/ipm2l_sdpram_v1_10_eth_pkt_fifo.v(line number: 386)] Ignore 'system task' $finish
W: Verilog-2008: [D:/ZGTC/Work/ccc/ipcore/eth_pkt_fifo/rtl/ipm2l_sdpram_v1_10_eth_pkt_fifo.v(line number: 389)] Ignore 'system task' $display
W: Verilog-2008: [D:/ZGTC/Work/ccc/ipcore/eth_pkt_fifo/rtl/ipm2l_sdpram_v1_10_eth_pkt_fifo.v(line number: 390)] Ignore 'system task' $finish
W: Verilog-2008: [D:/ZGTC/Work/ccc/ipcore/eth_pkt_fifo/rtl/ipm2l_sdpram_v1_10_eth_pkt_fifo.v(line number: 393)] Ignore 'system task' $display
W: Verilog-2008: [D:/ZGTC/Work/ccc/ipcore/eth_pkt_fifo/rtl/ipm2l_sdpram_v1_10_eth_pkt_fifo.v(line number: 394)] Ignore 'system task' $finish
W: Verilog-2008: [D:/ZGTC/Work/ccc/ipcore/eth_pkt_fifo/rtl/ipm2l_sdpram_v1_10_eth_pkt_fifo.v(line number: 397)] Ignore 'system task' $display
W: Verilog-2008: [D:/ZGTC/Work/ccc/ipcore/eth_pkt_fifo/rtl/ipm2l_sdpram_v1_10_eth_pkt_fifo.v(line number: 398)] Ignore 'system task' $finish
W: Verilog-2008: [D:/ZGTC/Work/ccc/ipcore/eth_pkt_fifo/rtl/ipm2l_sdpram_v1_10_eth_pkt_fifo.v(line number: 401)] Ignore 'system task' $display
W: Verilog-2008: [D:/ZGTC/Work/ccc/ipcore/eth_pkt_fifo/rtl/ipm2l_sdpram_v1_10_eth_pkt_fifo.v(line number: 402)] Ignore 'system task' $finish
W: Verilog-2008: [D:/ZGTC/Work/ccc/ipcore/eth_pkt_fifo/rtl/ipm2l_sdpram_v1_10_eth_pkt_fifo.v(line number: 405)] Ignore 'system task' $display
W: Verilog-2008: [D:/ZGTC/Work/ccc/ipcore/eth_pkt_fifo/rtl/ipm2l_sdpram_v1_10_eth_pkt_fifo.v(line number: 406)] Ignore 'system task' $finish
W: Verilog-2008: [D:/ZGTC/Work/ccc/ipcore/eth_pkt_fifo/rtl/ipm2l_sdpram_v1_10_eth_pkt_fifo.v(line number: 409)] Ignore 'system task' $display
W: Verilog-2008: [D:/ZGTC/Work/ccc/ipcore/eth_pkt_fifo/rtl/ipm2l_sdpram_v1_10_eth_pkt_fifo.v(line number: 410)] Ignore 'system task' $finish
W: Verilog-2008: [D:/ZGTC/Work/ccc/ipcore/eth_pkt_fifo/rtl/ipm2l_sdpram_v1_10_eth_pkt_fifo.v(line number: 413)] Ignore 'system task' $display
W: Verilog-2008: [D:/ZGTC/Work/ccc/ipcore/eth_pkt_fifo/rtl/ipm2l_sdpram_v1_10_eth_pkt_fifo.v(line number: 414)] Ignore 'system task' $finish
W: Verilog-2008: [D:/ZGTC/Work/ccc/ipcore/eth_pkt_fifo/rtl/ipm2l_sdpram_v1_10_eth_pkt_fifo.v(line number: 417)] Ignore 'system task' $display
W: Verilog-2008: [D:/ZGTC/Work/ccc/ipcore/eth_pkt_fifo/rtl/ipm2l_sdpram_v1_10_eth_pkt_fifo.v(line number: 418)] Ignore 'system task' $finish
W: Verilog-2008: [D:/ZGTC/Work/ccc/ipcore/eth_pkt_fifo/rtl/ipm2l_sdpram_v1_10_eth_pkt_fifo.v(line number: 421)] Ignore 'system task' $display
W: Verilog-2008: [D:/ZGTC/Work/ccc/ipcore/eth_pkt_fifo/rtl/ipm2l_sdpram_v1_10_eth_pkt_fifo.v(line number: 422)] Ignore 'system task' $finish
W: Verilog-2008: [D:/ZGTC/Work/ccc/ipcore/eth_pkt_fifo/rtl/ipm2l_sdpram_v1_10_eth_pkt_fifo.v(line number: 425)] Ignore 'system task' $display
W: Verilog-2008: [D:/ZGTC/Work/ccc/ipcore/eth_pkt_fifo/rtl/ipm2l_sdpram_v1_10_eth_pkt_fifo.v(line number: 426)] Ignore 'system task' $finish
W: Verilog-2008: [D:/ZGTC/Work/ccc/ipcore/eth_pkt_fifo/rtl/ipm2l_sdpram_v1_10_eth_pkt_fifo.v(line number: 429)] Ignore 'system task' $display
W: Verilog-2008: [D:/ZGTC/Work/ccc/ipcore/eth_pkt_fifo/rtl/ipm2l_sdpram_v1_10_eth_pkt_fifo.v(line number: 430)] Ignore 'system task' $finish
W: Verilog-2008: [D:/ZGTC/Work/ccc/ipcore/eth_pkt_fifo/rtl/ipm2l_sdpram_v1_10_eth_pkt_fifo.v(line number: 433)] Ignore 'system task' $display
W: Verilog-2008: [D:/ZGTC/Work/ccc/ipcore/eth_pkt_fifo/rtl/ipm2l_sdpram_v1_10_eth_pkt_fifo.v(line number: 434)] Ignore 'system task' $finish
W: Verilog-2008: [D:/ZGTC/Work/ccc/ipcore/eth_pkt_fifo/rtl/ipm2l_sdpram_v1_10_eth_pkt_fifo.v(line number: 437)] Ignore 'system task' $display
W: Verilog-2008: [D:/ZGTC/Work/ccc/ipcore/eth_pkt_fifo/rtl/ipm2l_sdpram_v1_10_eth_pkt_fifo.v(line number: 438)] Ignore 'system task' $finish
W: Verilog-2008: [D:/ZGTC/Work/ccc/ipcore/eth_pkt_fifo/rtl/ipm2l_sdpram_v1_10_eth_pkt_fifo.v(line number: 442)] Ignore 'system task' $display
W: Verilog-2008: [D:/ZGTC/Work/ccc/ipcore/eth_pkt_fifo/rtl/ipm2l_sdpram_v1_10_eth_pkt_fifo.v(line number: 443)] Ignore 'system task' $finish
W: Verilog-2008: [D:/ZGTC/Work/ccc/ipcore/eth_pkt_fifo/rtl/ipm2l_sdpram_v1_10_eth_pkt_fifo.v(line number: 446)] Ignore 'system task' $display
W: Verilog-2008: [D:/ZGTC/Work/ccc/ipcore/eth_pkt_fifo/rtl/ipm2l_sdpram_v1_10_eth_pkt_fifo.v(line number: 447)] Ignore 'system task' $finish
W: Verilog-2008: [D:/ZGTC/Work/ccc/ipcore/eth_pkt_fifo/rtl/ipm2l_sdpram_v1_10_eth_pkt_fifo.v(line number: 451)] Ignore 'system task' $display
W: Verilog-2008: [D:/ZGTC/Work/ccc/ipcore/eth_pkt_fifo/rtl/ipm2l_sdpram_v1_10_eth_pkt_fifo.v(line number: 452)] Ignore 'system task' $finish
W: Verilog-2008: [D:/ZGTC/Work/ccc/ipcore/eth_pkt_fifo/rtl/ipm2l_sdpram_v1_10_eth_pkt_fifo.v(line number: 457)] Ignore 'system task' $display
W: Verilog-2008: [D:/ZGTC/Work/ccc/ipcore/eth_pkt_fifo/rtl/ipm2l_sdpram_v1_10_eth_pkt_fifo.v(line number: 458)] Ignore 'system task' $finish
W: Verilog-2008: [D:/ZGTC/Work/ccc/ipcore/eth_pkt_fifo/rtl/ipm2l_sdpram_v1_10_eth_pkt_fifo.v(line number: 461)] Ignore 'system task' $display
W: Verilog-2008: [D:/ZGTC/Work/ccc/ipcore/eth_pkt_fifo/rtl/ipm2l_sdpram_v1_10_eth_pkt_fifo.v(line number: 462)] Ignore 'system task' $finish
W: Verilog-2008: [D:/ZGTC/Work/ccc/ipcore/eth_pkt_fifo/rtl/ipm2l_sdpram_v1_10_eth_pkt_fifo.v(line number: 465)] Ignore 'system task' $display
W: Verilog-2008: [D:/ZGTC/Work/ccc/ipcore/eth_pkt_fifo/rtl/ipm2l_sdpram_v1_10_eth_pkt_fifo.v(line number: 466)] Ignore 'system task' $finish
W: Verilog-2008: [D:/ZGTC/Work/ccc/ipcore/eth_pkt_fifo/rtl/ipm2l_sdpram_v1_10_eth_pkt_fifo.v(line number: 471)] Ignore 'system task' $display
W: Verilog-2008: [D:/ZGTC/Work/ccc/ipcore/eth_pkt_fifo/rtl/ipm2l_sdpram_v1_10_eth_pkt_fifo.v(line number: 472)] Ignore 'system task' $finish
Parsing done.
Executing : .rtl_analyze -include_path {D:/ZGTC/Work/ccc} D:/ZGTC/Work/ccc/ipcore/eth_pkt_fifo/rtl/ipm2l_sdpram_v1_10_eth_pkt_fifo.v successfully.
Executing : .rtl_analyze -include_path {D:/ZGTC/Work/ccc} D:/ZGTC/Work/ccc/ipcore/eth_pkt_fifo/rtl/ipm2l_fifo_v1_10_eth_pkt_fifo.v
I: Verilog-0001: Analyzing file D:/ZGTC/Work/ccc/ipcore/eth_pkt_fifo/rtl/ipm2l_fifo_v1_10_eth_pkt_fifo.v
I: Verilog-0002: [D:/ZGTC/Work/ccc/ipcore/eth_pkt_fifo/rtl/ipm2l_fifo_v1_10_eth_pkt_fifo.v(line number: 19)] Analyzing module ipm2l_fifo_v1_10_eth_pkt_fifo (library work)
Parsing done.
Executing : .rtl_analyze -include_path {D:/ZGTC/Work/ccc} D:/ZGTC/Work/ccc/ipcore/eth_pkt_fifo/rtl/ipm2l_fifo_v1_10_eth_pkt_fifo.v successfully.
Executing : .rtl_analyze -include_path {D:/ZGTC/Work/ccc} D:/ZGTC/Work/ccc/ipcore/eth_pkt_fifo/eth_pkt_fifo.v
I: Verilog-0001: Analyzing file D:/ZGTC/Work/ccc/ipcore/eth_pkt_fifo/eth_pkt_fifo.v
I: Verilog-0002: [D:/ZGTC/Work/ccc/ipcore/eth_pkt_fifo/eth_pkt_fifo.v(line number: 16)] Analyzing module eth_pkt_fifo (library work)
Parsing done.
Executing : .rtl_analyze -include_path {D:/ZGTC/Work/ccc} D:/ZGTC/Work/ccc/ipcore/eth_pkt_fifo/eth_pkt_fifo.v successfully.
Executing : .rtl_analyze -include_path {D:/ZGTC/Work/ccc} D:/ZGTC/Work/ccc/ipcore/ref_clock/ref_clock.v
I: Verilog-0001: Analyzing file D:/ZGTC/Work/ccc/ipcore/ref_clock/ref_clock.v
I: Verilog-0002: [D:/ZGTC/Work/ccc/ipcore/ref_clock/ref_clock.v(line number: 18)] Analyzing module ref_clock (library work)
Parsing done.
Executing : .rtl_analyze -include_path {D:/ZGTC/Work/ccc} D:/ZGTC/Work/ccc/ipcore/ref_clock/ref_clock.v successfully.
Executing : .rtl_analyze -include_path {D:/ZGTC/Work/ccc} D:/ZGTC/Work/ccc/ipcore/watch_clk/watch_clk.v
I: Verilog-0001: Analyzing file D:/ZGTC/Work/ccc/ipcore/watch_clk/watch_clk.v
I: Verilog-0002: [D:/ZGTC/Work/ccc/ipcore/watch_clk/watch_clk.v(line number: 18)] Analyzing module watch_clk (library work)
Parsing done.
Executing : .rtl_analyze -include_path {D:/ZGTC/Work/ccc} D:/ZGTC/Work/ccc/ipcore/watch_clk/watch_clk.v successfully.
I: Module "hdmi_ddr_ov5640_top" is set as top module.
Executing : rtl-analyze successfully. Time elapsed: 2.319s wall, 0.234s user + 0.078s system = 0.312s CPU (13.5%)

Start rtl-elaborate.
I: Verilog-0003: [D:/ZGTC/Work/ccc/source/aaa_top/hdmi_ddr_ov5640_top.v(line number: 7)] Elaborating module hdmi_ddr_ov5640_top
I: Module instance {hdmi_ddr_ov5640_top} parameter value:
    VIDEO_LENGTH = 32'b00000000000000000000011110000000
    VIDEO_HIGTH = 32'b00000000000000000000010000111000
    ZOOM_VIDEO_LENGTH = 32'b00000000000000000000001111000000
    ZOOM_VIDEO_HIGTH = 32'b00000000000000000000001000011100
    PIXEL_WIDTH = 32'b00000000000000000000000000100000
    MEM_ROW_ADDR_WIDTH = 32'b00000000000000000000000000001111
    MEM_COL_ADDR_WIDTH = 32'b00000000000000000000000000001010
    MEM_BADDR_WIDTH = 32'b00000000000000000000000000000011
    MEM_DQ_WIDTH = 32'b00000000000000000000000000100000
    MEM_DQS_WIDTH = 32'b00000000000000000000000000000100
    MEM_DM_WIDTH = 32'b00000000000000000000000000000100
    M_AXI_BRUST_LEN = 32'b00000000000000000000000000001000
    RW_ADDR_MIN = 20'b00000000000000000000
    RW_ADDR_MAX = 32'b00000000000001111110100100000000
    CTRL_ADDR_WIDTH = 32'b00000000000000000000000000011100
    LOCAL_MAC = 48'b101000001011000111000010110100111110000111100001
    LOCAL_IP = 32'b11000000101010000000000101101110
    LOCL_PORT = 16'b0001111110010000
    DEST_IP = 32'b11000000101010000000000101101001
    DEST_PORT = 16'b0001111110010000
    DEST_MAC = 48'b011101000101110100100010000000001101000001101110
    TH_1S = 27'b001111101111000101001000000
    DE_IN_WAIT = 4'b0000
    DE_IN_CNT = 4'b0001
    DE_IN_END = 4'b0010
    DE_OUT_WAIT = 4'b0000
    DE_OUT_CNT = 4'b0001
    DE_OUT_END = 4'b0010
    PIX_IN_WAIT = 3'b000
    PIX_IN_CNT = 3'b001
    PIX_IN_END = 3'b010
    PIX_OUT_WAIT = 3'b000
    PIX_OUT_CNT = 3'b001
    PIX_OUT_END = 3'b010
    DQ_WIDTH = 32'b00000000000000000000000000100000
I: Verilog-0004: [D:/ZGTC/Work/ccc/source/aaa_top/hdmi_ddr_ov5640_top.v(line number: 496)] Elaborating instance u_pll
I: Verilog-0003: [D:/ZGTC/Work/ccc/ipcore/pll/pll.v(line number: 18)] Elaborating module pll
I: Verilog-0004: [D:/ZGTC/Work/ccc/ipcore/pll/pll.v(line number: 300)] Elaborating instance u_gpll
I: Verilog-0004: [D:/ZGTC/Work/ccc/source/aaa_top/hdmi_ddr_ov5640_top.v(line number: 504)] Elaborating instance cmos_pll
I: Verilog-0003: [D:/ZGTC/Work/ccc/ipcore/cmos_pll/cmos_pll.v(line number: 18)] Elaborating module cmos_pll
I: Verilog-0004: [D:/ZGTC/Work/ccc/ipcore/cmos_pll/cmos_pll.v(line number: 302)] Elaborating instance u_gpll
I: Verilog-0004: [D:/ZGTC/Work/ccc/source/aaa_top/hdmi_ddr_ov5640_top.v(line number: 532)] Elaborating instance ms72xx_ctl
I: Verilog-0003: [D:/ZGTC/Work/ccc/source/hdmi/ms72xx_ctl.v(line number: 22)] Elaborating module ms72xx_ctl
I: Verilog-0004: [D:/ZGTC/Work/ccc/source/hdmi/ms72xx_ctl.v(line number: 75)] Elaborating instance U1_ms7200_ctl
I: Verilog-0003: [D:/ZGTC/Work/ccc/source/hdmi/ms7200_ctl.v(line number: 22)] Elaborating module ms7200_ctl
I: Module instance {hdmi_ddr_ov5640_top/ms72xx_ctl/U1_ms7200_ctl} parameter value:
    IDLE = 7'b0000001
    CONECT = 7'b0000010
    INIT = 7'b0000100
    WAIT = 7'b0001000
    STA_RD = 7'b0010000
    SETING = 7'b0100000
    RD_BAK = 7'b1000000
I: Verilog-0004: [D:/ZGTC/Work/ccc/source/hdmi/ms72xx_ctl.v(line number: 90)] Elaborating instance U2_ms7210_ctl
I: Verilog-0003: [D:/ZGTC/Work/ccc/source/hdmi/ms7210_ctl.v(line number: 22)] Elaborating module ms7210_ctl
I: Module instance {hdmi_ddr_ov5640_top/ms72xx_ctl/U2_ms7210_ctl} parameter value:
    IDLE = 6'b000001
    CONECT = 6'b000010
    INIT = 6'b000100
    WAIT = 6'b001000
    SETING = 6'b010000
    STA_RD = 6'b100000
I: Verilog-0004: [D:/ZGTC/Work/ccc/source/hdmi/ms72xx_ctl.v(line number: 128)] Elaborating instance iic_dri
I: Verilog-0003: [D:/ZGTC/Work/ccc/source/hdmi/iic_dri.v(line number: 23)] Elaborating module iic_dri
I: Module instance {hdmi_ddr_ov5640_top/ms72xx_ctl/iic_dri} parameter value:
    CLK_FRE = 27'b000100110001001011010000000
    IIC_FREQ = 20'b01100001101010000000
    T_WR = 10'b0000000001
    ADDR_BYTE = 2'b10
    LEN_WIDTH = 8'b00000011
    DATA_BYTE = 2'b01
I: Verilog-0004: [D:/ZGTC/Work/ccc/source/aaa_top/hdmi_ddr_ov5640_top.v(line number: 545)] Elaborating instance power_on_delay_inst
I: Verilog-0003: [D:/ZGTC/Work/ccc/source/cmos/power_on_delay.v(line number: 22)] Elaborating module power_on_delay
I: Verilog-0004: [D:/ZGTC/Work/ccc/source/aaa_top/hdmi_ddr_ov5640_top.v(line number: 555)] Elaborating instance coms1_reg_config
I: Verilog-0003: [D:/ZGTC/Work/ccc/source/cmos/reg_config.v(line number: 22)] Elaborating module reg_config
I: Verilog-0004: [D:/ZGTC/Work/ccc/source/cmos/reg_config.v(line number: 40)] Elaborating instance u1
I: Verilog-0003: [D:/ZGTC/Work/ccc/source/cmos/i2c_com.v(line number: 21)] Elaborating module i2c_com
W: Verilog-2048: [D:/ZGTC/Work/ccc/source/cmos/i2c_com.v(line number: 51)] Zero-extending on all bits z values may cause simulation mismatch.
I: Verilog-0004: [D:/ZGTC/Work/ccc/source/aaa_top/hdmi_ddr_ov5640_top.v(line number: 567)] Elaborating instance coms2_reg_config
I: Verilog-0003: [D:/ZGTC/Work/ccc/source/cmos/reg_config.v(line number: 22)] Elaborating module reg_config
I: Verilog-0004: [D:/ZGTC/Work/ccc/source/aaa_top/hdmi_ddr_ov5640_top.v(line number: 589)] Elaborating instance cmos1_8_16bit
I: Verilog-0003: [D:/ZGTC/Work/ccc/source/cmos/cmos_8_16bit.v(line number: 24)] Elaborating module cmos_8_16bit
I: Verilog-0004: [D:/ZGTC/Work/ccc/source/cmos/cmos_8_16bit.v(line number: 61)] Elaborating instance u_u_
I: Verilog-0004: [D:/ZGTC/Work/ccc/source/aaa_top/hdmi_ddr_ov5640_top.v(line number: 607)] Elaborating instance cmos2_8_16bit
I: Verilog-0003: [D:/ZGTC/Work/ccc/source/cmos/cmos_8_16bit.v(line number: 24)] Elaborating module cmos_8_16bit
I: Verilog-0004: [D:/ZGTC/Work/ccc/source/aaa_top/hdmi_ddr_ov5640_top.v(line number: 649)] Elaborating instance user_axi_m_arbitration
I: Verilog-0003: [D:/ZGTC/Work/ccc/source/axi/axi_m_arbitration.v(line number: 1)] Elaborating module axi_m_arbitration
I: Module instance {hdmi_ddr_ov5640_top/user_axi_m_arbitration} parameter value:
    VIDEO_LENGTH = 32'b00000000000000000000011110000000
    VIDEO_HIGTH = 32'b00000000000000000000010000111000
    ZOOM_VIDEO_LENGTH = 32'b00000000000000000000001111000000
    ZOOM_VIDEO_HIGTH = 32'b00000000000000000000001000011100
    PIXEL_WIDTH = 32'b00000000000000000000000000100000
    CTRL_ADDR_WIDTH = 32'b00000000000000000000000000011100
    DQ_WIDTH = 32'b00000000000000000000000000100000
    M_AXI_BRUST_LEN = 32'b00000000000000000000000000001000
    VIDEO0_BASE_ADDR = 2'b00
    VIDEO1_BASE_ADDR = 2'b01
    VIDEO2_BASE_ADDR = 2'b10
    VIDEO3_BASE_ADDR = 2'b11
    M0_WRITE = 2'b00
    M1_WRITE = 2'b01
    M2_WRITE = 2'b10
    M3_WRITE = 2'b11
    READ_ARBITRATION = 3'b000
    M0_READ = 3'b001
    M1_READ = 3'b010
    M2_READ = 3'b011
    M3_READ = 3'b100
I: Verilog-0004: [D:/ZGTC/Work/ccc/source/axi/axi_m_arbitration.v(line number: 450)] Elaborating instance u_axi_full_m0
I: Verilog-0003: [D:/ZGTC/Work/ccc/source/axi/axi_m.v(line number: 19)] Elaborating module AXI_FULL_M
I: Module instance {hdmi_ddr_ov5640_top/user_axi_m_arbitration/u_axi_full_m0} parameter value:
    VIDEO_LENGTH = 32'b00000000000000000000001111000000
    VIDEO_HIGTH = 32'b00000000000000000000001000011100
    PIXEL_WIDTH = 32'b00000000000000000000000000100000
    CTRL_ADDR_WIDTH = 32'b00000000000000000000000000011100
    DQ_WIDTH = 32'b00000000000000000000000000100000
    M_AXI_BRUST_LEN = 32'b00000000000000000000000000001000
    VIDEO_BASE_ADDR = 32'b00000000000000000000000000000000
    IDLE = 32'b00000000000000000000000000000000
    WRITE_START = 32'b00000000000000000000000000000001
    WRITE_ADDR = 32'b00000000000000000000000000000010
    WRITE_DATA = 32'b00000000000000000000000000000011
    READ_START = 32'b00000000000000000000000000000001
    READ_ADDR = 32'b00000000000000000000000000000010
    READ_DATA = 32'b00000000000000000000000000000011
I: Verilog-0004: [D:/ZGTC/Work/ccc/source/axi/axi_m_arbitration.v(line number: 499)] Elaborating instance u_axi_full_m1
I: Verilog-0003: [D:/ZGTC/Work/ccc/source/axi/axi_m.v(line number: 19)] Elaborating module AXI_FULL_M
I: Module instance {hdmi_ddr_ov5640_top/user_axi_m_arbitration/u_axi_full_m1} parameter value:
    VIDEO_LENGTH = 32'b00000000000000000000001111000000
    VIDEO_HIGTH = 32'b00000000000000000000001000011100
    PIXEL_WIDTH = 32'b00000000000000000000000000100000
    CTRL_ADDR_WIDTH = 32'b00000000000000000000000000011100
    DQ_WIDTH = 32'b00000000000000000000000000100000
    M_AXI_BRUST_LEN = 32'b00000000000000000000000000001000
    VIDEO_BASE_ADDR = 32'b00000000000000000000000000000001
    IDLE = 32'b00000000000000000000000000000000
    WRITE_START = 32'b00000000000000000000000000000001
    WRITE_ADDR = 32'b00000000000000000000000000000010
    WRITE_DATA = 32'b00000000000000000000000000000011
    READ_START = 32'b00000000000000000000000000000001
    READ_ADDR = 32'b00000000000000000000000000000010
    READ_DATA = 32'b00000000000000000000000000000011
I: Verilog-0004: [D:/ZGTC/Work/ccc/source/axi/axi_m_arbitration.v(line number: 547)] Elaborating instance u_axi_full_m2
I: Verilog-0003: [D:/ZGTC/Work/ccc/source/axi/axi_m.v(line number: 19)] Elaborating module AXI_FULL_M
I: Module instance {hdmi_ddr_ov5640_top/user_axi_m_arbitration/u_axi_full_m2} parameter value:
    VIDEO_LENGTH = 32'b00000000000000000000001111000000
    VIDEO_HIGTH = 32'b00000000000000000000001000011100
    PIXEL_WIDTH = 32'b00000000000000000000000000100000
    CTRL_ADDR_WIDTH = 32'b00000000000000000000000000011100
    DQ_WIDTH = 32'b00000000000000000000000000100000
    M_AXI_BRUST_LEN = 32'b00000000000000000000000000001000
    VIDEO_BASE_ADDR = 32'b00000000000000000000000000000010
    IDLE = 32'b00000000000000000000000000000000
    WRITE_START = 32'b00000000000000000000000000000001
    WRITE_ADDR = 32'b00000000000000000000000000000010
    WRITE_DATA = 32'b00000000000000000000000000000011
    READ_START = 32'b00000000000000000000000000000001
    READ_ADDR = 32'b00000000000000000000000000000010
    READ_DATA = 32'b00000000000000000000000000000011
I: Verilog-0004: [D:/ZGTC/Work/ccc/source/axi/axi_m_arbitration.v(line number: 595)] Elaborating instance u_axi_full_m3
I: Verilog-0003: [D:/ZGTC/Work/ccc/source/axi/axi_m.v(line number: 19)] Elaborating module AXI_FULL_M
I: Module instance {hdmi_ddr_ov5640_top/user_axi_m_arbitration/u_axi_full_m3} parameter value:
    VIDEO_LENGTH = 32'b00000000000000000000001111000000
    VIDEO_HIGTH = 32'b00000000000000000000001000011100
    PIXEL_WIDTH = 32'b00000000000000000000000000100000
    CTRL_ADDR_WIDTH = 32'b00000000000000000000000000011100
    DQ_WIDTH = 32'b00000000000000000000000000100000
    M_AXI_BRUST_LEN = 32'b00000000000000000000000000001000
    VIDEO_BASE_ADDR = 32'b00000000000000000000000000000011
    IDLE = 32'b00000000000000000000000000000000
    WRITE_START = 32'b00000000000000000000000000000001
    WRITE_ADDR = 32'b00000000000000000000000000000010
    WRITE_DATA = 32'b00000000000000000000000000000011
    READ_START = 32'b00000000000000000000000000000001
    READ_ADDR = 32'b00000000000000000000000000000010
    READ_DATA = 32'b00000000000000000000000000000011
I: Verilog-0004: [D:/ZGTC/Work/ccc/source/axi/axi_m_arbitration.v(line number: 636)] Elaborating instance user_rw_fifo_ctrl0
I: Verilog-0003: [D:/ZGTC/Work/ccc/source/axi/rw_fifo_ctrl.v(line number: 1)] Elaborating module rw_fifo_ctrl
I: Verilog-0004: [D:/ZGTC/Work/ccc/source/axi/rw_fifo_ctrl.v(line number: 104)] Elaborating instance user_write_ddr_fifo
I: Verilog-0003: [D:/ZGTC/Work/ccc/ipcore/write_ddr_fifo/write_ddr_fifo.v(line number: 16)] Elaborating module write_ddr_fifo
I: Verilog-0004: [D:/ZGTC/Work/ccc/ipcore/write_ddr_fifo/write_ddr_fifo.v(line number: 168)] Elaborating instance U_ipm2l_fifo_write_ddr_fifo
I: Verilog-0003: [D:/ZGTC/Work/ccc/ipcore/write_ddr_fifo/rtl/ipm2l_fifo_v1_10_write_ddr_fifo.v(line number: 19)] Elaborating module ipm2l_fifo_v1_10_write_ddr_fifo
I: Module instance {hdmi_ddr_ov5640_top/user_axi_m_arbitration/user_rw_fifo_ctrl0/user_write_ddr_fifo/U_ipm2l_fifo_write_ddr_fifo} parameter value:
    c_CAS_MODE = 36K
    c_WR_DEPTH_WIDTH = 32'b00000000000000000000000000001011
    c_WR_DATA_WIDTH = 32'b00000000000000000000000000100000
    c_RD_DEPTH_WIDTH = 32'b00000000000000000000000000001000
    c_RD_DATA_WIDTH = 32'b00000000000000000000000100000000
    c_OUTPUT_REG = 32'b00000000000000000000000000000000
    c_RD_OCE_EN = 32'b00000000000000000000000000000000
    c_FAB_REG = 32'b00000000000000000000000000000000
    c_RESET_TYPE = ASYNC
    c_POWER_OPT = 32'b00000000000000000000000000000000
    c_RD_CLK_OR_POL_INV = 32'b00000000000000000000000000000000
    c_WR_BYTE_EN = 32'b00000000000000000000000000000000
    c_BE_WIDTH = 32'b00000000000000000000000000000001
    c_FIFO_TYPE = ASYN
    c_ALMOST_FULL_NUM = 32'b00000000000000000000011111111100
    c_ALMOST_EMPTY_NUM = 32'b00000000000000000000000000000100
I: Verilog-0004: [D:/ZGTC/Work/ccc/ipcore/write_ddr_fifo/rtl/ipm2l_fifo_v1_10_write_ddr_fifo.v(line number: 84)] Elaborating instance U_ipm2l_sdpram
I: Verilog-0003: [D:/ZGTC/Work/ccc/ipcore/write_ddr_fifo/rtl/ipm2l_sdpram_v1_10_write_ddr_fifo.v(line number: 18)] Elaborating module ipm2l_sdpram_v1_10_write_ddr_fifo
I: Module instance {hdmi_ddr_ov5640_top/user_axi_m_arbitration/user_rw_fifo_ctrl0/user_write_ddr_fifo/U_ipm2l_fifo_write_ddr_fifo/U_ipm2l_sdpram} parameter value:
    c_CAS_MODE = 36K
    c_WR_ADDR_WIDTH = 32'b00000000000000000000000000001011
    c_WR_DATA_WIDTH = 32'b00000000000000000000000000100000
    c_RD_ADDR_WIDTH = 32'b00000000000000000000000000001000
    c_RD_DATA_WIDTH = 32'b00000000000000000000000100000000
    c_WR_ADDR_STROBE_EN = 32'b00000000000000000000000000000000
    c_WR_CLK_EN = 32'b00000000000000000000000000000001
    c_OUTPUT_REG = 32'b00000000000000000000000000000000
    c_RD_OCE_EN = 32'b00000000000000000000000000000000
    c_FAB_REG = 32'b00000000000000000000000000000000
    c_RD_ADDR_STROBE_EN = 32'b00000000000000000000000000000000
    c_RD_CLK_EN = 32'b00000000000000000000000000000001
    c_RESET_TYPE = ASYNC
    c_RD_CLK_OR_POL_INV = 32'b00000000000000000000000000000000
    c_POWER_OPT = 32'b00000000000000000000000000000000
    c_INIT_FILE = NONE
    c_INIT_FORMAT = BIN
    c_WR_BYTE_EN = 32'b00000000000000000000000000000000
    c_BE_WIDTH = 32'b00000000000000000000000000000001
W: [D:/ZGTC/Work/ccc/ipcore/write_ddr_fifo/rtl/ipm2l_sdpram_v1_10_write_ddr_fifo.v(line number: 361)] IPSpecCheck: 04030132 ipm2l_flex_sdpram parameter setting error !!!: c_RD_ADDR_WIDTH must between 9-20 when DRM Resource is 36K (module instance : hdmi_ddr_ov5640_top/user_axi_m_arbitration/user_rw_fifo_ctrl0/user_write_ddr_fifo/U_ipm2l_fifo_write_ddr_fifo/U_ipm2l_sdpram)
W: Verilog-2039: [D:/ZGTC/Work/ccc/ipcore/write_ddr_fifo/rtl/ipm2l_sdpram_v1_10_write_ddr_fifo.v(line number: 516)] Repeat multiplier in concatenation evaluates to 0
W: Verilog-2038: [D:/ZGTC/Work/ccc/ipcore/write_ddr_fifo/rtl/ipm2l_sdpram_v1_10_write_ddr_fifo.v(line number: 538)] Case condition never applies
W: Verilog-2038: [D:/ZGTC/Work/ccc/ipcore/write_ddr_fifo/rtl/ipm2l_sdpram_v1_10_write_ddr_fifo.v(line number: 539)] Case condition never applies
W: Verilog-2038: [D:/ZGTC/Work/ccc/ipcore/write_ddr_fifo/rtl/ipm2l_sdpram_v1_10_write_ddr_fifo.v(line number: 540)] Case condition never applies
W: Verilog-2038: [D:/ZGTC/Work/ccc/ipcore/write_ddr_fifo/rtl/ipm2l_sdpram_v1_10_write_ddr_fifo.v(line number: 538)] Case condition never applies
W: Verilog-2038: [D:/ZGTC/Work/ccc/ipcore/write_ddr_fifo/rtl/ipm2l_sdpram_v1_10_write_ddr_fifo.v(line number: 539)] Case condition never applies
W: Verilog-2038: [D:/ZGTC/Work/ccc/ipcore/write_ddr_fifo/rtl/ipm2l_sdpram_v1_10_write_ddr_fifo.v(line number: 540)] Case condition never applies
W: Verilog-2038: [D:/ZGTC/Work/ccc/ipcore/write_ddr_fifo/rtl/ipm2l_sdpram_v1_10_write_ddr_fifo.v(line number: 538)] Case condition never applies
W: Verilog-2038: [D:/ZGTC/Work/ccc/ipcore/write_ddr_fifo/rtl/ipm2l_sdpram_v1_10_write_ddr_fifo.v(line number: 539)] Case condition never applies
W: Verilog-2038: [D:/ZGTC/Work/ccc/ipcore/write_ddr_fifo/rtl/ipm2l_sdpram_v1_10_write_ddr_fifo.v(line number: 540)] Case condition never applies
W: Verilog-2038: [D:/ZGTC/Work/ccc/ipcore/write_ddr_fifo/rtl/ipm2l_sdpram_v1_10_write_ddr_fifo.v(line number: 538)] Case condition never applies
W: Verilog-2038: [D:/ZGTC/Work/ccc/ipcore/write_ddr_fifo/rtl/ipm2l_sdpram_v1_10_write_ddr_fifo.v(line number: 539)] Case condition never applies
W: Verilog-2038: [D:/ZGTC/Work/ccc/ipcore/write_ddr_fifo/rtl/ipm2l_sdpram_v1_10_write_ddr_fifo.v(line number: 540)] Case condition never applies
W: Verilog-2038: [D:/ZGTC/Work/ccc/ipcore/write_ddr_fifo/rtl/ipm2l_sdpram_v1_10_write_ddr_fifo.v(line number: 687)] Case condition never applies
W: Verilog-2038: [D:/ZGTC/Work/ccc/ipcore/write_ddr_fifo/rtl/ipm2l_sdpram_v1_10_write_ddr_fifo.v(line number: 688)] Case condition never applies
W: Verilog-2038: [D:/ZGTC/Work/ccc/ipcore/write_ddr_fifo/rtl/ipm2l_sdpram_v1_10_write_ddr_fifo.v(line number: 689)] Case condition never applies
W: Verilog-2038: [D:/ZGTC/Work/ccc/ipcore/write_ddr_fifo/rtl/ipm2l_sdpram_v1_10_write_ddr_fifo.v(line number: 690)] Case condition never applies
W: Verilog-2038: [D:/ZGTC/Work/ccc/ipcore/write_ddr_fifo/rtl/ipm2l_sdpram_v1_10_write_ddr_fifo.v(line number: 690)] Case condition never applies
W: Verilog-2038: [D:/ZGTC/Work/ccc/ipcore/write_ddr_fifo/rtl/ipm2l_sdpram_v1_10_write_ddr_fifo.v(line number: 691)] Case condition never applies
W: Verilog-2038: [D:/ZGTC/Work/ccc/ipcore/write_ddr_fifo/rtl/ipm2l_sdpram_v1_10_write_ddr_fifo.v(line number: 691)] Case condition never applies
W: Verilog-2038: [D:/ZGTC/Work/ccc/ipcore/write_ddr_fifo/rtl/ipm2l_sdpram_v1_10_write_ddr_fifo.v(line number: 692)] Case condition never applies
W: Verilog-2038: [D:/ZGTC/Work/ccc/ipcore/write_ddr_fifo/rtl/ipm2l_sdpram_v1_10_write_ddr_fifo.v(line number: 692)] Case condition never applies
I: Verilog-0004: [D:/ZGTC/Work/ccc/ipcore/write_ddr_fifo/rtl/ipm2l_sdpram_v1_10_write_ddr_fifo.v(line number: 869)] Elaborating instance U_GTP_DRM36K_E1
I: Verilog-0004: [D:/ZGTC/Work/ccc/ipcore/write_ddr_fifo/rtl/ipm2l_sdpram_v1_10_write_ddr_fifo.v(line number: 869)] Elaborating instance U_GTP_DRM36K_E1
I: Verilog-0004: [D:/ZGTC/Work/ccc/ipcore/write_ddr_fifo/rtl/ipm2l_sdpram_v1_10_write_ddr_fifo.v(line number: 869)] Elaborating instance U_GTP_DRM36K_E1
I: Verilog-0004: [D:/ZGTC/Work/ccc/ipcore/write_ddr_fifo/rtl/ipm2l_sdpram_v1_10_write_ddr_fifo.v(line number: 869)] Elaborating instance U_GTP_DRM36K_E1
W: Verilog-2023: [D:/ZGTC/Work/ccc/ipcore/write_ddr_fifo/rtl/ipm2l_sdpram_v1_10_write_ddr_fifo.v(line number: 869)] Give initial value 0 for the no drive pin INJECT_SBITERR in module instance hdmi_ddr_ov5640_top/user_axi_m_arbitration/user_rw_fifo_ctrl0/user_write_ddr_fifo/U_ipm2l_fifo_write_ddr_fifo/U_ipm2l_sdpram.ADDR_LOOP[0].DATA_LOOP[0].U_GTP_DRM36K_E1
W: Verilog-2023: [D:/ZGTC/Work/ccc/ipcore/write_ddr_fifo/rtl/ipm2l_sdpram_v1_10_write_ddr_fifo.v(line number: 869)] Give initial value 0 for the no drive pin INJECT_DBITERR in module instance hdmi_ddr_ov5640_top/user_axi_m_arbitration/user_rw_fifo_ctrl0/user_write_ddr_fifo/U_ipm2l_fifo_write_ddr_fifo/U_ipm2l_sdpram.ADDR_LOOP[0].DATA_LOOP[0].U_GTP_DRM36K_E1
W: Verilog-2023: [D:/ZGTC/Work/ccc/ipcore/write_ddr_fifo/rtl/ipm2l_sdpram_v1_10_write_ddr_fifo.v(line number: 869)] Give initial value 0 for the no drive pin INJECT_SBITERR in module instance hdmi_ddr_ov5640_top/user_axi_m_arbitration/user_rw_fifo_ctrl0/user_write_ddr_fifo/U_ipm2l_fifo_write_ddr_fifo/U_ipm2l_sdpram.ADDR_LOOP[0].DATA_LOOP[1].U_GTP_DRM36K_E1
W: Verilog-2023: [D:/ZGTC/Work/ccc/ipcore/write_ddr_fifo/rtl/ipm2l_sdpram_v1_10_write_ddr_fifo.v(line number: 869)] Give initial value 0 for the no drive pin INJECT_DBITERR in module instance hdmi_ddr_ov5640_top/user_axi_m_arbitration/user_rw_fifo_ctrl0/user_write_ddr_fifo/U_ipm2l_fifo_write_ddr_fifo/U_ipm2l_sdpram.ADDR_LOOP[0].DATA_LOOP[1].U_GTP_DRM36K_E1
W: Verilog-2023: [D:/ZGTC/Work/ccc/ipcore/write_ddr_fifo/rtl/ipm2l_sdpram_v1_10_write_ddr_fifo.v(line number: 869)] Give initial value 0 for the no drive pin INJECT_SBITERR in module instance hdmi_ddr_ov5640_top/user_axi_m_arbitration/user_rw_fifo_ctrl0/user_write_ddr_fifo/U_ipm2l_fifo_write_ddr_fifo/U_ipm2l_sdpram.ADDR_LOOP[0].DATA_LOOP[2].U_GTP_DRM36K_E1
W: Verilog-2023: [D:/ZGTC/Work/ccc/ipcore/write_ddr_fifo/rtl/ipm2l_sdpram_v1_10_write_ddr_fifo.v(line number: 869)] Give initial value 0 for the no drive pin INJECT_DBITERR in module instance hdmi_ddr_ov5640_top/user_axi_m_arbitration/user_rw_fifo_ctrl0/user_write_ddr_fifo/U_ipm2l_fifo_write_ddr_fifo/U_ipm2l_sdpram.ADDR_LOOP[0].DATA_LOOP[2].U_GTP_DRM36K_E1
W: Verilog-2023: [D:/ZGTC/Work/ccc/ipcore/write_ddr_fifo/rtl/ipm2l_sdpram_v1_10_write_ddr_fifo.v(line number: 869)] Give initial value 0 for the no drive pin INJECT_SBITERR in module instance hdmi_ddr_ov5640_top/user_axi_m_arbitration/user_rw_fifo_ctrl0/user_write_ddr_fifo/U_ipm2l_fifo_write_ddr_fifo/U_ipm2l_sdpram.ADDR_LOOP[0].DATA_LOOP[3].U_GTP_DRM36K_E1
W: Verilog-2023: [D:/ZGTC/Work/ccc/ipcore/write_ddr_fifo/rtl/ipm2l_sdpram_v1_10_write_ddr_fifo.v(line number: 869)] Give initial value 0 for the no drive pin INJECT_DBITERR in module instance hdmi_ddr_ov5640_top/user_axi_m_arbitration/user_rw_fifo_ctrl0/user_write_ddr_fifo/U_ipm2l_fifo_write_ddr_fifo/U_ipm2l_sdpram.ADDR_LOOP[0].DATA_LOOP[3].U_GTP_DRM36K_E1
W: Verilog-2020: [D:/ZGTC/Work/ccc/ipcore/write_ddr_fifo/rtl/ipm2l_sdpram_v1_10_write_ddr_fifo.v(line number: 779)] Net DA_bus[8] in ipm2l_sdpram_v1_10_write_ddr_fifo(original module ipm2l_sdpram_v1_10_write_ddr_fifo) does not have a driver, tie it to 0
W: Verilog-2020: [D:/ZGTC/Work/ccc/ipcore/write_ddr_fifo/rtl/ipm2l_sdpram_v1_10_write_ddr_fifo.v(line number: 779)] Net DA_bus[9] in ipm2l_sdpram_v1_10_write_ddr_fifo(original module ipm2l_sdpram_v1_10_write_ddr_fifo) does not have a driver, tie it to 0
W: Verilog-2020: [D:/ZGTC/Work/ccc/ipcore/write_ddr_fifo/rtl/ipm2l_sdpram_v1_10_write_ddr_fifo.v(line number: 779)] Net DA_bus[10] in ipm2l_sdpram_v1_10_write_ddr_fifo(original module ipm2l_sdpram_v1_10_write_ddr_fifo) does not have a driver, tie it to 0
W: Verilog-2020: [D:/ZGTC/Work/ccc/ipcore/write_ddr_fifo/rtl/ipm2l_sdpram_v1_10_write_ddr_fifo.v(line number: 779)] Net DA_bus[11] in ipm2l_sdpram_v1_10_write_ddr_fifo(original module ipm2l_sdpram_v1_10_write_ddr_fifo) does not have a driver, tie it to 0
W: Verilog-2020: [D:/ZGTC/Work/ccc/ipcore/write_ddr_fifo/rtl/ipm2l_sdpram_v1_10_write_ddr_fifo.v(line number: 779)] Net DA_bus[12] in ipm2l_sdpram_v1_10_write_ddr_fifo(original module ipm2l_sdpram_v1_10_write_ddr_fifo) does not have a driver, tie it to 0
W: Verilog-2020: [D:/ZGTC/Work/ccc/ipcore/write_ddr_fifo/rtl/ipm2l_sdpram_v1_10_write_ddr_fifo.v(line number: 779)] Net DA_bus[13] in ipm2l_sdpram_v1_10_write_ddr_fifo(original module ipm2l_sdpram_v1_10_write_ddr_fifo) does not have a driver, tie it to 0
W: Verilog-2020: [D:/ZGTC/Work/ccc/ipcore/write_ddr_fifo/rtl/ipm2l_sdpram_v1_10_write_ddr_fifo.v(line number: 779)] Net DA_bus[14] in ipm2l_sdpram_v1_10_write_ddr_fifo(original module ipm2l_sdpram_v1_10_write_ddr_fifo) does not have a driver, tie it to 0
W: Verilog-2020: [D:/ZGTC/Work/ccc/ipcore/write_ddr_fifo/rtl/ipm2l_sdpram_v1_10_write_ddr_fifo.v(line number: 779)] Net DA_bus[15] in ipm2l_sdpram_v1_10_write_ddr_fifo(original module ipm2l_sdpram_v1_10_write_ddr_fifo) does not have a driver, tie it to 0
W: Verilog-2020: [D:/ZGTC/Work/ccc/ipcore/write_ddr_fifo/rtl/ipm2l_sdpram_v1_10_write_ddr_fifo.v(line number: 779)] Net DA_bus[16] in ipm2l_sdpram_v1_10_write_ddr_fifo(original module ipm2l_sdpram_v1_10_write_ddr_fifo) does not have a driver, tie it to 0
W: Verilog-2020: [D:/ZGTC/Work/ccc/ipcore/write_ddr_fifo/rtl/ipm2l_sdpram_v1_10_write_ddr_fifo.v(line number: 779)] Net DA_bus[17] in ipm2l_sdpram_v1_10_write_ddr_fifo(original module ipm2l_sdpram_v1_10_write_ddr_fifo) does not have a driver, tie it to 0
W: Verilog-2020: [D:/ZGTC/Work/ccc/ipcore/write_ddr_fifo/rtl/ipm2l_sdpram_v1_10_write_ddr_fifo.v(line number: 779)] Net DA_bus[18] in ipm2l_sdpram_v1_10_write_ddr_fifo(original module ipm2l_sdpram_v1_10_write_ddr_fifo) does not have a driver, tie it to 0
W: Verilog-2020: [D:/ZGTC/Work/ccc/ipcore/write_ddr_fifo/rtl/ipm2l_sdpram_v1_10_write_ddr_fifo.v(line number: 779)] Net DA_bus[19] in ipm2l_sdpram_v1_10_write_ddr_fifo(original module ipm2l_sdpram_v1_10_write_ddr_fifo) does not have a driver, tie it to 0
W: Verilog-2020: [D:/ZGTC/Work/ccc/ipcore/write_ddr_fifo/rtl/ipm2l_sdpram_v1_10_write_ddr_fifo.v(line number: 779)] Net DA_bus[20] in ipm2l_sdpram_v1_10_write_ddr_fifo(original module ipm2l_sdpram_v1_10_write_ddr_fifo) does not have a driver, tie it to 0
W: Verilog-2020: [D:/ZGTC/Work/ccc/ipcore/write_ddr_fifo/rtl/ipm2l_sdpram_v1_10_write_ddr_fifo.v(line number: 779)] Net DA_bus[21] in ipm2l_sdpram_v1_10_write_ddr_fifo(original module ipm2l_sdpram_v1_10_write_ddr_fifo) does not have a driver, tie it to 0
W: Verilog-2020: [D:/ZGTC/Work/ccc/ipcore/write_ddr_fifo/rtl/ipm2l_sdpram_v1_10_write_ddr_fifo.v(line number: 779)] Net DA_bus[22] in ipm2l_sdpram_v1_10_write_ddr_fifo(original module ipm2l_sdpram_v1_10_write_ddr_fifo) does not have a driver, tie it to 0
W: Verilog-2020: [D:/ZGTC/Work/ccc/ipcore/write_ddr_fifo/rtl/ipm2l_sdpram_v1_10_write_ddr_fifo.v(line number: 779)] Net DA_bus[23] in ipm2l_sdpram_v1_10_write_ddr_fifo(original module ipm2l_sdpram_v1_10_write_ddr_fifo) does not have a driver, tie it to 0
W: Verilog-2020: [D:/ZGTC/Work/ccc/ipcore/write_ddr_fifo/rtl/ipm2l_sdpram_v1_10_write_ddr_fifo.v(line number: 779)] Net DA_bus[24] in ipm2l_sdpram_v1_10_write_ddr_fifo(original module ipm2l_sdpram_v1_10_write_ddr_fifo) does not have a driver, tie it to 0
W: Verilog-2020: [D:/ZGTC/Work/ccc/ipcore/write_ddr_fifo/rtl/ipm2l_sdpram_v1_10_write_ddr_fifo.v(line number: 779)] Net DA_bus[25] in ipm2l_sdpram_v1_10_write_ddr_fifo(original module ipm2l_sdpram_v1_10_write_ddr_fifo) does not have a driver, tie it to 0
W: Verilog-2020: [D:/ZGTC/Work/ccc/ipcore/write_ddr_fifo/rtl/ipm2l_sdpram_v1_10_write_ddr_fifo.v(line number: 779)] Net DA_bus[26] in ipm2l_sdpram_v1_10_write_ddr_fifo(original module ipm2l_sdpram_v1_10_write_ddr_fifo) does not have a driver, tie it to 0
W: Verilog-2020: [D:/ZGTC/Work/ccc/ipcore/write_ddr_fifo/rtl/ipm2l_sdpram_v1_10_write_ddr_fifo.v(line number: 779)] Net DA_bus[27] in ipm2l_sdpram_v1_10_write_ddr_fifo(original module ipm2l_sdpram_v1_10_write_ddr_fifo) does not have a driver, tie it to 0
W: Verilog-2020: [D:/ZGTC/Work/ccc/ipcore/write_ddr_fifo/rtl/ipm2l_sdpram_v1_10_write_ddr_fifo.v(line number: 779)] Net DA_bus[28] in ipm2l_sdpram_v1_10_write_ddr_fifo(original module ipm2l_sdpram_v1_10_write_ddr_fifo) does not have a driver, tie it to 0
W: Verilog-2020: [D:/ZGTC/Work/ccc/ipcore/write_ddr_fifo/rtl/ipm2l_sdpram_v1_10_write_ddr_fifo.v(line number: 779)] Net DA_bus[29] in ipm2l_sdpram_v1_10_write_ddr_fifo(original module ipm2l_sdpram_v1_10_write_ddr_fifo) does not have a driver, tie it to 0
W: Verilog-2020: [D:/ZGTC/Work/ccc/ipcore/write_ddr_fifo/rtl/ipm2l_sdpram_v1_10_write_ddr_fifo.v(line number: 779)] Net DA_bus[30] in ipm2l_sdpram_v1_10_write_ddr_fifo(original module ipm2l_sdpram_v1_10_write_ddr_fifo) does not have a driver, tie it to 0
W: Verilog-2020: [D:/ZGTC/Work/ccc/ipcore/write_ddr_fifo/rtl/ipm2l_sdpram_v1_10_write_ddr_fifo.v(line number: 779)] Net DA_bus[31] in ipm2l_sdpram_v1_10_write_ddr_fifo(original module ipm2l_sdpram_v1_10_write_ddr_fifo) does not have a driver, tie it to 0
W: Verilog-2020: [D:/ZGTC/Work/ccc/ipcore/write_ddr_fifo/rtl/ipm2l_sdpram_v1_10_write_ddr_fifo.v(line number: 779)] Net DA_bus[32] in ipm2l_sdpram_v1_10_write_ddr_fifo(original module ipm2l_sdpram_v1_10_write_ddr_fifo) does not have a driver, tie it to 0
W: Verilog-2020: [D:/ZGTC/Work/ccc/ipcore/write_ddr_fifo/rtl/ipm2l_sdpram_v1_10_write_ddr_fifo.v(line number: 779)] Net DA_bus[33] in ipm2l_sdpram_v1_10_write_ddr_fifo(original module ipm2l_sdpram_v1_10_write_ddr_fifo) does not have a driver, tie it to 0
W: Verilog-2020: [D:/ZGTC/Work/ccc/ipcore/write_ddr_fifo/rtl/ipm2l_sdpram_v1_10_write_ddr_fifo.v(line number: 779)] Net DA_bus[34] in ipm2l_sdpram_v1_10_write_ddr_fifo(original module ipm2l_sdpram_v1_10_write_ddr_fifo) does not have a driver, tie it to 0
W: Verilog-2020: [D:/ZGTC/Work/ccc/ipcore/write_ddr_fifo/rtl/ipm2l_sdpram_v1_10_write_ddr_fifo.v(line number: 779)] Net DA_bus[35] in ipm2l_sdpram_v1_10_write_ddr_fifo(original module ipm2l_sdpram_v1_10_write_ddr_fifo) does not have a driver, tie it to 0
W: Verilog-2020: [D:/ZGTC/Work/ccc/ipcore/write_ddr_fifo/rtl/ipm2l_sdpram_v1_10_write_ddr_fifo.v(line number: 779)] Net DA_bus[44] in ipm2l_sdpram_v1_10_write_ddr_fifo(original module ipm2l_sdpram_v1_10_write_ddr_fifo) does not have a driver, tie it to 0
W: Verilog-2020: [D:/ZGTC/Work/ccc/ipcore/write_ddr_fifo/rtl/ipm2l_sdpram_v1_10_write_ddr_fifo.v(line number: 779)] Net DA_bus[45] in ipm2l_sdpram_v1_10_write_ddr_fifo(original module ipm2l_sdpram_v1_10_write_ddr_fifo) does not have a driver, tie it to 0
W: Verilog-2020: [D:/ZGTC/Work/ccc/ipcore/write_ddr_fifo/rtl/ipm2l_sdpram_v1_10_write_ddr_fifo.v(line number: 779)] Net DA_bus[46] in ipm2l_sdpram_v1_10_write_ddr_fifo(original module ipm2l_sdpram_v1_10_write_ddr_fifo) does not have a driver, tie it to 0
W: Verilog-2020: [D:/ZGTC/Work/ccc/ipcore/write_ddr_fifo/rtl/ipm2l_sdpram_v1_10_write_ddr_fifo.v(line number: 779)] Net DA_bus[47] in ipm2l_sdpram_v1_10_write_ddr_fifo(original module ipm2l_sdpram_v1_10_write_ddr_fifo) does not have a driver, tie it to 0
W: Verilog-2020: [D:/ZGTC/Work/ccc/ipcore/write_ddr_fifo/rtl/ipm2l_sdpram_v1_10_write_ddr_fifo.v(line number: 779)] Net DA_bus[48] in ipm2l_sdpram_v1_10_write_ddr_fifo(original module ipm2l_sdpram_v1_10_write_ddr_fifo) does not have a driver, tie it to 0
W: Verilog-2020: [D:/ZGTC/Work/ccc/ipcore/write_ddr_fifo/rtl/ipm2l_sdpram_v1_10_write_ddr_fifo.v(line number: 779)] Net DA_bus[49] in ipm2l_sdpram_v1_10_write_ddr_fifo(original module ipm2l_sdpram_v1_10_write_ddr_fifo) does not have a driver, tie it to 0
W: Verilog-2020: [D:/ZGTC/Work/ccc/ipcore/write_ddr_fifo/rtl/ipm2l_sdpram_v1_10_write_ddr_fifo.v(line number: 779)] Net DA_bus[50] in ipm2l_sdpram_v1_10_write_ddr_fifo(original module ipm2l_sdpram_v1_10_write_ddr_fifo) does not have a driver, tie it to 0
W: Verilog-2020: [D:/ZGTC/Work/ccc/ipcore/write_ddr_fifo/rtl/ipm2l_sdpram_v1_10_write_ddr_fifo.v(line number: 779)] Net DA_bus[51] in ipm2l_sdpram_v1_10_write_ddr_fifo(original module ipm2l_sdpram_v1_10_write_ddr_fifo) does not have a driver, tie it to 0
W: Verilog-2020: [D:/ZGTC/Work/ccc/ipcore/write_ddr_fifo/rtl/ipm2l_sdpram_v1_10_write_ddr_fifo.v(line number: 779)] Net DA_bus[52] in ipm2l_sdpram_v1_10_write_ddr_fifo(original module ipm2l_sdpram_v1_10_write_ddr_fifo) does not have a driver, tie it to 0
W: Verilog-2020: [D:/ZGTC/Work/ccc/ipcore/write_ddr_fifo/rtl/ipm2l_sdpram_v1_10_write_ddr_fifo.v(line number: 779)] Net DA_bus[53] in ipm2l_sdpram_v1_10_write_ddr_fifo(original module ipm2l_sdpram_v1_10_write_ddr_fifo) does not have a driver, tie it to 0
W: Verilog-2020: [D:/ZGTC/Work/ccc/ipcore/write_ddr_fifo/rtl/ipm2l_sdpram_v1_10_write_ddr_fifo.v(line number: 779)] Net DA_bus[54] in ipm2l_sdpram_v1_10_write_ddr_fifo(original module ipm2l_sdpram_v1_10_write_ddr_fifo) does not have a driver, tie it to 0
W: Verilog-2020: [D:/ZGTC/Work/ccc/ipcore/write_ddr_fifo/rtl/ipm2l_sdpram_v1_10_write_ddr_fifo.v(line number: 779)] Net DA_bus[55] in ipm2l_sdpram_v1_10_write_ddr_fifo(original module ipm2l_sdpram_v1_10_write_ddr_fifo) does not have a driver, tie it to 0
W: Verilog-2020: [D:/ZGTC/Work/ccc/ipcore/write_ddr_fifo/rtl/ipm2l_sdpram_v1_10_write_ddr_fifo.v(line number: 779)] Net DA_bus[56] in ipm2l_sdpram_v1_10_write_ddr_fifo(original module ipm2l_sdpram_v1_10_write_ddr_fifo) does not have a driver, tie it to 0
W: Verilog-2020: [D:/ZGTC/Work/ccc/ipcore/write_ddr_fifo/rtl/ipm2l_sdpram_v1_10_write_ddr_fifo.v(line number: 779)] Net DA_bus[57] in ipm2l_sdpram_v1_10_write_ddr_fifo(original module ipm2l_sdpram_v1_10_write_ddr_fifo) does not have a driver, tie it to 0
W: Verilog-2020: [D:/ZGTC/Work/ccc/ipcore/write_ddr_fifo/rtl/ipm2l_sdpram_v1_10_write_ddr_fifo.v(line number: 779)] Net DA_bus[58] in ipm2l_sdpram_v1_10_write_ddr_fifo(original module ipm2l_sdpram_v1_10_write_ddr_fifo) does not have a driver, tie it to 0
W: Verilog-2020: [D:/ZGTC/Work/ccc/ipcore/write_ddr_fifo/rtl/ipm2l_sdpram_v1_10_write_ddr_fifo.v(line number: 779)] Net DA_bus[59] in ipm2l_sdpram_v1_10_write_ddr_fifo(original module ipm2l_sdpram_v1_10_write_ddr_fifo) does not have a driver, tie it to 0
W: Verilog-2020: [D:/ZGTC/Work/ccc/ipcore/write_ddr_fifo/rtl/ipm2l_sdpram_v1_10_write_ddr_fifo.v(line number: 779)] Net DA_bus[60] in ipm2l_sdpram_v1_10_write_ddr_fifo(original module ipm2l_sdpram_v1_10_write_ddr_fifo) does not have a driver, tie it to 0
W: Verilog-2020: [D:/ZGTC/Work/ccc/ipcore/write_ddr_fifo/rtl/ipm2l_sdpram_v1_10_write_ddr_fifo.v(line number: 779)] Net DA_bus[61] in ipm2l_sdpram_v1_10_write_ddr_fifo(original module ipm2l_sdpram_v1_10_write_ddr_fifo) does not have a driver, tie it to 0
W: Verilog-2020: [D:/ZGTC/Work/ccc/ipcore/write_ddr_fifo/rtl/ipm2l_sdpram_v1_10_write_ddr_fifo.v(line number: 779)] Net DA_bus[62] in ipm2l_sdpram_v1_10_write_ddr_fifo(original module ipm2l_sdpram_v1_10_write_ddr_fifo) does not have a driver, tie it to 0
W: Verilog-2020: [D:/ZGTC/Work/ccc/ipcore/write_ddr_fifo/rtl/ipm2l_sdpram_v1_10_write_ddr_fifo.v(line number: 779)] Net DA_bus[63] in ipm2l_sdpram_v1_10_write_ddr_fifo(original module ipm2l_sdpram_v1_10_write_ddr_fifo) does not have a driver, tie it to 0
W: Verilog-2020: [D:/ZGTC/Work/ccc/ipcore/write_ddr_fifo/rtl/ipm2l_sdpram_v1_10_write_ddr_fifo.v(line number: 779)] Net DA_bus[64] in ipm2l_sdpram_v1_10_write_ddr_fifo(original module ipm2l_sdpram_v1_10_write_ddr_fifo) does not have a driver, tie it to 0
W: Verilog-2020: [D:/ZGTC/Work/ccc/ipcore/write_ddr_fifo/rtl/ipm2l_sdpram_v1_10_write_ddr_fifo.v(line number: 779)] Net DA_bus[65] in ipm2l_sdpram_v1_10_write_ddr_fifo(original module ipm2l_sdpram_v1_10_write_ddr_fifo) does not have a driver, tie it to 0
W: Verilog-2020: [D:/ZGTC/Work/ccc/ipcore/write_ddr_fifo/rtl/ipm2l_sdpram_v1_10_write_ddr_fifo.v(line number: 779)] Net DA_bus[66] in ipm2l_sdpram_v1_10_write_ddr_fifo(original module ipm2l_sdpram_v1_10_write_ddr_fifo) does not have a driver, tie it to 0
W: Verilog-2020: [D:/ZGTC/Work/ccc/ipcore/write_ddr_fifo/rtl/ipm2l_sdpram_v1_10_write_ddr_fifo.v(line number: 779)] Net DA_bus[67] in ipm2l_sdpram_v1_10_write_ddr_fifo(original module ipm2l_sdpram_v1_10_write_ddr_fifo) does not have a driver, tie it to 0
W: Verilog-2020: [D:/ZGTC/Work/ccc/ipcore/write_ddr_fifo/rtl/ipm2l_sdpram_v1_10_write_ddr_fifo.v(line number: 779)] Net DA_bus[68] in ipm2l_sdpram_v1_10_write_ddr_fifo(original module ipm2l_sdpram_v1_10_write_ddr_fifo) does not have a driver, tie it to 0
W: Verilog-2020: [D:/ZGTC/Work/ccc/ipcore/write_ddr_fifo/rtl/ipm2l_sdpram_v1_10_write_ddr_fifo.v(line number: 779)] Net DA_bus[69] in ipm2l_sdpram_v1_10_write_ddr_fifo(original module ipm2l_sdpram_v1_10_write_ddr_fifo) does not have a driver, tie it to 0
W: Verilog-2020: [D:/ZGTC/Work/ccc/ipcore/write_ddr_fifo/rtl/ipm2l_sdpram_v1_10_write_ddr_fifo.v(line number: 779)] Net DA_bus[70] in ipm2l_sdpram_v1_10_write_ddr_fifo(original module ipm2l_sdpram_v1_10_write_ddr_fifo) does not have a driver, tie it to 0
W: Verilog-2020: [D:/ZGTC/Work/ccc/ipcore/write_ddr_fifo/rtl/ipm2l_sdpram_v1_10_write_ddr_fifo.v(line number: 779)] Net DA_bus[71] in ipm2l_sdpram_v1_10_write_ddr_fifo(original module ipm2l_sdpram_v1_10_write_ddr_fifo) does not have a driver, tie it to 0
W: Verilog-2020: [D:/ZGTC/Work/ccc/ipcore/write_ddr_fifo/rtl/ipm2l_sdpram_v1_10_write_ddr_fifo.v(line number: 779)] Net DA_bus[80] in ipm2l_sdpram_v1_10_write_ddr_fifo(original module ipm2l_sdpram_v1_10_write_ddr_fifo) does not have a driver, tie it to 0
W: Verilog-2020: [D:/ZGTC/Work/ccc/ipcore/write_ddr_fifo/rtl/ipm2l_sdpram_v1_10_write_ddr_fifo.v(line number: 779)] Net DA_bus[81] in ipm2l_sdpram_v1_10_write_ddr_fifo(original module ipm2l_sdpram_v1_10_write_ddr_fifo) does not have a driver, tie it to 0
W: Verilog-2020: [D:/ZGTC/Work/ccc/ipcore/write_ddr_fifo/rtl/ipm2l_sdpram_v1_10_write_ddr_fifo.v(line number: 779)] Net DA_bus[82] in ipm2l_sdpram_v1_10_write_ddr_fifo(original module ipm2l_sdpram_v1_10_write_ddr_fifo) does not have a driver, tie it to 0
W: Verilog-2020: [D:/ZGTC/Work/ccc/ipcore/write_ddr_fifo/rtl/ipm2l_sdpram_v1_10_write_ddr_fifo.v(line number: 779)] Net DA_bus[83] in ipm2l_sdpram_v1_10_write_ddr_fifo(original module ipm2l_sdpram_v1_10_write_ddr_fifo) does not have a driver, tie it to 0
W: Verilog-2020: [D:/ZGTC/Work/ccc/ipcore/write_ddr_fifo/rtl/ipm2l_sdpram_v1_10_write_ddr_fifo.v(line number: 779)] Net DA_bus[84] in ipm2l_sdpram_v1_10_write_ddr_fifo(original module ipm2l_sdpram_v1_10_write_ddr_fifo) does not have a driver, tie it to 0
W: Verilog-2020: [D:/ZGTC/Work/ccc/ipcore/write_ddr_fifo/rtl/ipm2l_sdpram_v1_10_write_ddr_fifo.v(line number: 779)] Net DA_bus[85] in ipm2l_sdpram_v1_10_write_ddr_fifo(original module ipm2l_sdpram_v1_10_write_ddr_fifo) does not have a driver, tie it to 0
W: Verilog-2020: [D:/ZGTC/Work/ccc/ipcore/write_ddr_fifo/rtl/ipm2l_sdpram_v1_10_write_ddr_fifo.v(line number: 779)] Net DA_bus[86] in ipm2l_sdpram_v1_10_write_ddr_fifo(original module ipm2l_sdpram_v1_10_write_ddr_fifo) does not have a driver, tie it to 0
W: Verilog-2020: [D:/ZGTC/Work/ccc/ipcore/write_ddr_fifo/rtl/ipm2l_sdpram_v1_10_write_ddr_fifo.v(line number: 779)] Net DA_bus[87] in ipm2l_sdpram_v1_10_write_ddr_fifo(original module ipm2l_sdpram_v1_10_write_ddr_fifo) does not have a driver, tie it to 0
W: Verilog-2020: [D:/ZGTC/Work/ccc/ipcore/write_ddr_fifo/rtl/ipm2l_sdpram_v1_10_write_ddr_fifo.v(line number: 779)] Net DA_bus[88] in ipm2l_sdpram_v1_10_write_ddr_fifo(original module ipm2l_sdpram_v1_10_write_ddr_fifo) does not have a driver, tie it to 0
W: Verilog-2020: [D:/ZGTC/Work/ccc/ipcore/write_ddr_fifo/rtl/ipm2l_sdpram_v1_10_write_ddr_fifo.v(line number: 779)] Net DA_bus[89] in ipm2l_sdpram_v1_10_write_ddr_fifo(original module ipm2l_sdpram_v1_10_write_ddr_fifo) does not have a driver, tie it to 0
W: Verilog-2020: [D:/ZGTC/Work/ccc/ipcore/write_ddr_fifo/rtl/ipm2l_sdpram_v1_10_write_ddr_fifo.v(line number: 779)] Net DA_bus[90] in ipm2l_sdpram_v1_10_write_ddr_fifo(original module ipm2l_sdpram_v1_10_write_ddr_fifo) does not have a driver, tie it to 0
W: Verilog-2020: [D:/ZGTC/Work/ccc/ipcore/write_ddr_fifo/rtl/ipm2l_sdpram_v1_10_write_ddr_fifo.v(line number: 779)] Net DA_bus[91] in ipm2l_sdpram_v1_10_write_ddr_fifo(original module ipm2l_sdpram_v1_10_write_ddr_fifo) does not have a driver, tie it to 0
W: Verilog-2020: [D:/ZGTC/Work/ccc/ipcore/write_ddr_fifo/rtl/ipm2l_sdpram_v1_10_write_ddr_fifo.v(line number: 779)] Net DA_bus[92] in ipm2l_sdpram_v1_10_write_ddr_fifo(original module ipm2l_sdpram_v1_10_write_ddr_fifo) does not have a driver, tie it to 0
W: Verilog-2020: [D:/ZGTC/Work/ccc/ipcore/write_ddr_fifo/rtl/ipm2l_sdpram_v1_10_write_ddr_fifo.v(line number: 779)] Net DA_bus[93] in ipm2l_sdpram_v1_10_write_ddr_fifo(original module ipm2l_sdpram_v1_10_write_ddr_fifo) does not have a driver, tie it to 0
W: Verilog-2020: [D:/ZGTC/Work/ccc/ipcore/write_ddr_fifo/rtl/ipm2l_sdpram_v1_10_write_ddr_fifo.v(line number: 779)] Net DA_bus[94] in ipm2l_sdpram_v1_10_write_ddr_fifo(original module ipm2l_sdpram_v1_10_write_ddr_fifo) does not have a driver, tie it to 0
W: Verilog-2020: [D:/ZGTC/Work/ccc/ipcore/write_ddr_fifo/rtl/ipm2l_sdpram_v1_10_write_ddr_fifo.v(line number: 779)] Net DA_bus[95] in ipm2l_sdpram_v1_10_write_ddr_fifo(original module ipm2l_sdpram_v1_10_write_ddr_fifo) does not have a driver, tie it to 0
W: Verilog-2020: [D:/ZGTC/Work/ccc/ipcore/write_ddr_fifo/rtl/ipm2l_sdpram_v1_10_write_ddr_fifo.v(line number: 779)] Net DA_bus[96] in ipm2l_sdpram_v1_10_write_ddr_fifo(original module ipm2l_sdpram_v1_10_write_ddr_fifo) does not have a driver, tie it to 0
W: Verilog-2020: [D:/ZGTC/Work/ccc/ipcore/write_ddr_fifo/rtl/ipm2l_sdpram_v1_10_write_ddr_fifo.v(line number: 779)] Net DA_bus[97] in ipm2l_sdpram_v1_10_write_ddr_fifo(original module ipm2l_sdpram_v1_10_write_ddr_fifo) does not have a driver, tie it to 0
W: Verilog-2020: [D:/ZGTC/Work/ccc/ipcore/write_ddr_fifo/rtl/ipm2l_sdpram_v1_10_write_ddr_fifo.v(line number: 779)] Net DA_bus[98] in ipm2l_sdpram_v1_10_write_ddr_fifo(original module ipm2l_sdpram_v1_10_write_ddr_fifo) does not have a driver, tie it to 0
W: Verilog-2020: [D:/ZGTC/Work/ccc/ipcore/write_ddr_fifo/rtl/ipm2l_sdpram_v1_10_write_ddr_fifo.v(line number: 779)] Net DA_bus[99] in ipm2l_sdpram_v1_10_write_ddr_fifo(original module ipm2l_sdpram_v1_10_write_ddr_fifo) does not have a driver, tie it to 0
W: Verilog-2020: [D:/ZGTC/Work/ccc/ipcore/write_ddr_fifo/rtl/ipm2l_sdpram_v1_10_write_ddr_fifo.v(line number: 779)] Net DA_bus[100] in ipm2l_sdpram_v1_10_write_ddr_fifo(original module ipm2l_sdpram_v1_10_write_ddr_fifo) does not have a driver, tie it to 0
W: Verilog-2020: [D:/ZGTC/Work/ccc/ipcore/write_ddr_fifo/rtl/ipm2l_sdpram_v1_10_write_ddr_fifo.v(line number: 779)] Net DA_bus[101] in ipm2l_sdpram_v1_10_write_ddr_fifo(original module ipm2l_sdpram_v1_10_write_ddr_fifo) does not have a driver, tie it to 0
W: Verilog-2020: [D:/ZGTC/Work/ccc/ipcore/write_ddr_fifo/rtl/ipm2l_sdpram_v1_10_write_ddr_fifo.v(line number: 779)] Net DA_bus[102] in ipm2l_sdpram_v1_10_write_ddr_fifo(original module ipm2l_sdpram_v1_10_write_ddr_fifo) does not have a driver, tie it to 0
W: Verilog-2020: [D:/ZGTC/Work/ccc/ipcore/write_ddr_fifo/rtl/ipm2l_sdpram_v1_10_write_ddr_fifo.v(line number: 779)] Net DA_bus[103] in ipm2l_sdpram_v1_10_write_ddr_fifo(original module ipm2l_sdpram_v1_10_write_ddr_fifo) does not have a driver, tie it to 0
W: Verilog-2020: [D:/ZGTC/Work/ccc/ipcore/write_ddr_fifo/rtl/ipm2l_sdpram_v1_10_write_ddr_fifo.v(line number: 779)] Net DA_bus[104] in ipm2l_sdpram_v1_10_write_ddr_fifo(original module ipm2l_sdpram_v1_10_write_ddr_fifo) does not have a driver, tie it to 0
W: Verilog-2020: [D:/ZGTC/Work/ccc/ipcore/write_ddr_fifo/rtl/ipm2l_sdpram_v1_10_write_ddr_fifo.v(line number: 779)] Net DA_bus[105] in ipm2l_sdpram_v1_10_write_ddr_fifo(original module ipm2l_sdpram_v1_10_write_ddr_fifo) does not have a driver, tie it to 0
W: Verilog-2020: [D:/ZGTC/Work/ccc/ipcore/write_ddr_fifo/rtl/ipm2l_sdpram_v1_10_write_ddr_fifo.v(line number: 779)] Net DA_bus[106] in ipm2l_sdpram_v1_10_write_ddr_fifo(original module ipm2l_sdpram_v1_10_write_ddr_fifo) does not have a driver, tie it to 0
W: Verilog-2020: [D:/ZGTC/Work/ccc/ipcore/write_ddr_fifo/rtl/ipm2l_sdpram_v1_10_write_ddr_fifo.v(line number: 779)] Net DA_bus[107] in ipm2l_sdpram_v1_10_write_ddr_fifo(original module ipm2l_sdpram_v1_10_write_ddr_fifo) does not have a driver, tie it to 0
W: Verilog-2020: [D:/ZGTC/Work/ccc/ipcore/write_ddr_fifo/rtl/ipm2l_sdpram_v1_10_write_ddr_fifo.v(line number: 779)] Net DA_bus[116] in ipm2l_sdpram_v1_10_write_ddr_fifo(original module ipm2l_sdpram_v1_10_write_ddr_fifo) does not have a driver, tie it to 0
W: Verilog-2020: [D:/ZGTC/Work/ccc/ipcore/write_ddr_fifo/rtl/ipm2l_sdpram_v1_10_write_ddr_fifo.v(line number: 779)] Net DA_bus[117] in ipm2l_sdpram_v1_10_write_ddr_fifo(original module ipm2l_sdpram_v1_10_write_ddr_fifo) does not have a driver, tie it to 0
W: Verilog-2020: [D:/ZGTC/Work/ccc/ipcore/write_ddr_fifo/rtl/ipm2l_sdpram_v1_10_write_ddr_fifo.v(line number: 779)] Net DA_bus[118] in ipm2l_sdpram_v1_10_write_ddr_fifo(original module ipm2l_sdpram_v1_10_write_ddr_fifo) does not have a driver, tie it to 0
W: Verilog-2020: [D:/ZGTC/Work/ccc/ipcore/write_ddr_fifo/rtl/ipm2l_sdpram_v1_10_write_ddr_fifo.v(line number: 779)] Net DA_bus[119] in ipm2l_sdpram_v1_10_write_ddr_fifo(original module ipm2l_sdpram_v1_10_write_ddr_fifo) does not have a driver, tie it to 0
W: Verilog-2020: [D:/ZGTC/Work/ccc/ipcore/write_ddr_fifo/rtl/ipm2l_sdpram_v1_10_write_ddr_fifo.v(line number: 779)] Net DA_bus[120] in ipm2l_sdpram_v1_10_write_ddr_fifo(original module ipm2l_sdpram_v1_10_write_ddr_fifo) does not have a driver, tie it to 0
W: Verilog-2020: [D:/ZGTC/Work/ccc/ipcore/write_ddr_fifo/rtl/ipm2l_sdpram_v1_10_write_ddr_fifo.v(line number: 779)] Net DA_bus[121] in ipm2l_sdpram_v1_10_write_ddr_fifo(original module ipm2l_sdpram_v1_10_write_ddr_fifo) does not have a driver, tie it to 0
W: Verilog-2020: [D:/ZGTC/Work/ccc/ipcore/write_ddr_fifo/rtl/ipm2l_sdpram_v1_10_write_ddr_fifo.v(line number: 779)] Net DA_bus[122] in ipm2l_sdpram_v1_10_write_ddr_fifo(original module ipm2l_sdpram_v1_10_write_ddr_fifo) does not have a driver, tie it to 0
W: Verilog-2020: [D:/ZGTC/Work/ccc/ipcore/write_ddr_fifo/rtl/ipm2l_sdpram_v1_10_write_ddr_fifo.v(line number: 779)] Net DA_bus[123] in ipm2l_sdpram_v1_10_write_ddr_fifo(original module ipm2l_sdpram_v1_10_write_ddr_fifo) does not have a driver, tie it to 0
W: Verilog-2020: [D:/ZGTC/Work/ccc/ipcore/write_ddr_fifo/rtl/ipm2l_sdpram_v1_10_write_ddr_fifo.v(line number: 779)] Net DA_bus[124] in ipm2l_sdpram_v1_10_write_ddr_fifo(original module ipm2l_sdpram_v1_10_write_ddr_fifo) does not have a driver, tie it to 0
W: Verilog-2020: [D:/ZGTC/Work/ccc/ipcore/write_ddr_fifo/rtl/ipm2l_sdpram_v1_10_write_ddr_fifo.v(line number: 779)] Net DA_bus[125] in ipm2l_sdpram_v1_10_write_ddr_fifo(original module ipm2l_sdpram_v1_10_write_ddr_fifo) does not have a driver, tie it to 0
W: Verilog-2020: [D:/ZGTC/Work/ccc/ipcore/write_ddr_fifo/rtl/ipm2l_sdpram_v1_10_write_ddr_fifo.v(line number: 779)] Net DA_bus[126] in ipm2l_sdpram_v1_10_write_ddr_fifo(original module ipm2l_sdpram_v1_10_write_ddr_fifo) does not have a driver, tie it to 0
W: Verilog-2020: [D:/ZGTC/Work/ccc/ipcore/write_ddr_fifo/rtl/ipm2l_sdpram_v1_10_write_ddr_fifo.v(line number: 779)] Net DA_bus[127] in ipm2l_sdpram_v1_10_write_ddr_fifo(original module ipm2l_sdpram_v1_10_write_ddr_fifo) does not have a driver, tie it to 0
W: Verilog-2020: [D:/ZGTC/Work/ccc/ipcore/write_ddr_fifo/rtl/ipm2l_sdpram_v1_10_write_ddr_fifo.v(line number: 779)] Net DA_bus[128] in ipm2l_sdpram_v1_10_write_ddr_fifo(original module ipm2l_sdpram_v1_10_write_ddr_fifo) does not have a driver, tie it to 0
W: Verilog-2020: [D:/ZGTC/Work/ccc/ipcore/write_ddr_fifo/rtl/ipm2l_sdpram_v1_10_write_ddr_fifo.v(line number: 779)] Net DA_bus[129] in ipm2l_sdpram_v1_10_write_ddr_fifo(original module ipm2l_sdpram_v1_10_write_ddr_fifo) does not have a driver, tie it to 0
W: Verilog-2020: [D:/ZGTC/Work/ccc/ipcore/write_ddr_fifo/rtl/ipm2l_sdpram_v1_10_write_ddr_fifo.v(line number: 779)] Net DA_bus[130] in ipm2l_sdpram_v1_10_write_ddr_fifo(original module ipm2l_sdpram_v1_10_write_ddr_fifo) does not have a driver, tie it to 0
W: Verilog-2020: [D:/ZGTC/Work/ccc/ipcore/write_ddr_fifo/rtl/ipm2l_sdpram_v1_10_write_ddr_fifo.v(line number: 779)] Net DA_bus[131] in ipm2l_sdpram_v1_10_write_ddr_fifo(original module ipm2l_sdpram_v1_10_write_ddr_fifo) does not have a driver, tie it to 0
W: Verilog-2020: [D:/ZGTC/Work/ccc/ipcore/write_ddr_fifo/rtl/ipm2l_sdpram_v1_10_write_ddr_fifo.v(line number: 779)] Net DA_bus[132] in ipm2l_sdpram_v1_10_write_ddr_fifo(original module ipm2l_sdpram_v1_10_write_ddr_fifo) does not have a driver, tie it to 0
W: Verilog-2020: [D:/ZGTC/Work/ccc/ipcore/write_ddr_fifo/rtl/ipm2l_sdpram_v1_10_write_ddr_fifo.v(line number: 779)] Net DA_bus[133] in ipm2l_sdpram_v1_10_write_ddr_fifo(original module ipm2l_sdpram_v1_10_write_ddr_fifo) does not have a driver, tie it to 0
W: Verilog-2020: [D:/ZGTC/Work/ccc/ipcore/write_ddr_fifo/rtl/ipm2l_sdpram_v1_10_write_ddr_fifo.v(line number: 779)] Net DA_bus[134] in ipm2l_sdpram_v1_10_write_ddr_fifo(original module ipm2l_sdpram_v1_10_write_ddr_fifo) does not have a driver, tie it to 0
W: Verilog-2020: [D:/ZGTC/Work/ccc/ipcore/write_ddr_fifo/rtl/ipm2l_sdpram_v1_10_write_ddr_fifo.v(line number: 779)] Net DA_bus[135] in ipm2l_sdpram_v1_10_write_ddr_fifo(original module ipm2l_sdpram_v1_10_write_ddr_fifo) does not have a driver, tie it to 0
W: Verilog-2020: [D:/ZGTC/Work/ccc/ipcore/write_ddr_fifo/rtl/ipm2l_sdpram_v1_10_write_ddr_fifo.v(line number: 779)] Net DA_bus[136] in ipm2l_sdpram_v1_10_write_ddr_fifo(original module ipm2l_sdpram_v1_10_write_ddr_fifo) does not have a driver, tie it to 0
W: Verilog-2020: [D:/ZGTC/Work/ccc/ipcore/write_ddr_fifo/rtl/ipm2l_sdpram_v1_10_write_ddr_fifo.v(line number: 779)] Net DA_bus[137] in ipm2l_sdpram_v1_10_write_ddr_fifo(original module ipm2l_sdpram_v1_10_write_ddr_fifo) does not have a driver, tie it to 0
W: Verilog-2020: [D:/ZGTC/Work/ccc/ipcore/write_ddr_fifo/rtl/ipm2l_sdpram_v1_10_write_ddr_fifo.v(line number: 779)] Net DA_bus[138] in ipm2l_sdpram_v1_10_write_ddr_fifo(original module ipm2l_sdpram_v1_10_write_ddr_fifo) does not have a driver, tie it to 0
W: Verilog-2020: [D:/ZGTC/Work/ccc/ipcore/write_ddr_fifo/rtl/ipm2l_sdpram_v1_10_write_ddr_fifo.v(line number: 779)] Net DA_bus[139] in ipm2l_sdpram_v1_10_write_ddr_fifo(original module ipm2l_sdpram_v1_10_write_ddr_fifo) does not have a driver, tie it to 0
W: Verilog-2020: [D:/ZGTC/Work/ccc/ipcore/write_ddr_fifo/rtl/ipm2l_sdpram_v1_10_write_ddr_fifo.v(line number: 779)] Net DA_bus[140] in ipm2l_sdpram_v1_10_write_ddr_fifo(original module ipm2l_sdpram_v1_10_write_ddr_fifo) does not have a driver, tie it to 0
W: Verilog-2020: [D:/ZGTC/Work/ccc/ipcore/write_ddr_fifo/rtl/ipm2l_sdpram_v1_10_write_ddr_fifo.v(line number: 779)] Net DA_bus[141] in ipm2l_sdpram_v1_10_write_ddr_fifo(original module ipm2l_sdpram_v1_10_write_ddr_fifo) does not have a driver, tie it to 0
W: Verilog-2020: [D:/ZGTC/Work/ccc/ipcore/write_ddr_fifo/rtl/ipm2l_sdpram_v1_10_write_ddr_fifo.v(line number: 779)] Net DA_bus[142] in ipm2l_sdpram_v1_10_write_ddr_fifo(original module ipm2l_sdpram_v1_10_write_ddr_fifo) does not have a driver, tie it to 0
W: Verilog-2020: [D:/ZGTC/Work/ccc/ipcore/write_ddr_fifo/rtl/ipm2l_sdpram_v1_10_write_ddr_fifo.v(line number: 779)] Net DA_bus[143] in ipm2l_sdpram_v1_10_write_ddr_fifo(original module ipm2l_sdpram_v1_10_write_ddr_fifo) does not have a driver, tie it to 0
W: Verilog-2020: [D:/ZGTC/Work/ccc/ipcore/write_ddr_fifo/rtl/ipm2l_sdpram_v1_10_write_ddr_fifo.v(line number: 780)] Net DB_bus[8] in ipm2l_sdpram_v1_10_write_ddr_fifo(original module ipm2l_sdpram_v1_10_write_ddr_fifo) does not have a driver, tie it to 0
W: Verilog-2020: [D:/ZGTC/Work/ccc/ipcore/write_ddr_fifo/rtl/ipm2l_sdpram_v1_10_write_ddr_fifo.v(line number: 780)] Net DB_bus[17] in ipm2l_sdpram_v1_10_write_ddr_fifo(original module ipm2l_sdpram_v1_10_write_ddr_fifo) does not have a driver, tie it to 0
W: Verilog-2020: [D:/ZGTC/Work/ccc/ipcore/write_ddr_fifo/rtl/ipm2l_sdpram_v1_10_write_ddr_fifo.v(line number: 780)] Net DB_bus[26] in ipm2l_sdpram_v1_10_write_ddr_fifo(original module ipm2l_sdpram_v1_10_write_ddr_fifo) does not have a driver, tie it to 0
W: Verilog-2020: [D:/ZGTC/Work/ccc/ipcore/write_ddr_fifo/rtl/ipm2l_sdpram_v1_10_write_ddr_fifo.v(line number: 780)] Net DB_bus[35] in ipm2l_sdpram_v1_10_write_ddr_fifo(original module ipm2l_sdpram_v1_10_write_ddr_fifo) does not have a driver, tie it to 0
W: Verilog-2020: [D:/ZGTC/Work/ccc/ipcore/write_ddr_fifo/rtl/ipm2l_sdpram_v1_10_write_ddr_fifo.v(line number: 780)] Net DB_bus[44] in ipm2l_sdpram_v1_10_write_ddr_fifo(original module ipm2l_sdpram_v1_10_write_ddr_fifo) does not have a driver, tie it to 0
W: Verilog-2020: [D:/ZGTC/Work/ccc/ipcore/write_ddr_fifo/rtl/ipm2l_sdpram_v1_10_write_ddr_fifo.v(line number: 780)] Net DB_bus[53] in ipm2l_sdpram_v1_10_write_ddr_fifo(original module ipm2l_sdpram_v1_10_write_ddr_fifo) does not have a driver, tie it to 0
W: Verilog-2020: [D:/ZGTC/Work/ccc/ipcore/write_ddr_fifo/rtl/ipm2l_sdpram_v1_10_write_ddr_fifo.v(line number: 780)] Net DB_bus[62] in ipm2l_sdpram_v1_10_write_ddr_fifo(original module ipm2l_sdpram_v1_10_write_ddr_fifo) does not have a driver, tie it to 0
W: Verilog-2020: [D:/ZGTC/Work/ccc/ipcore/write_ddr_fifo/rtl/ipm2l_sdpram_v1_10_write_ddr_fifo.v(line number: 780)] Net DB_bus[71] in ipm2l_sdpram_v1_10_write_ddr_fifo(original module ipm2l_sdpram_v1_10_write_ddr_fifo) does not have a driver, tie it to 0
W: Verilog-2020: [D:/ZGTC/Work/ccc/ipcore/write_ddr_fifo/rtl/ipm2l_sdpram_v1_10_write_ddr_fifo.v(line number: 780)] Net DB_bus[80] in ipm2l_sdpram_v1_10_write_ddr_fifo(original module ipm2l_sdpram_v1_10_write_ddr_fifo) does not have a driver, tie it to 0
W: Verilog-2020: [D:/ZGTC/Work/ccc/ipcore/write_ddr_fifo/rtl/ipm2l_sdpram_v1_10_write_ddr_fifo.v(line number: 780)] Net DB_bus[89] in ipm2l_sdpram_v1_10_write_ddr_fifo(original module ipm2l_sdpram_v1_10_write_ddr_fifo) does not have a driver, tie it to 0
W: Verilog-2020: [D:/ZGTC/Work/ccc/ipcore/write_ddr_fifo/rtl/ipm2l_sdpram_v1_10_write_ddr_fifo.v(line number: 780)] Net DB_bus[98] in ipm2l_sdpram_v1_10_write_ddr_fifo(original module ipm2l_sdpram_v1_10_write_ddr_fifo) does not have a driver, tie it to 0
W: Verilog-2020: [D:/ZGTC/Work/ccc/ipcore/write_ddr_fifo/rtl/ipm2l_sdpram_v1_10_write_ddr_fifo.v(line number: 780)] Net DB_bus[107] in ipm2l_sdpram_v1_10_write_ddr_fifo(original module ipm2l_sdpram_v1_10_write_ddr_fifo) does not have a driver, tie it to 0
W: Verilog-2020: [D:/ZGTC/Work/ccc/ipcore/write_ddr_fifo/rtl/ipm2l_sdpram_v1_10_write_ddr_fifo.v(line number: 780)] Net DB_bus[116] in ipm2l_sdpram_v1_10_write_ddr_fifo(original module ipm2l_sdpram_v1_10_write_ddr_fifo) does not have a driver, tie it to 0
W: Verilog-2020: [D:/ZGTC/Work/ccc/ipcore/write_ddr_fifo/rtl/ipm2l_sdpram_v1_10_write_ddr_fifo.v(line number: 780)] Net DB_bus[125] in ipm2l_sdpram_v1_10_write_ddr_fifo(original module ipm2l_sdpram_v1_10_write_ddr_fifo) does not have a driver, tie it to 0
W: Verilog-2020: [D:/ZGTC/Work/ccc/ipcore/write_ddr_fifo/rtl/ipm2l_sdpram_v1_10_write_ddr_fifo.v(line number: 780)] Net DB_bus[134] in ipm2l_sdpram_v1_10_write_ddr_fifo(original module ipm2l_sdpram_v1_10_write_ddr_fifo) does not have a driver, tie it to 0
W: Verilog-2020: [D:/ZGTC/Work/ccc/ipcore/write_ddr_fifo/rtl/ipm2l_sdpram_v1_10_write_ddr_fifo.v(line number: 780)] Net DB_bus[143] in ipm2l_sdpram_v1_10_write_ddr_fifo(original module ipm2l_sdpram_v1_10_write_ddr_fifo) does not have a driver, tie it to 0
I: Verilog-0004: [D:/ZGTC/Work/ccc/ipcore/write_ddr_fifo/rtl/ipm2l_fifo_v1_10_write_ddr_fifo.v(line number: 109)] Elaborating instance U_ipm2l_fifo_ctrl
I: Verilog-0003: [D:/ZGTC/Work/ccc/ipcore/write_ddr_fifo/rtl/ipm2l_fifo_ctrl_v1_1_write_ddr_fifo.v(line number: 18)] Elaborating module ipm2l_fifo_ctrl_v1_1_write_ddr_fifo
I: Module instance {hdmi_ddr_ov5640_top/user_axi_m_arbitration/user_rw_fifo_ctrl0/user_write_ddr_fifo/U_ipm2l_fifo_write_ddr_fifo/U_ipm2l_fifo_ctrl} parameter value:
    c_WR_DEPTH_WIDTH = 32'b00000000000000000000000000001011
    c_RD_DEPTH_WIDTH = 32'b00000000000000000000000000001000
    c_FIFO_TYPE = ASYN
    c_ALMOST_FULL_NUM = 32'b00000000000000000000011111111100
    c_ALMOST_EMPTY_NUM = 32'b00000000000000000000000000000100
I: Verilog-0004: [D:/ZGTC/Work/ccc/source/axi/rw_fifo_ctrl.v(line number: 121)] Elaborating instance user_read_ddr_fifo
I: Verilog-0003: [D:/ZGTC/Work/ccc/ipcore/read_ddr_fifo/read_ddr_fifo.v(line number: 16)] Elaborating module read_ddr_fifo
I: Verilog-0004: [D:/ZGTC/Work/ccc/ipcore/read_ddr_fifo/read_ddr_fifo.v(line number: 168)] Elaborating instance U_ipm2l_fifo_read_ddr_fifo
I: Verilog-0003: [D:/ZGTC/Work/ccc/ipcore/read_ddr_fifo/rtl/ipm2l_fifo_v1_10_read_ddr_fifo.v(line number: 19)] Elaborating module ipm2l_fifo_v1_10_read_ddr_fifo
I: Module instance {hdmi_ddr_ov5640_top/user_axi_m_arbitration/user_rw_fifo_ctrl0/user_read_ddr_fifo/U_ipm2l_fifo_read_ddr_fifo} parameter value:
    c_CAS_MODE = 36K
    c_WR_DEPTH_WIDTH = 32'b00000000000000000000000000001000
    c_WR_DATA_WIDTH = 32'b00000000000000000000000100000000
    c_RD_DEPTH_WIDTH = 32'b00000000000000000000000000001011
    c_RD_DATA_WIDTH = 32'b00000000000000000000000000100000
    c_OUTPUT_REG = 32'b00000000000000000000000000000000
    c_RD_OCE_EN = 32'b00000000000000000000000000000000
    c_FAB_REG = 32'b00000000000000000000000000000000
    c_RESET_TYPE = ASYNC
    c_POWER_OPT = 32'b00000000000000000000000000000000
    c_RD_CLK_OR_POL_INV = 32'b00000000000000000000000000000000
    c_WR_BYTE_EN = 32'b00000000000000000000000000000000
    c_BE_WIDTH = 32'b00000000000000000000000000000001
    c_FIFO_TYPE = ASYN
    c_ALMOST_FULL_NUM = 32'b00000000000000000000000011111100
    c_ALMOST_EMPTY_NUM = 32'b00000000000000000000000000000100
I: Verilog-0004: [D:/ZGTC/Work/ccc/ipcore/read_ddr_fifo/rtl/ipm2l_fifo_v1_10_read_ddr_fifo.v(line number: 84)] Elaborating instance U_ipm2l_sdpram
I: Verilog-0003: [D:/ZGTC/Work/ccc/ipcore/read_ddr_fifo/rtl/ipm2l_sdpram_v1_10_read_ddr_fifo.v(line number: 18)] Elaborating module ipm2l_sdpram_v1_10_read_ddr_fifo
I: Module instance {hdmi_ddr_ov5640_top/user_axi_m_arbitration/user_rw_fifo_ctrl0/user_read_ddr_fifo/U_ipm2l_fifo_read_ddr_fifo/U_ipm2l_sdpram} parameter value:
    c_CAS_MODE = 36K
    c_WR_ADDR_WIDTH = 32'b00000000000000000000000000001000
    c_WR_DATA_WIDTH = 32'b00000000000000000000000100000000
    c_RD_ADDR_WIDTH = 32'b00000000000000000000000000001011
    c_RD_DATA_WIDTH = 32'b00000000000000000000000000100000
    c_WR_ADDR_STROBE_EN = 32'b00000000000000000000000000000000
    c_WR_CLK_EN = 32'b00000000000000000000000000000001
    c_OUTPUT_REG = 32'b00000000000000000000000000000000
    c_RD_OCE_EN = 32'b00000000000000000000000000000000
    c_FAB_REG = 32'b00000000000000000000000000000000
    c_RD_ADDR_STROBE_EN = 32'b00000000000000000000000000000000
    c_RD_CLK_EN = 32'b00000000000000000000000000000001
    c_RESET_TYPE = ASYNC
    c_RD_CLK_OR_POL_INV = 32'b00000000000000000000000000000000
    c_POWER_OPT = 32'b00000000000000000000000000000000
    c_INIT_FILE = NONE
    c_INIT_FORMAT = BIN
    c_WR_BYTE_EN = 32'b00000000000000000000000000000000
    c_BE_WIDTH = 32'b00000000000000000000000000000001
W: [D:/ZGTC/Work/ccc/ipcore/read_ddr_fifo/rtl/ipm2l_sdpram_v1_10_read_ddr_fifo.v(line number: 353)] IPSpecCheck: 04030130 ipm2l_flex_sdpram parameter setting error !!!: c_WR_ADDR_WIDTH must between 9-20 when DRM Resource is 36K (module instance : hdmi_ddr_ov5640_top/user_axi_m_arbitration/user_rw_fifo_ctrl0/user_read_ddr_fifo/U_ipm2l_fifo_read_ddr_fifo/U_ipm2l_sdpram)
W: Verilog-2039: [D:/ZGTC/Work/ccc/ipcore/read_ddr_fifo/rtl/ipm2l_sdpram_v1_10_read_ddr_fifo.v(line number: 516)] Repeat multiplier in concatenation evaluates to 0
W: Verilog-2038: [D:/ZGTC/Work/ccc/ipcore/read_ddr_fifo/rtl/ipm2l_sdpram_v1_10_read_ddr_fifo.v(line number: 538)] Case condition never applies
W: Verilog-2038: [D:/ZGTC/Work/ccc/ipcore/read_ddr_fifo/rtl/ipm2l_sdpram_v1_10_read_ddr_fifo.v(line number: 539)] Case condition never applies
W: Verilog-2038: [D:/ZGTC/Work/ccc/ipcore/read_ddr_fifo/rtl/ipm2l_sdpram_v1_10_read_ddr_fifo.v(line number: 540)] Case condition never applies
W: Verilog-2038: [D:/ZGTC/Work/ccc/ipcore/read_ddr_fifo/rtl/ipm2l_sdpram_v1_10_read_ddr_fifo.v(line number: 541)] Case condition never applies
W: Verilog-2038: [D:/ZGTC/Work/ccc/ipcore/read_ddr_fifo/rtl/ipm2l_sdpram_v1_10_read_ddr_fifo.v(line number: 541)] Case condition never applies
W: Verilog-2038: [D:/ZGTC/Work/ccc/ipcore/read_ddr_fifo/rtl/ipm2l_sdpram_v1_10_read_ddr_fifo.v(line number: 542)] Case condition never applies
W: Verilog-2038: [D:/ZGTC/Work/ccc/ipcore/read_ddr_fifo/rtl/ipm2l_sdpram_v1_10_read_ddr_fifo.v(line number: 542)] Case condition never applies
W: Verilog-2038: [D:/ZGTC/Work/ccc/ipcore/read_ddr_fifo/rtl/ipm2l_sdpram_v1_10_read_ddr_fifo.v(line number: 543)] Case condition never applies
W: Verilog-2038: [D:/ZGTC/Work/ccc/ipcore/read_ddr_fifo/rtl/ipm2l_sdpram_v1_10_read_ddr_fifo.v(line number: 543)] Case condition never applies
W: Verilog-2038: [D:/ZGTC/Work/ccc/ipcore/read_ddr_fifo/rtl/ipm2l_sdpram_v1_10_read_ddr_fifo.v(line number: 538)] Case condition never applies
W: Verilog-2038: [D:/ZGTC/Work/ccc/ipcore/read_ddr_fifo/rtl/ipm2l_sdpram_v1_10_read_ddr_fifo.v(line number: 539)] Case condition never applies
W: Verilog-2038: [D:/ZGTC/Work/ccc/ipcore/read_ddr_fifo/rtl/ipm2l_sdpram_v1_10_read_ddr_fifo.v(line number: 540)] Case condition never applies
W: Verilog-2038: [D:/ZGTC/Work/ccc/ipcore/read_ddr_fifo/rtl/ipm2l_sdpram_v1_10_read_ddr_fifo.v(line number: 541)] Case condition never applies
W: Verilog-2038: [D:/ZGTC/Work/ccc/ipcore/read_ddr_fifo/rtl/ipm2l_sdpram_v1_10_read_ddr_fifo.v(line number: 541)] Case condition never applies
W: Verilog-2038: [D:/ZGTC/Work/ccc/ipcore/read_ddr_fifo/rtl/ipm2l_sdpram_v1_10_read_ddr_fifo.v(line number: 542)] Case condition never applies
W: Verilog-2038: [D:/ZGTC/Work/ccc/ipcore/read_ddr_fifo/rtl/ipm2l_sdpram_v1_10_read_ddr_fifo.v(line number: 542)] Case condition never applies
W: Verilog-2038: [D:/ZGTC/Work/ccc/ipcore/read_ddr_fifo/rtl/ipm2l_sdpram_v1_10_read_ddr_fifo.v(line number: 543)] Case condition never applies
W: Verilog-2038: [D:/ZGTC/Work/ccc/ipcore/read_ddr_fifo/rtl/ipm2l_sdpram_v1_10_read_ddr_fifo.v(line number: 543)] Case condition never applies
W: Verilog-2038: [D:/ZGTC/Work/ccc/ipcore/read_ddr_fifo/rtl/ipm2l_sdpram_v1_10_read_ddr_fifo.v(line number: 538)] Case condition never applies
W: Verilog-2038: [D:/ZGTC/Work/ccc/ipcore/read_ddr_fifo/rtl/ipm2l_sdpram_v1_10_read_ddr_fifo.v(line number: 539)] Case condition never applies
W: Verilog-2038: [D:/ZGTC/Work/ccc/ipcore/read_ddr_fifo/rtl/ipm2l_sdpram_v1_10_read_ddr_fifo.v(line number: 540)] Case condition never applies
W: Verilog-2038: [D:/ZGTC/Work/ccc/ipcore/read_ddr_fifo/rtl/ipm2l_sdpram_v1_10_read_ddr_fifo.v(line number: 541)] Case condition never applies
W: Verilog-2038: [D:/ZGTC/Work/ccc/ipcore/read_ddr_fifo/rtl/ipm2l_sdpram_v1_10_read_ddr_fifo.v(line number: 541)] Case condition never applies
W: Verilog-2038: [D:/ZGTC/Work/ccc/ipcore/read_ddr_fifo/rtl/ipm2l_sdpram_v1_10_read_ddr_fifo.v(line number: 542)] Case condition never applies
W: Verilog-2038: [D:/ZGTC/Work/ccc/ipcore/read_ddr_fifo/rtl/ipm2l_sdpram_v1_10_read_ddr_fifo.v(line number: 542)] Case condition never applies
W: Verilog-2038: [D:/ZGTC/Work/ccc/ipcore/read_ddr_fifo/rtl/ipm2l_sdpram_v1_10_read_ddr_fifo.v(line number: 543)] Case condition never applies
W: Verilog-2038: [D:/ZGTC/Work/ccc/ipcore/read_ddr_fifo/rtl/ipm2l_sdpram_v1_10_read_ddr_fifo.v(line number: 543)] Case condition never applies
W: Verilog-2038: [D:/ZGTC/Work/ccc/ipcore/read_ddr_fifo/rtl/ipm2l_sdpram_v1_10_read_ddr_fifo.v(line number: 538)] Case condition never applies
W: Verilog-2038: [D:/ZGTC/Work/ccc/ipcore/read_ddr_fifo/rtl/ipm2l_sdpram_v1_10_read_ddr_fifo.v(line number: 539)] Case condition never applies
W: Verilog-2038: [D:/ZGTC/Work/ccc/ipcore/read_ddr_fifo/rtl/ipm2l_sdpram_v1_10_read_ddr_fifo.v(line number: 540)] Case condition never applies
W: Verilog-2038: [D:/ZGTC/Work/ccc/ipcore/read_ddr_fifo/rtl/ipm2l_sdpram_v1_10_read_ddr_fifo.v(line number: 541)] Case condition never applies
W: Verilog-2038: [D:/ZGTC/Work/ccc/ipcore/read_ddr_fifo/rtl/ipm2l_sdpram_v1_10_read_ddr_fifo.v(line number: 541)] Case condition never applies
W: Verilog-2038: [D:/ZGTC/Work/ccc/ipcore/read_ddr_fifo/rtl/ipm2l_sdpram_v1_10_read_ddr_fifo.v(line number: 542)] Case condition never applies
W: Verilog-2038: [D:/ZGTC/Work/ccc/ipcore/read_ddr_fifo/rtl/ipm2l_sdpram_v1_10_read_ddr_fifo.v(line number: 542)] Case condition never applies
W: Verilog-2038: [D:/ZGTC/Work/ccc/ipcore/read_ddr_fifo/rtl/ipm2l_sdpram_v1_10_read_ddr_fifo.v(line number: 543)] Case condition never applies
W: Verilog-2038: [D:/ZGTC/Work/ccc/ipcore/read_ddr_fifo/rtl/ipm2l_sdpram_v1_10_read_ddr_fifo.v(line number: 543)] Case condition never applies
W: Verilog-2038: [D:/ZGTC/Work/ccc/ipcore/read_ddr_fifo/rtl/ipm2l_sdpram_v1_10_read_ddr_fifo.v(line number: 687)] Case condition never applies
W: Verilog-2038: [D:/ZGTC/Work/ccc/ipcore/read_ddr_fifo/rtl/ipm2l_sdpram_v1_10_read_ddr_fifo.v(line number: 688)] Case condition never applies
W: Verilog-2038: [D:/ZGTC/Work/ccc/ipcore/read_ddr_fifo/rtl/ipm2l_sdpram_v1_10_read_ddr_fifo.v(line number: 689)] Case condition never applies
I: Verilog-0004: [D:/ZGTC/Work/ccc/ipcore/read_ddr_fifo/rtl/ipm2l_sdpram_v1_10_read_ddr_fifo.v(line number: 869)] Elaborating instance U_GTP_DRM36K_E1
I: Verilog-0004: [D:/ZGTC/Work/ccc/ipcore/read_ddr_fifo/rtl/ipm2l_sdpram_v1_10_read_ddr_fifo.v(line number: 869)] Elaborating instance U_GTP_DRM36K_E1
I: Verilog-0004: [D:/ZGTC/Work/ccc/ipcore/read_ddr_fifo/rtl/ipm2l_sdpram_v1_10_read_ddr_fifo.v(line number: 869)] Elaborating instance U_GTP_DRM36K_E1
I: Verilog-0004: [D:/ZGTC/Work/ccc/ipcore/read_ddr_fifo/rtl/ipm2l_sdpram_v1_10_read_ddr_fifo.v(line number: 869)] Elaborating instance U_GTP_DRM36K_E1
W: Verilog-2023: [D:/ZGTC/Work/ccc/ipcore/read_ddr_fifo/rtl/ipm2l_sdpram_v1_10_read_ddr_fifo.v(line number: 869)] Give initial value 0 for the no drive pin INJECT_SBITERR in module instance hdmi_ddr_ov5640_top/user_axi_m_arbitration/user_rw_fifo_ctrl0/user_read_ddr_fifo/U_ipm2l_fifo_read_ddr_fifo/U_ipm2l_sdpram.ADDR_LOOP[0].DATA_LOOP[0].U_GTP_DRM36K_E1
W: Verilog-2023: [D:/ZGTC/Work/ccc/ipcore/read_ddr_fifo/rtl/ipm2l_sdpram_v1_10_read_ddr_fifo.v(line number: 869)] Give initial value 0 for the no drive pin INJECT_DBITERR in module instance hdmi_ddr_ov5640_top/user_axi_m_arbitration/user_rw_fifo_ctrl0/user_read_ddr_fifo/U_ipm2l_fifo_read_ddr_fifo/U_ipm2l_sdpram.ADDR_LOOP[0].DATA_LOOP[0].U_GTP_DRM36K_E1
W: Verilog-2023: [D:/ZGTC/Work/ccc/ipcore/read_ddr_fifo/rtl/ipm2l_sdpram_v1_10_read_ddr_fifo.v(line number: 869)] Give initial value 0 for the no drive pin INJECT_SBITERR in module instance hdmi_ddr_ov5640_top/user_axi_m_arbitration/user_rw_fifo_ctrl0/user_read_ddr_fifo/U_ipm2l_fifo_read_ddr_fifo/U_ipm2l_sdpram.ADDR_LOOP[0].DATA_LOOP[1].U_GTP_DRM36K_E1
W: Verilog-2023: [D:/ZGTC/Work/ccc/ipcore/read_ddr_fifo/rtl/ipm2l_sdpram_v1_10_read_ddr_fifo.v(line number: 869)] Give initial value 0 for the no drive pin INJECT_DBITERR in module instance hdmi_ddr_ov5640_top/user_axi_m_arbitration/user_rw_fifo_ctrl0/user_read_ddr_fifo/U_ipm2l_fifo_read_ddr_fifo/U_ipm2l_sdpram.ADDR_LOOP[0].DATA_LOOP[1].U_GTP_DRM36K_E1
W: Verilog-2023: [D:/ZGTC/Work/ccc/ipcore/read_ddr_fifo/rtl/ipm2l_sdpram_v1_10_read_ddr_fifo.v(line number: 869)] Give initial value 0 for the no drive pin INJECT_SBITERR in module instance hdmi_ddr_ov5640_top/user_axi_m_arbitration/user_rw_fifo_ctrl0/user_read_ddr_fifo/U_ipm2l_fifo_read_ddr_fifo/U_ipm2l_sdpram.ADDR_LOOP[0].DATA_LOOP[2].U_GTP_DRM36K_E1
W: Verilog-2023: [D:/ZGTC/Work/ccc/ipcore/read_ddr_fifo/rtl/ipm2l_sdpram_v1_10_read_ddr_fifo.v(line number: 869)] Give initial value 0 for the no drive pin INJECT_DBITERR in module instance hdmi_ddr_ov5640_top/user_axi_m_arbitration/user_rw_fifo_ctrl0/user_read_ddr_fifo/U_ipm2l_fifo_read_ddr_fifo/U_ipm2l_sdpram.ADDR_LOOP[0].DATA_LOOP[2].U_GTP_DRM36K_E1
W: Verilog-2023: [D:/ZGTC/Work/ccc/ipcore/read_ddr_fifo/rtl/ipm2l_sdpram_v1_10_read_ddr_fifo.v(line number: 869)] Give initial value 0 for the no drive pin INJECT_SBITERR in module instance hdmi_ddr_ov5640_top/user_axi_m_arbitration/user_rw_fifo_ctrl0/user_read_ddr_fifo/U_ipm2l_fifo_read_ddr_fifo/U_ipm2l_sdpram.ADDR_LOOP[0].DATA_LOOP[3].U_GTP_DRM36K_E1
W: Verilog-2023: [D:/ZGTC/Work/ccc/ipcore/read_ddr_fifo/rtl/ipm2l_sdpram_v1_10_read_ddr_fifo.v(line number: 869)] Give initial value 0 for the no drive pin INJECT_DBITERR in module instance hdmi_ddr_ov5640_top/user_axi_m_arbitration/user_rw_fifo_ctrl0/user_read_ddr_fifo/U_ipm2l_fifo_read_ddr_fifo/U_ipm2l_sdpram.ADDR_LOOP[0].DATA_LOOP[3].U_GTP_DRM36K_E1
W: Verilog-2020: [D:/ZGTC/Work/ccc/ipcore/read_ddr_fifo/rtl/ipm2l_sdpram_v1_10_read_ddr_fifo.v(line number: 779)] Net DA_bus[8] in ipm2l_sdpram_v1_10_read_ddr_fifo(original module ipm2l_sdpram_v1_10_read_ddr_fifo) does not have a driver, tie it to 0
W: Verilog-2020: [D:/ZGTC/Work/ccc/ipcore/read_ddr_fifo/rtl/ipm2l_sdpram_v1_10_read_ddr_fifo.v(line number: 779)] Net DA_bus[17] in ipm2l_sdpram_v1_10_read_ddr_fifo(original module ipm2l_sdpram_v1_10_read_ddr_fifo) does not have a driver, tie it to 0
W: Verilog-2020: [D:/ZGTC/Work/ccc/ipcore/read_ddr_fifo/rtl/ipm2l_sdpram_v1_10_read_ddr_fifo.v(line number: 779)] Net DA_bus[26] in ipm2l_sdpram_v1_10_read_ddr_fifo(original module ipm2l_sdpram_v1_10_read_ddr_fifo) does not have a driver, tie it to 0
W: Verilog-2020: [D:/ZGTC/Work/ccc/ipcore/read_ddr_fifo/rtl/ipm2l_sdpram_v1_10_read_ddr_fifo.v(line number: 779)] Net DA_bus[35] in ipm2l_sdpram_v1_10_read_ddr_fifo(original module ipm2l_sdpram_v1_10_read_ddr_fifo) does not have a driver, tie it to 0
W: Verilog-2020: [D:/ZGTC/Work/ccc/ipcore/read_ddr_fifo/rtl/ipm2l_sdpram_v1_10_read_ddr_fifo.v(line number: 779)] Net DA_bus[44] in ipm2l_sdpram_v1_10_read_ddr_fifo(original module ipm2l_sdpram_v1_10_read_ddr_fifo) does not have a driver, tie it to 0
W: Verilog-2020: [D:/ZGTC/Work/ccc/ipcore/read_ddr_fifo/rtl/ipm2l_sdpram_v1_10_read_ddr_fifo.v(line number: 779)] Net DA_bus[53] in ipm2l_sdpram_v1_10_read_ddr_fifo(original module ipm2l_sdpram_v1_10_read_ddr_fifo) does not have a driver, tie it to 0
W: Verilog-2020: [D:/ZGTC/Work/ccc/ipcore/read_ddr_fifo/rtl/ipm2l_sdpram_v1_10_read_ddr_fifo.v(line number: 779)] Net DA_bus[62] in ipm2l_sdpram_v1_10_read_ddr_fifo(original module ipm2l_sdpram_v1_10_read_ddr_fifo) does not have a driver, tie it to 0
W: Verilog-2020: [D:/ZGTC/Work/ccc/ipcore/read_ddr_fifo/rtl/ipm2l_sdpram_v1_10_read_ddr_fifo.v(line number: 779)] Net DA_bus[71] in ipm2l_sdpram_v1_10_read_ddr_fifo(original module ipm2l_sdpram_v1_10_read_ddr_fifo) does not have a driver, tie it to 0
W: Verilog-2020: [D:/ZGTC/Work/ccc/ipcore/read_ddr_fifo/rtl/ipm2l_sdpram_v1_10_read_ddr_fifo.v(line number: 779)] Net DA_bus[80] in ipm2l_sdpram_v1_10_read_ddr_fifo(original module ipm2l_sdpram_v1_10_read_ddr_fifo) does not have a driver, tie it to 0
W: Verilog-2020: [D:/ZGTC/Work/ccc/ipcore/read_ddr_fifo/rtl/ipm2l_sdpram_v1_10_read_ddr_fifo.v(line number: 779)] Net DA_bus[89] in ipm2l_sdpram_v1_10_read_ddr_fifo(original module ipm2l_sdpram_v1_10_read_ddr_fifo) does not have a driver, tie it to 0
W: Verilog-2020: [D:/ZGTC/Work/ccc/ipcore/read_ddr_fifo/rtl/ipm2l_sdpram_v1_10_read_ddr_fifo.v(line number: 779)] Net DA_bus[98] in ipm2l_sdpram_v1_10_read_ddr_fifo(original module ipm2l_sdpram_v1_10_read_ddr_fifo) does not have a driver, tie it to 0
W: Verilog-2020: [D:/ZGTC/Work/ccc/ipcore/read_ddr_fifo/rtl/ipm2l_sdpram_v1_10_read_ddr_fifo.v(line number: 779)] Net DA_bus[107] in ipm2l_sdpram_v1_10_read_ddr_fifo(original module ipm2l_sdpram_v1_10_read_ddr_fifo) does not have a driver, tie it to 0
W: Verilog-2020: [D:/ZGTC/Work/ccc/ipcore/read_ddr_fifo/rtl/ipm2l_sdpram_v1_10_read_ddr_fifo.v(line number: 779)] Net DA_bus[116] in ipm2l_sdpram_v1_10_read_ddr_fifo(original module ipm2l_sdpram_v1_10_read_ddr_fifo) does not have a driver, tie it to 0
W: Verilog-2020: [D:/ZGTC/Work/ccc/ipcore/read_ddr_fifo/rtl/ipm2l_sdpram_v1_10_read_ddr_fifo.v(line number: 779)] Net DA_bus[125] in ipm2l_sdpram_v1_10_read_ddr_fifo(original module ipm2l_sdpram_v1_10_read_ddr_fifo) does not have a driver, tie it to 0
W: Verilog-2020: [D:/ZGTC/Work/ccc/ipcore/read_ddr_fifo/rtl/ipm2l_sdpram_v1_10_read_ddr_fifo.v(line number: 779)] Net DA_bus[134] in ipm2l_sdpram_v1_10_read_ddr_fifo(original module ipm2l_sdpram_v1_10_read_ddr_fifo) does not have a driver, tie it to 0
W: Verilog-2020: [D:/ZGTC/Work/ccc/ipcore/read_ddr_fifo/rtl/ipm2l_sdpram_v1_10_read_ddr_fifo.v(line number: 779)] Net DA_bus[143] in ipm2l_sdpram_v1_10_read_ddr_fifo(original module ipm2l_sdpram_v1_10_read_ddr_fifo) does not have a driver, tie it to 0
W: Verilog-2020: [D:/ZGTC/Work/ccc/ipcore/read_ddr_fifo/rtl/ipm2l_sdpram_v1_10_read_ddr_fifo.v(line number: 780)] Net DB_bus[8] in ipm2l_sdpram_v1_10_read_ddr_fifo(original module ipm2l_sdpram_v1_10_read_ddr_fifo) does not have a driver, tie it to 0
W: Verilog-2020: [D:/ZGTC/Work/ccc/ipcore/read_ddr_fifo/rtl/ipm2l_sdpram_v1_10_read_ddr_fifo.v(line number: 780)] Net DB_bus[17] in ipm2l_sdpram_v1_10_read_ddr_fifo(original module ipm2l_sdpram_v1_10_read_ddr_fifo) does not have a driver, tie it to 0
W: Verilog-2020: [D:/ZGTC/Work/ccc/ipcore/read_ddr_fifo/rtl/ipm2l_sdpram_v1_10_read_ddr_fifo.v(line number: 780)] Net DB_bus[26] in ipm2l_sdpram_v1_10_read_ddr_fifo(original module ipm2l_sdpram_v1_10_read_ddr_fifo) does not have a driver, tie it to 0
W: Verilog-2020: [D:/ZGTC/Work/ccc/ipcore/read_ddr_fifo/rtl/ipm2l_sdpram_v1_10_read_ddr_fifo.v(line number: 780)] Net DB_bus[35] in ipm2l_sdpram_v1_10_read_ddr_fifo(original module ipm2l_sdpram_v1_10_read_ddr_fifo) does not have a driver, tie it to 0
W: Verilog-2020: [D:/ZGTC/Work/ccc/ipcore/read_ddr_fifo/rtl/ipm2l_sdpram_v1_10_read_ddr_fifo.v(line number: 780)] Net DB_bus[44] in ipm2l_sdpram_v1_10_read_ddr_fifo(original module ipm2l_sdpram_v1_10_read_ddr_fifo) does not have a driver, tie it to 0
W: Verilog-2020: [D:/ZGTC/Work/ccc/ipcore/read_ddr_fifo/rtl/ipm2l_sdpram_v1_10_read_ddr_fifo.v(line number: 780)] Net DB_bus[53] in ipm2l_sdpram_v1_10_read_ddr_fifo(original module ipm2l_sdpram_v1_10_read_ddr_fifo) does not have a driver, tie it to 0
W: Verilog-2020: [D:/ZGTC/Work/ccc/ipcore/read_ddr_fifo/rtl/ipm2l_sdpram_v1_10_read_ddr_fifo.v(line number: 780)] Net DB_bus[62] in ipm2l_sdpram_v1_10_read_ddr_fifo(original module ipm2l_sdpram_v1_10_read_ddr_fifo) does not have a driver, tie it to 0
W: Verilog-2020: [D:/ZGTC/Work/ccc/ipcore/read_ddr_fifo/rtl/ipm2l_sdpram_v1_10_read_ddr_fifo.v(line number: 780)] Net DB_bus[71] in ipm2l_sdpram_v1_10_read_ddr_fifo(original module ipm2l_sdpram_v1_10_read_ddr_fifo) does not have a driver, tie it to 0
W: Verilog-2020: [D:/ZGTC/Work/ccc/ipcore/read_ddr_fifo/rtl/ipm2l_sdpram_v1_10_read_ddr_fifo.v(line number: 780)] Net DB_bus[80] in ipm2l_sdpram_v1_10_read_ddr_fifo(original module ipm2l_sdpram_v1_10_read_ddr_fifo) does not have a driver, tie it to 0
W: Verilog-2020: [D:/ZGTC/Work/ccc/ipcore/read_ddr_fifo/rtl/ipm2l_sdpram_v1_10_read_ddr_fifo.v(line number: 780)] Net DB_bus[89] in ipm2l_sdpram_v1_10_read_ddr_fifo(original module ipm2l_sdpram_v1_10_read_ddr_fifo) does not have a driver, tie it to 0
W: Verilog-2020: [D:/ZGTC/Work/ccc/ipcore/read_ddr_fifo/rtl/ipm2l_sdpram_v1_10_read_ddr_fifo.v(line number: 780)] Net DB_bus[98] in ipm2l_sdpram_v1_10_read_ddr_fifo(original module ipm2l_sdpram_v1_10_read_ddr_fifo) does not have a driver, tie it to 0
W: Verilog-2020: [D:/ZGTC/Work/ccc/ipcore/read_ddr_fifo/rtl/ipm2l_sdpram_v1_10_read_ddr_fifo.v(line number: 780)] Net DB_bus[107] in ipm2l_sdpram_v1_10_read_ddr_fifo(original module ipm2l_sdpram_v1_10_read_ddr_fifo) does not have a driver, tie it to 0
W: Verilog-2020: [D:/ZGTC/Work/ccc/ipcore/read_ddr_fifo/rtl/ipm2l_sdpram_v1_10_read_ddr_fifo.v(line number: 780)] Net DB_bus[116] in ipm2l_sdpram_v1_10_read_ddr_fifo(original module ipm2l_sdpram_v1_10_read_ddr_fifo) does not have a driver, tie it to 0
W: Verilog-2020: [D:/ZGTC/Work/ccc/ipcore/read_ddr_fifo/rtl/ipm2l_sdpram_v1_10_read_ddr_fifo.v(line number: 780)] Net DB_bus[125] in ipm2l_sdpram_v1_10_read_ddr_fifo(original module ipm2l_sdpram_v1_10_read_ddr_fifo) does not have a driver, tie it to 0
W: Verilog-2020: [D:/ZGTC/Work/ccc/ipcore/read_ddr_fifo/rtl/ipm2l_sdpram_v1_10_read_ddr_fifo.v(line number: 780)] Net DB_bus[134] in ipm2l_sdpram_v1_10_read_ddr_fifo(original module ipm2l_sdpram_v1_10_read_ddr_fifo) does not have a driver, tie it to 0
W: Verilog-2020: [D:/ZGTC/Work/ccc/ipcore/read_ddr_fifo/rtl/ipm2l_sdpram_v1_10_read_ddr_fifo.v(line number: 780)] Net DB_bus[143] in ipm2l_sdpram_v1_10_read_ddr_fifo(original module ipm2l_sdpram_v1_10_read_ddr_fifo) does not have a driver, tie it to 0
I: Verilog-0004: [D:/ZGTC/Work/ccc/ipcore/read_ddr_fifo/rtl/ipm2l_fifo_v1_10_read_ddr_fifo.v(line number: 109)] Elaborating instance U_ipm2l_fifo_ctrl
I: Verilog-0003: [D:/ZGTC/Work/ccc/ipcore/read_ddr_fifo/rtl/ipm2l_fifo_ctrl_v1_1_read_ddr_fifo.v(line number: 18)] Elaborating module ipm2l_fifo_ctrl_v1_1_read_ddr_fifo
I: Module instance {hdmi_ddr_ov5640_top/user_axi_m_arbitration/user_rw_fifo_ctrl0/user_read_ddr_fifo/U_ipm2l_fifo_read_ddr_fifo/U_ipm2l_fifo_ctrl} parameter value:
    c_WR_DEPTH_WIDTH = 32'b00000000000000000000000000001000
    c_RD_DEPTH_WIDTH = 32'b00000000000000000000000000001011
    c_FIFO_TYPE = ASYN
    c_ALMOST_FULL_NUM = 32'b00000000000000000000000011111100
    c_ALMOST_EMPTY_NUM = 32'b00000000000000000000000000000100
I: Verilog-0004: [D:/ZGTC/Work/ccc/source/axi/axi_m_arbitration.v(line number: 658)] Elaborating instance user_rw_fifo_ctrl1
I: Verilog-0003: [D:/ZGTC/Work/ccc/source/axi/rw_fifo_ctrl.v(line number: 1)] Elaborating module rw_fifo_ctrl
I: Verilog-0004: [D:/ZGTC/Work/ccc/source/axi/axi_m_arbitration.v(line number: 680)] Elaborating instance user_rw_fifo_ctrl2
I: Verilog-0003: [D:/ZGTC/Work/ccc/source/axi/rw_fifo_ctrl.v(line number: 1)] Elaborating module rw_fifo_ctrl
I: Verilog-0004: [D:/ZGTC/Work/ccc/source/axi/axi_m_arbitration.v(line number: 702)] Elaborating instance user_rw_fifo_ctrl3
I: Verilog-0003: [D:/ZGTC/Work/ccc/source/axi/rw_fifo_ctrl.v(line number: 1)] Elaborating module rw_fifo_ctrl
W: Verilog-2019: [D:/ZGTC/Work/ccc/source/aaa_top/hdmi_ddr_ov5640_top.v(line number: 639)] Width mismatch between port wr_addr_max and signal bound to it for instantiated module axi_m_arbitration
I: Verilog-0004: [D:/ZGTC/Work/ccc/source/aaa_top/hdmi_ddr_ov5640_top.v(line number: 742)] Elaborating instance u_gtp
I: Verilog-0004: [D:/ZGTC/Work/ccc/source/aaa_top/hdmi_ddr_ov5640_top.v(line number: 752)] Elaborating instance u_ddr3_test_h
I: Verilog-0003: [D:/ZGTC/Work/ccc/ipcore/ddr3_test/ddr3_test.v(line number: 12)] Elaborating module ddr3_test
I: Module instance {hdmi_ddr_ov5640_top/u_ddr3_test_h} parameter value:
    MEM_ROW_WIDTH = 32'b00000000000000000000000000001111
    MEM_COLUMN_WIDTH = 32'b00000000000000000000000000001010
    MEM_BANK_WIDTH = 32'b00000000000000000000000000000011
    MEM_DQ_WIDTH = 32'b00000000000000000000000000100000
    MEM_DM_WIDTH = 32'b00000000000000000000000000000100
    MEM_DQS_WIDTH = 32'b00000000000000000000000000000100
    CTRL_ADDR_WIDTH = 32'b00000000000000000000000000011100
I: Verilog-0004: [D:/ZGTC/Work/ccc/ipcore/ddr3_test/ddr3_test.v(line number: 288)] Elaborating instance u_ddrc_rstn_sync
I: Verilog-0003: [D:/ZGTC/Work/ccc/ipcore/ddr3_test/rtl/ips2l_rst_sync_v1_3.vp(line number: 59)] Elaborating module ips2l_rst_sync_v1_3
I: Module instance {hdmi_ddr_ov5640_top/u_ddr3_test_h/u_ddrc_rstn_sync} parameter value:
    DATA_WIDTH = 1'b1
    DFT_VALUE = 1'b0
I: Verilog-0004: [D:/ZGTC/Work/ccc/ipcore/ddr3_test/ddr3_test.v(line number: 323)] Elaborating instance u_ips_ddrc_top
I: Verilog-0003: [D:/ZGTC/Work/ccc/ipcore/ddr3_test/rtl/mcdq_ctrl/ips2l_mcdq_wrapper_v1_2b.vp(line number: 619)] Elaborating module ips2l_mcdq_wrapper_v1_2b
I: Module instance {hdmi_ddr_ov5640_top/u_ddr3_test_h/u_ips_ddrc_top} parameter value:
    DDR_TYPE = 2'b00
    MEM_ROW_ADDR_WIDTH = 32'b00000000000000000000000000001111
    MEM_COL_ADDR_WIDTH = 32'b00000000000000000000000000001010
    MEM_BA_ADDR_WIDTH = 32'b00000000000000000000000000000011
    MEM_DQ_WIDTH = 32'b00000000000000000000000000100000
    CTRL_ADDR_WIDTH = 32'b00000000000000000000000000011100
    ADDR_MAPPING_SEL = 32'b00000000000000000000000000000001
    TOTAL_ADDR_WIDTH = 32'b00000000000000000000000000001111
    MR0_DDR3 = 16'b0001100100110000
    MR1_DDR3 = 16'b0000000000010100
    MR2_DDR3 = 16'b0000000000001000
    MR3_DDR3 = 16'b0000000000000000
    MR_DDR2 = 16'b0000000000000000
    EMR1_DDR2 = 16'b0000000000000000
    EMR2_DDR2 = 16'b0000000000000000
    EMR3_DDR2 = 16'b0000000000000000
    MR_LPDDR = 16'b0000000000000000
    EMR_LPDDR = 16'b0000000000000000
    TXSDLL = 32'b00000000000000000000001000000000
    TCCD = 32'b00000000000000000000000000000100
    TXP = 32'b00000000000000000000000000000100
    TFAW = 32'b00000000000000000000000000010110
    TRAS = 32'b00000000000000000000000000010011
    TRCD = 32'b00000000000000000000000000000111
    TREFI = 32'b00000000000000000000111100111100
    TRFC = 32'b00000000000000000000000010010110
    TRC = 32'b00000000000000000000000000011001
    TRP = 32'b00000000000000000000000000000111
    TRRD = 32'b00000000000000000000000000000101
    TRTP = 32'b00000000000000000000000000000100
    TWR = 32'b00000000000000000000000000001000
    TWTR = 32'b00000000000000000000000000000100
I: Verilog-0004: [D:/ZGTC/Work/ccc/ipcore/ddr3_test/rtl/mcdq_ctrl/ips2l_mcdq_wrapper_v1_2b.vp(line number: 867)] Elaborating instance mcdq_ui_axi
I: Verilog-0003: [D:/ZGTC/Work/ccc/ipcore/ddr3_test/rtl/mcdq_ctrl/ips2l_mcdq_ui_axi_v1_2a.vp(line number: 271)] Elaborating module ips2l_mcdq_ui_axi_v1_2a
I: Module instance {hdmi_ddr_ov5640_top/u_ddr3_test_h/u_ips_ddrc_top/mcdq_ui_axi} parameter value:
    CTRL_ADDR_WIDTH = 32'b00000000000000000000000000011100
    MEM_ROW_ADDR_WIDTH = 32'b00000000000000000000000000001111
    MEM_COL_ADDR_WIDTH = 32'b00000000000000000000000000001010
    TOTAL_BA_ADDR_WIDTH = 32'b00000000000000000000000000000011
    ADDR_MAPPING_SEL = 32'b00000000000000000000000000000001
I: Verilog-0004: [D:/ZGTC/Work/ccc/ipcore/ddr3_test/rtl/mcdq_ctrl/ips2l_mcdq_ui_axi_v1_2a.vp(line number: 427)] Elaborating instance mcdq_reg_fifo2
I: Verilog-0003: [D:/ZGTC/Work/ccc/ipcore/ddr3_test/rtl/mcdq_ctrl/ips2l_mcdq_reg_fifo2_v1_2.vp(line number: 78)] Elaborating module ips2l_mcdq_reg_fifo2_v1_2
I: Module instance {hdmi_ddr_ov5640_top/u_ddr3_test_h/u_ips_ddrc_top/mcdq_ui_axi/mcdq_reg_fifo2} parameter value:
    W = 32'b00000000000000000000000000100110
I: Verilog-0004: [D:/ZGTC/Work/ccc/ipcore/ddr3_test/rtl/mcdq_ctrl/ips2l_mcdq_ui_axi_v1_2a.vp(line number: 543)] Elaborating instance u_user_cmd_fifo
I: Verilog-0003: [D:/ZGTC/Work/ccc/ipcore/ddr3_test/rtl/mcdq_ctrl/ips2l_mcdq_reg_fifo2_v1_2.vp(line number: 78)] Elaborating module ips2l_mcdq_reg_fifo2_v1_2
I: Module instance {hdmi_ddr_ov5640_top/u_ddr3_test_h/u_ips_ddrc_top/mcdq_ui_axi/u_user_cmd_fifo} parameter value:
    W = 32'b00000000000000000000000000110111
I: Verilog-0004: [D:/ZGTC/Work/ccc/ipcore/ddr3_test/rtl/mcdq_ctrl/ips2l_mcdq_wrapper_v1_2b.vp(line number: 902)] Elaborating instance mcdq_wdatapath
I: Verilog-0003: [D:/ZGTC/Work/ccc/ipcore/ddr3_test/rtl/mcdq_ctrl/ips2l_mcdq_wdatapath_v1_2.vp(line number: 171)] Elaborating module ips2l_mcdq_wdatapath_v1_2
I: Module instance {hdmi_ddr_ov5640_top/u_ddr3_test_h/u_ips_ddrc_top/mcdq_wdatapath} parameter value:
    DDR_TYPE = 2'b00
    DQ_WIDTH = 32'b00000000000000000000000000100000
I: Verilog-0004: [D:/ZGTC/Work/ccc/ipcore/ddr3_test/rtl/mcdq_ctrl/ips2l_mcdq_wdatapath_v1_2.vp(line number: 239)] Elaborating instance ips_distributed_fifo
I: Verilog-0003: [D:/ZGTC/Work/ccc/ipcore/ddr3_test/rtl/mcdq_ctrl/distributed_fifo/ips2l_distributed_fifo_v1_0.vp(line number: 130)] Elaborating module ips2l_distributed_fifo_v1_0
I: Module instance {hdmi_ddr_ov5640_top/u_ddr3_test_h/u_ips_ddrc_top/mcdq_wdatapath/ips_distributed_fifo} parameter value:
    ADDR_WIDTH = 32'b00000000000000000000000000000100
    DATA_WIDTH = 32'b00000000000000000000000000000010
    RST_TYPE = ASYNC
    OUT_REG = 32'b00000000000000000000000000000000
    FIFO_TYPE = SYNC_FIFO
    ALMOST_FULL_NUM = 32'b00000000000000000000000000000100
    ALMOST_EMPTY_NUM = 32'b00000000000000000000000000000100
I: Verilog-0004: [D:/ZGTC/Work/ccc/ipcore/ddr3_test/rtl/mcdq_ctrl/distributed_fifo/ips2l_distributed_fifo_v1_0.vp(line number: 192)] Elaborating instance u_ips2l_distributed_fifo_distributed_fifo_v1_0
I: Verilog-0003: [D:/ZGTC/Work/ccc/ipcore/ddr3_test/rtl/mcdq_ctrl/distributed_fifo/rtl/ips2l_distributed_fifo_v1_0_distributed_fifo_v1_0.vp(line number: 130)] Elaborating module ips2l_distributed_fifo_v1_0_distributed_fifo_v1_0
I: Module instance {hdmi_ddr_ov5640_top/u_ddr3_test_h/u_ips_ddrc_top/mcdq_wdatapath/ips_distributed_fifo/u_ips2l_distributed_fifo_distributed_fifo_v1_0} parameter value:
    ADDR_WIDTH = 32'b00000000000000000000000000000100
    DATA_WIDTH = 32'b00000000000000000000000000000010
    RST_TYPE = ASYNC
    OUT_REG = 32'b00000000000000000000000000000000
    FIFO_TYPE = SYNC_FIFO
    ALMOST_FULL_NUM = 32'b00000000000000000000000000000100
    ALMOST_EMPTY_NUM = 32'b00000000000000000000000000000100
I: Verilog-0004: [D:/ZGTC/Work/ccc/ipcore/ddr3_test/rtl/mcdq_ctrl/distributed_fifo/rtl/ips2l_distributed_fifo_v1_0_distributed_fifo_v1_0.vp(line number: 173)] Elaborating instance ips2l_distributed_sdpram_distributed_fifo_v1_0
I: Verilog-0003: [D:/ZGTC/Work/ccc/ipcore/ddr3_test/rtl/mcdq_ctrl/distributed_fifo/rtl/ips2l_distributed_sdpram_v1_0_distributed_fifo_v1_0.vp(line number: 120)] Elaborating module ips2l_distributed_sdpram_v1_0_distributed_fifo_v1_0
I: Module instance {hdmi_ddr_ov5640_top/u_ddr3_test_h/u_ips_ddrc_top/mcdq_wdatapath/ips_distributed_fifo/u_ips2l_distributed_fifo_distributed_fifo_v1_0/ips2l_distributed_sdpram_distributed_fifo_v1_0} parameter value:
    ADDR_WIDTH = 32'b00000000000000000000000000000100
    DATA_WIDTH = 32'b00000000000000000000000000000010
    RST_TYPE = ASYNC
    OUT_REG = 32'b00000000000000000000000000000000
    INIT_FILE = NONE
    FILE_FORMAT = BIN
I: Verilog-0004: [D:/ZGTC/Work/ccc/ipcore/ddr3_test/rtl/mcdq_ctrl/distributed_fifo/rtl/ips2l_distributed_fifo_v1_0_distributed_fifo_v1_0.vp(line number: 193)] Elaborating instance u_ips2l_distributed_fifo_ctr
I: Verilog-0003: [D:/ZGTC/Work/ccc/ipcore/ddr3_test/rtl/mcdq_ctrl/distributed_fifo/rtl/ips2l_distributed_fifo_ctr_v1_0.vp(line number: 269)] Elaborating module ips2l_distributed_fifo_ctr_v1_0
I: Module instance {hdmi_ddr_ov5640_top/u_ddr3_test_h/u_ips_ddrc_top/mcdq_wdatapath/ips_distributed_fifo/u_ips2l_distributed_fifo_distributed_fifo_v1_0/u_ips2l_distributed_fifo_ctr} parameter value:
    DEPTH = 32'b00000000000000000000000000000100
    FIFO_TYPE = SYNC_FIFO
    ALMOST_FULL_NUM = 32'b00000000000000000000000000000100
    ALMOST_EMPTY_NUM = 32'b00000000000000000000000000000100
I: Verilog-0004: [D:/ZGTC/Work/ccc/ipcore/ddr3_test/rtl/mcdq_ctrl/ips2l_mcdq_wdatapath_v1_2.vp(line number: 278)] Elaborating instance mc3q_wdp_dcp
I: Verilog-0003: [D:/ZGTC/Work/ccc/ipcore/ddr3_test/rtl/mcdq_ctrl/ips2l_mcdq_wdp_dcp_v1_2.vp(line number: 133)] Elaborating module ips2l_mcdq_wdp_dcp_v1_2
I: Verilog-0004: [D:/ZGTC/Work/ccc/ipcore/ddr3_test/rtl/mcdq_ctrl/ips2l_mcdq_wdatapath_v1_2.vp(line number: 313)] Elaborating instance mcdq_wdp_align
I: Verilog-0003: [D:/ZGTC/Work/ccc/ipcore/ddr3_test/rtl/mcdq_ctrl/ips2l_mcdq_wdp_align_v1_2.vp(line number: 140)] Elaborating module ips2l_mcdq_wdp_align_v1_2
I: Module instance {hdmi_ddr_ov5640_top/u_ddr3_test_h/u_ips_ddrc_top/mcdq_wdatapath/mcdq_wdp_align} parameter value:
    DQ_WIDTH = 32'b00000000000000000000000000100000
I: Verilog-0004: [D:/ZGTC/Work/ccc/ipcore/ddr3_test/rtl/mcdq_ctrl/ips2l_mcdq_wrapper_v1_2b.vp(line number: 929)] Elaborating instance mcdq_rdatapath
I: Verilog-0003: [D:/ZGTC/Work/ccc/ipcore/ddr3_test/rtl/mcdq_ctrl/ips2l_mcdq_rdatapath_v1_2.vp(line number: 83)] Elaborating module ips2l_mcdq_rdatapath_v1_2
I: Module instance {hdmi_ddr_ov5640_top/u_ddr3_test_h/u_ips_ddrc_top/mcdq_rdatapath} parameter value:
    DQ_WIDTH = 32'b00000000000000000000000000100000
I: Verilog-0004: [D:/ZGTC/Work/ccc/ipcore/ddr3_test/rtl/mcdq_ctrl/ips2l_mcdq_rdatapath_v1_2.vp(line number: 114)] Elaborating instance mcdq_prefetch_fifo
I: Verilog-0003: [D:/ZGTC/Work/ccc/ipcore/ddr3_test/rtl/mcdq_ctrl/ips2l_mcdq_prefetch_fifo_v1_2.vp(line number: 95)] Elaborating module ips2l_mcdq_prefetch_fifo_v1_2
I: Module instance {hdmi_ddr_ov5640_top/u_ddr3_test_h/u_ips_ddrc_top/mcdq_rdatapath/mcdq_prefetch_fifo} parameter value:
    D = 32'b00000000000000000000000000100000
    W = 32'b00000000000000000000000000000101
I: Verilog-0004: [D:/ZGTC/Work/ccc/ipcore/ddr3_test/rtl/mcdq_ctrl/ips2l_mcdq_prefetch_fifo_v1_2.vp(line number: 165)] Elaborating instance ips2l_distributed_fifo
I: Verilog-0003: [D:/ZGTC/Work/ccc/ipcore/ddr3_test/rtl/mcdq_ctrl/distributed_fifo/ips2l_distributed_fifo_v1_0.vp(line number: 130)] Elaborating module ips2l_distributed_fifo_v1_0
I: Module instance {hdmi_ddr_ov5640_top/u_ddr3_test_h/u_ips_ddrc_top/mcdq_rdatapath/mcdq_prefetch_fifo/ips2l_distributed_fifo} parameter value:
    ADDR_WIDTH = 32'b00000000000000000000000000000101
    DATA_WIDTH = 32'b00000000000000000000000000000101
    RST_TYPE = ASYNC
    OUT_REG = 32'b00000000000000000000000000000000
    FIFO_TYPE = SYNC_FIFO
    ALMOST_FULL_NUM = 32'b00000000000000000000000000000100
    ALMOST_EMPTY_NUM = 32'b00000000000000000000000000000100
I: Verilog-0004: [D:/ZGTC/Work/ccc/ipcore/ddr3_test/rtl/mcdq_ctrl/distributed_fifo/ips2l_distributed_fifo_v1_0.vp(line number: 192)] Elaborating instance u_ips2l_distributed_fifo_distributed_fifo_v1_0
I: Verilog-0003: [D:/ZGTC/Work/ccc/ipcore/ddr3_test/rtl/mcdq_ctrl/distributed_fifo/rtl/ips2l_distributed_fifo_v1_0_distributed_fifo_v1_0.vp(line number: 130)] Elaborating module ips2l_distributed_fifo_v1_0_distributed_fifo_v1_0
I: Module instance {hdmi_ddr_ov5640_top/u_ddr3_test_h/u_ips_ddrc_top/mcdq_rdatapath/mcdq_prefetch_fifo/ips2l_distributed_fifo/u_ips2l_distributed_fifo_distributed_fifo_v1_0} parameter value:
    ADDR_WIDTH = 32'b00000000000000000000000000000101
    DATA_WIDTH = 32'b00000000000000000000000000000101
    RST_TYPE = ASYNC
    OUT_REG = 32'b00000000000000000000000000000000
    FIFO_TYPE = SYNC_FIFO
    ALMOST_FULL_NUM = 32'b00000000000000000000000000000100
    ALMOST_EMPTY_NUM = 32'b00000000000000000000000000000100
I: Verilog-0004: [D:/ZGTC/Work/ccc/ipcore/ddr3_test/rtl/mcdq_ctrl/distributed_fifo/rtl/ips2l_distributed_fifo_v1_0_distributed_fifo_v1_0.vp(line number: 173)] Elaborating instance ips2l_distributed_sdpram_distributed_fifo_v1_0
I: Verilog-0003: [D:/ZGTC/Work/ccc/ipcore/ddr3_test/rtl/mcdq_ctrl/distributed_fifo/rtl/ips2l_distributed_sdpram_v1_0_distributed_fifo_v1_0.vp(line number: 120)] Elaborating module ips2l_distributed_sdpram_v1_0_distributed_fifo_v1_0
I: Module instance {hdmi_ddr_ov5640_top/u_ddr3_test_h/u_ips_ddrc_top/mcdq_rdatapath/mcdq_prefetch_fifo/ips2l_distributed_fifo/u_ips2l_distributed_fifo_distributed_fifo_v1_0/ips2l_distributed_sdpram_distributed_fifo_v1_0} parameter value:
    ADDR_WIDTH = 32'b00000000000000000000000000000101
    DATA_WIDTH = 32'b00000000000000000000000000000101
    RST_TYPE = ASYNC
    OUT_REG = 32'b00000000000000000000000000000000
    INIT_FILE = NONE
    FILE_FORMAT = BIN
I: Verilog-0004: [D:/ZGTC/Work/ccc/ipcore/ddr3_test/rtl/mcdq_ctrl/distributed_fifo/rtl/ips2l_distributed_fifo_v1_0_distributed_fifo_v1_0.vp(line number: 193)] Elaborating instance u_ips2l_distributed_fifo_ctr
I: Verilog-0003: [D:/ZGTC/Work/ccc/ipcore/ddr3_test/rtl/mcdq_ctrl/distributed_fifo/rtl/ips2l_distributed_fifo_ctr_v1_0.vp(line number: 269)] Elaborating module ips2l_distributed_fifo_ctr_v1_0
I: Module instance {hdmi_ddr_ov5640_top/u_ddr3_test_h/u_ips_ddrc_top/mcdq_rdatapath/mcdq_prefetch_fifo/ips2l_distributed_fifo/u_ips2l_distributed_fifo_distributed_fifo_v1_0/u_ips2l_distributed_fifo_ctr} parameter value:
    DEPTH = 32'b00000000000000000000000000000101
    FIFO_TYPE = SYNC_FIFO
    ALMOST_FULL_NUM = 32'b00000000000000000000000000000100
    ALMOST_EMPTY_NUM = 32'b00000000000000000000000000000100
I: Verilog-0004: [D:/ZGTC/Work/ccc/ipcore/ddr3_test/rtl/mcdq_ctrl/ips2l_mcdq_wrapper_v1_2b.vp(line number: 957)] Elaborating instance mcdq_dcd_top
I: Verilog-0003: [D:/ZGTC/Work/ccc/ipcore/ddr3_test/rtl/mcdq_ctrl/ips2l_mcdq_dcd_top_v1_2.vp(line number: 174)] Elaborating module ips2l_mcdq_dcd_top_v1_2
I: Module instance {hdmi_ddr_ov5640_top/u_ddr3_test_h/u_ips_ddrc_top/mcdq_dcd_top} parameter value:
    SINGLE_RANK = true
    CTRL_ADDR_WIDTH = 32'b00000000000000000000000000011100
    RADDR_WIDTH = 32'b00000000000000000000000000000001
    TOTAL_BA_ADDR_WIDTH = 32'b00000000000000000000000000000011
    ROW_ADDR_WIDTH = 32'b00000000000000000000000000001111
    COL_ADDR_WIDTH = 32'b00000000000000000000000000001010
    BURST_LENGTH = 32'b00000000000000000000000000001000
    TREFI = 32'b00000000000000000000001111001111
I: Verilog-0004: [D:/ZGTC/Work/ccc/ipcore/ddr3_test/rtl/mcdq_ctrl/ips2l_mcdq_dcd_top_v1_2.vp(line number: 238)] Elaborating instance mcdq_dcd_bm
I: Verilog-0003: [D:/ZGTC/Work/ccc/ipcore/ddr3_test/rtl/mcdq_ctrl/ips2l_mcdq_dcd_bm_v1_2.vp(line number: 243)] Elaborating module ips2l_mcdq_dcd_bm_v1_2
I: Module instance {hdmi_ddr_ov5640_top/u_ddr3_test_h/u_ips_ddrc_top/mcdq_dcd_top/mcdq_dcd_bm} parameter value:
    CTRL_ADDR_WIDTH = 32'b00000000000000000000000000011100
    ROW_ADDR_WIDTH = 32'b00000000000000000000000000001111
    TOTAL_BANK_WIDTH = 32'b00000000000000000000000000000011
    TREFI = 32'b00000000000000000000001111001111
    REF_NUM = 32'b00000000000000000000000000001000
I: Verilog-0004: [D:/ZGTC/Work/ccc/ipcore/ddr3_test/rtl/mcdq_ctrl/ips2l_mcdq_dcd_bm_v1_2.vp(line number: 374)] Elaborating instance mcdq_dcd_rowaddr
I: Verilog-0003: [D:/ZGTC/Work/ccc/ipcore/ddr3_test/rtl/mcdq_ctrl/ips2l_mcdq_dcd_rowaddr_v1_2.vp(line number: 76)] Elaborating module ips2l_mcdq_dcd_rowaddr_v1_2
I: Module instance {hdmi_ddr_ov5640_top/u_ddr3_test_h/u_ips_ddrc_top/mcdq_dcd_top/mcdq_dcd_bm/mcdq_dcd_rowaddr} parameter value:
    ROW_ADDR_WIDTH = 32'b00000000000000000000000000001111
    TOTAL_BANK_WIDTH = 32'b00000000000000000000000000000011
I: Verilog-0004: [D:/ZGTC/Work/ccc/ipcore/ddr3_test/rtl/mcdq_ctrl/ips2l_mcdq_dcd_top_v1_2.vp(line number: 282)] Elaborating instance mcdq_dcd_sm
I: Verilog-0003: [D:/ZGTC/Work/ccc/ipcore/ddr3_test/rtl/mcdq_ctrl/ips2l_mcdq_dcd_sm_v1_2.vp(line number: 209)] Elaborating module ips2l_mcdq_dcd_sm_v1_2
I: Module instance {hdmi_ddr_ov5640_top/u_ddr3_test_h/u_ips_ddrc_top/mcdq_dcd_top/mcdq_dcd_sm} parameter value:
    CTRL_ADDR_WIDTH = 32'b00000000000000000000000000011100
    ROW_ADDR_WIDTH = 32'b00000000000000000000000000001111
    COL_ADDR_WIDTH = 32'b00000000000000000000000000001010
    BURST_LENGTH = 32'b00000000000000000000000000001000
    REF_NUM = 32'b00000000000000000000000000001000
I: Verilog-0004: [D:/ZGTC/Work/ccc/ipcore/ddr3_test/rtl/mcdq_ctrl/ips2l_mcdq_wrapper_v1_2b.vp(line number: 1006)] Elaborating instance mcdq_dcp_top
I: Verilog-0003: [D:/ZGTC/Work/ccc/ipcore/ddr3_test/rtl/mcdq_ctrl/ips2l_mcdq_dcp_top_v1_2.vp(line number: 329)] Elaborating module ips2l_mcdq_dcp_top_v1_2
I: Module instance {hdmi_ddr_ov5640_top/u_ddr3_test_h/u_ips_ddrc_top/mcdq_dcp_top} parameter value:
    SINGLE_RANK = true
    CTRL_ADDR_WIDTH = 32'b00000000000000000000000000011100
    ROW_ADDR_WIDTH = 32'b00000000000000000000000000001111
    COL_ADDR_WIDTH = 32'b00000000000000000000000000001010
    TOTAL_BA_ADDR_WIDTH = 32'b00000000000000000000000000000011
    RADDR_WIDTH = 32'b00000000000000000000000000000001
    TZQCS = 32'b00000000000000000000000001001011
    TRP = 32'b00000000000000000000000000000111
    TFAW = 32'b00000000000000000000000000010110
    TRAS = 32'b00000000000000000000000000010011
    TRCD = 32'b00000000000000000000000000000111
    TRFC = 32'b00000000000000000000000010010110
    TRRD = 32'b00000000000000000000000000000101
    TRC = 32'b00000000000000000000000000011001
    TCCD = 32'b00000000000000000000000000000100
I: Verilog-0004: [D:/ZGTC/Work/ccc/ipcore/ddr3_test/rtl/mcdq_ctrl/ips2l_mcdq_dcp_top_v1_2.vp(line number: 434)] Elaborating instance mcdq_dcp_buf
I: Verilog-0003: [D:/ZGTC/Work/ccc/ipcore/ddr3_test/rtl/mcdq_ctrl/ips2l_mcdq_dcp_buf_v1_2.vp(line number: 298)] Elaborating module ips2l_mcdq_dcp_buf_v1_2
I: Module instance {hdmi_ddr_ov5640_top/u_ddr3_test_h/u_ips_ddrc_top/mcdq_dcp_top/mcdq_dcp_buf} parameter value:
    CTRL_ADDR_WIDTH = 32'b00000000000000000000000000011100
    COL_ADDR_WIDTH = 32'b00000000000000000000000000001010
    FIFO_DATA_WIDTH = 32'b00000000000000000000000000101011
    TRFC = 32'b00000000000000000000000010010110
I: Verilog-0004: [D:/ZGTC/Work/ccc/ipcore/ddr3_test/rtl/mcdq_ctrl/ips2l_mcdq_dcp_buf_v1_2.vp(line number: 408)] Elaborating instance A_ips2l_distributed_fifo
I: Verilog-0003: [D:/ZGTC/Work/ccc/ipcore/ddr3_test/rtl/mcdq_ctrl/distributed_fifo/ips2l_distributed_fifo_v1_0.vp(line number: 130)] Elaborating module ips2l_distributed_fifo_v1_0
I: Module instance {hdmi_ddr_ov5640_top/u_ddr3_test_h/u_ips_ddrc_top/mcdq_dcp_top/mcdq_dcp_buf/A_ips2l_distributed_fifo} parameter value:
    ADDR_WIDTH = 32'b00000000000000000000000000000100
    DATA_WIDTH = 32'b00000000000000000000000000101011
    RST_TYPE = ASYNC
    OUT_REG = 32'b00000000000000000000000000000000
    FIFO_TYPE = SYNC_FIFO
    ALMOST_FULL_NUM = 32'b00000000000000000000000000001100
    ALMOST_EMPTY_NUM = 32'b00000000000000000000000000000100
I: Verilog-0004: [D:/ZGTC/Work/ccc/ipcore/ddr3_test/rtl/mcdq_ctrl/distributed_fifo/ips2l_distributed_fifo_v1_0.vp(line number: 192)] Elaborating instance u_ips2l_distributed_fifo_distributed_fifo_v1_0
I: Verilog-0003: [D:/ZGTC/Work/ccc/ipcore/ddr3_test/rtl/mcdq_ctrl/distributed_fifo/rtl/ips2l_distributed_fifo_v1_0_distributed_fifo_v1_0.vp(line number: 130)] Elaborating module ips2l_distributed_fifo_v1_0_distributed_fifo_v1_0
I: Module instance {hdmi_ddr_ov5640_top/u_ddr3_test_h/u_ips_ddrc_top/mcdq_dcp_top/mcdq_dcp_buf/A_ips2l_distributed_fifo/u_ips2l_distributed_fifo_distributed_fifo_v1_0} parameter value:
    ADDR_WIDTH = 32'b00000000000000000000000000000100
    DATA_WIDTH = 32'b00000000000000000000000000101011
    RST_TYPE = ASYNC
    OUT_REG = 32'b00000000000000000000000000000000
    FIFO_TYPE = SYNC_FIFO
    ALMOST_FULL_NUM = 32'b00000000000000000000000000001100
    ALMOST_EMPTY_NUM = 32'b00000000000000000000000000000100
I: Verilog-0004: [D:/ZGTC/Work/ccc/ipcore/ddr3_test/rtl/mcdq_ctrl/distributed_fifo/rtl/ips2l_distributed_fifo_v1_0_distributed_fifo_v1_0.vp(line number: 173)] Elaborating instance ips2l_distributed_sdpram_distributed_fifo_v1_0
I: Verilog-0003: [D:/ZGTC/Work/ccc/ipcore/ddr3_test/rtl/mcdq_ctrl/distributed_fifo/rtl/ips2l_distributed_sdpram_v1_0_distributed_fifo_v1_0.vp(line number: 120)] Elaborating module ips2l_distributed_sdpram_v1_0_distributed_fifo_v1_0
I: Module instance {hdmi_ddr_ov5640_top/u_ddr3_test_h/u_ips_ddrc_top/mcdq_dcp_top/mcdq_dcp_buf/A_ips2l_distributed_fifo/u_ips2l_distributed_fifo_distributed_fifo_v1_0/ips2l_distributed_sdpram_distributed_fifo_v1_0} parameter value:
    ADDR_WIDTH = 32'b00000000000000000000000000000100
    DATA_WIDTH = 32'b00000000000000000000000000101011
    RST_TYPE = ASYNC
    OUT_REG = 32'b00000000000000000000000000000000
    INIT_FILE = NONE
    FILE_FORMAT = BIN
I: Verilog-0004: [D:/ZGTC/Work/ccc/ipcore/ddr3_test/rtl/mcdq_ctrl/distributed_fifo/rtl/ips2l_distributed_fifo_v1_0_distributed_fifo_v1_0.vp(line number: 193)] Elaborating instance u_ips2l_distributed_fifo_ctr
I: Verilog-0003: [D:/ZGTC/Work/ccc/ipcore/ddr3_test/rtl/mcdq_ctrl/distributed_fifo/rtl/ips2l_distributed_fifo_ctr_v1_0.vp(line number: 269)] Elaborating module ips2l_distributed_fifo_ctr_v1_0
I: Module instance {hdmi_ddr_ov5640_top/u_ddr3_test_h/u_ips_ddrc_top/mcdq_dcp_top/mcdq_dcp_buf/A_ips2l_distributed_fifo/u_ips2l_distributed_fifo_distributed_fifo_v1_0/u_ips2l_distributed_fifo_ctr} parameter value:
    DEPTH = 32'b00000000000000000000000000000100
    FIFO_TYPE = SYNC_FIFO
    ALMOST_FULL_NUM = 32'b00000000000000000000000000001100
    ALMOST_EMPTY_NUM = 32'b00000000000000000000000000000100
I: Verilog-0004: [D:/ZGTC/Work/ccc/ipcore/ddr3_test/rtl/mcdq_ctrl/ips2l_mcdq_dcp_buf_v1_2.vp(line number: 459)] Elaborating instance B_ips2l_distributed_fifo
I: Verilog-0003: [D:/ZGTC/Work/ccc/ipcore/ddr3_test/rtl/mcdq_ctrl/distributed_fifo/ips2l_distributed_fifo_v1_0.vp(line number: 130)] Elaborating module ips2l_distributed_fifo_v1_0
I: Module instance {hdmi_ddr_ov5640_top/u_ddr3_test_h/u_ips_ddrc_top/mcdq_dcp_top/mcdq_dcp_buf/B_ips2l_distributed_fifo} parameter value:
    ADDR_WIDTH = 32'b00000000000000000000000000000100
    DATA_WIDTH = 32'b00000000000000000000000000101011
    RST_TYPE = ASYNC
    OUT_REG = 32'b00000000000000000000000000000000
    FIFO_TYPE = SYNC_FIFO
    ALMOST_FULL_NUM = 32'b00000000000000000000000000001100
    ALMOST_EMPTY_NUM = 32'b00000000000000000000000000000100
I: Verilog-0004: [D:/ZGTC/Work/ccc/ipcore/ddr3_test/rtl/mcdq_ctrl/ips2l_mcdq_dcp_top_v1_2.vp(line number: 498)] Elaborating instance mcdq_dcp_back_ctrl
I: Verilog-0003: [D:/ZGTC/Work/ccc/ipcore/ddr3_test/rtl/mcdq_ctrl/ips2l_mcdq_dcp_back_ctrl_v1_2.vp(line number: 643)] Elaborating module ips2l_mcdq_dcp_back_ctrl_v1_2
I: Module instance {hdmi_ddr_ov5640_top/u_ddr3_test_h/u_ips_ddrc_top/mcdq_dcp_top/mcdq_dcp_back_ctrl} parameter value:
    SINGLE_RANK = true
    FIFO_DATA_WIDTH = 32'b00000000000000000000000000101011
    CTRL_ADDR_WIDTH = 32'b00000000000000000000000000011100
    ROW_ADDR_WIDTH = 32'b00000000000000000000000000001111
    COL_ADDR_WIDTH = 32'b00000000000000000000000000001010
    BA_ADDR_WIDTH = 32'b00000000000000000000000000000011
    RADDR_WIDTH = 32'b00000000000000000000000000000001
    TZQCS = 32'b00000000000000000000000001001011
    TRP = 32'b00000000000000000000000000000111
    TFAW = 32'b00000000000000000000000000010110
    TRAS = 32'b00000000000000000000000000010011
    TRCD = 32'b00000000000000000000000000000111
    TRFC = 32'b00000000000000000000000010010110
    TRRD = 32'b00000000000000000000000000000101
    TRC = 32'b00000000000000000000000000011001
    TCCD = 32'b00000000000000000000000000000100
I: Verilog-0004: [D:/ZGTC/Work/ccc/ipcore/ddr3_test/rtl/mcdq_ctrl/ips2l_mcdq_dcp_back_ctrl_v1_2.vp(line number: 1038)] Elaborating instance timing_act2wr_pass
I: Verilog-0003: [D:/ZGTC/Work/ccc/ipcore/ddr3_test/rtl/mcdq_ctrl/syn_mod/ips2l_mcdq_timing_act2wr_pass_v1_2.vp(line number: 115)] Elaborating module ips2l_mcdq_timing_act2wr_pass_v1_2
I: Module instance {hdmi_ddr_ov5640_top/u_ddr3_test_h/u_ips_ddrc_top/mcdq_dcp_top/mcdq_dcp_back_ctrl/timing_act2wr_pass} parameter value:
    CNT_WIDTH = 32'b00000000000000000000000000000101
I: Verilog-0004: [D:/ZGTC/Work/ccc/ipcore/ddr3_test/rtl/mcdq_ctrl/ips2l_mcdq_dcp_back_ctrl_v1_2.vp(line number: 1052)] Elaborating instance mcdq_timing_rd_pass
I: Verilog-0003: [D:/ZGTC/Work/ccc/ipcore/ddr3_test/rtl/mcdq_ctrl/syn_mod/ips2l_mcdq_timing_rd_pass_v1_2.vp(line number: 128)] Elaborating module ips2l_mcdq_timing_rd_pass_v1_2
I: Module instance {hdmi_ddr_ov5640_top/u_ddr3_test_h/u_ips_ddrc_top/mcdq_dcp_top/mcdq_dcp_back_ctrl/mcdq_timing_rd_pass} parameter value:
    CNT0_WIDTH = 32'b00000000000000000000000000000011
    CNT1_WIDTH = 32'b00000000000000000000000000000111
W: Verilog-2019: [D:/ZGTC/Work/ccc/ipcore/ddr3_test/rtl/mcdq_ctrl/ips2l_mcdq_dcp_back_ctrl_v1_2.vp(line number: 1048)] Width mismatch between port cnt_init0 and signal bound to it for instantiated module ips2l_mcdq_timing_rd_pass_v1_2
I: Verilog-0004: [D:/ZGTC/Work/ccc/ipcore/ddr3_test/rtl/mcdq_ctrl/ips2l_mcdq_dcp_back_ctrl_v1_2.vp(line number: 1071)] Elaborating instance timing_wr_pass
I: Verilog-0003: [D:/ZGTC/Work/ccc/ipcore/ddr3_test/rtl/mcdq_ctrl/syn_mod/ips2l_mcdq_timing_wr_pass_v1_2.vp(line number: 127)] Elaborating module ips2l_mcdq_timing_wr_pass_v1_2
I: Module instance {hdmi_ddr_ov5640_top/u_ddr3_test_h/u_ips_ddrc_top/mcdq_dcp_top/mcdq_dcp_back_ctrl/timing_wr_pass} parameter value:
    CNT0_WIDTH = 32'b00000000000000000000000000000011
    CNT1_WIDTH = 32'b00000000000000000000000000000110
W: Verilog-2019: [D:/ZGTC/Work/ccc/ipcore/ddr3_test/rtl/mcdq_ctrl/ips2l_mcdq_dcp_back_ctrl_v1_2.vp(line number: 1067)] Width mismatch between port cnt_init0 and signal bound to it for instantiated module ips2l_mcdq_timing_wr_pass_v1_2
I: Verilog-0004: [D:/ZGTC/Work/ccc/ipcore/ddr3_test/rtl/mcdq_ctrl/ips2l_mcdq_dcp_back_ctrl_v1_2.vp(line number: 1133)] Elaborating instance timing_pre_pass
I: Verilog-0003: [D:/ZGTC/Work/ccc/ipcore/ddr3_test/rtl/mcdq_ctrl/syn_mod/ips2l_mcdq_timing_pre_pass_v1_2.vp(line number: 148)] Elaborating module ips2l_mcdq_timing_pre_pass_v1_2
I: Module instance {hdmi_ddr_ov5640_top/u_ddr3_test_h/u_ips_ddrc_top/mcdq_dcp_top/mcdq_dcp_back_ctrl/PRE_PASS_LOOP[0].timing_pre_pass} parameter value:
    CNT0_WIDTH = 32'b00000000000000000000000000000110
    CNT1_WIDTH = 32'b00000000000000000000000000000111
    CNT2_WIDTH = 32'b00000000000000000000000000000101
W: Verilog-2019: [D:/ZGTC/Work/ccc/ipcore/ddr3_test/rtl/mcdq_ctrl/ips2l_mcdq_dcp_back_ctrl_v1_2.vp(line number: 1128)] Width mismatch between port cnt_init2 and signal bound to it for instantiated module ips2l_mcdq_timing_pre_pass_v1_2
I: Verilog-0004: [D:/ZGTC/Work/ccc/ipcore/ddr3_test/rtl/mcdq_ctrl/ips2l_mcdq_dcp_back_ctrl_v1_2.vp(line number: 1133)] Elaborating instance timing_pre_pass
I: Verilog-0003: [D:/ZGTC/Work/ccc/ipcore/ddr3_test/rtl/mcdq_ctrl/syn_mod/ips2l_mcdq_timing_pre_pass_v1_2.vp(line number: 148)] Elaborating module ips2l_mcdq_timing_pre_pass_v1_2
I: Module instance {hdmi_ddr_ov5640_top/u_ddr3_test_h/u_ips_ddrc_top/mcdq_dcp_top/mcdq_dcp_back_ctrl/PRE_PASS_LOOP[1].timing_pre_pass} parameter value:
    CNT0_WIDTH = 32'b00000000000000000000000000000110
    CNT1_WIDTH = 32'b00000000000000000000000000000111
    CNT2_WIDTH = 32'b00000000000000000000000000000101
W: Verilog-2019: [D:/ZGTC/Work/ccc/ipcore/ddr3_test/rtl/mcdq_ctrl/ips2l_mcdq_dcp_back_ctrl_v1_2.vp(line number: 1128)] Width mismatch between port cnt_init2 and signal bound to it for instantiated module ips2l_mcdq_timing_pre_pass_v1_2
I: Verilog-0004: [D:/ZGTC/Work/ccc/ipcore/ddr3_test/rtl/mcdq_ctrl/ips2l_mcdq_dcp_back_ctrl_v1_2.vp(line number: 1133)] Elaborating instance timing_pre_pass
I: Verilog-0003: [D:/ZGTC/Work/ccc/ipcore/ddr3_test/rtl/mcdq_ctrl/syn_mod/ips2l_mcdq_timing_pre_pass_v1_2.vp(line number: 148)] Elaborating module ips2l_mcdq_timing_pre_pass_v1_2
I: Module instance {hdmi_ddr_ov5640_top/u_ddr3_test_h/u_ips_ddrc_top/mcdq_dcp_top/mcdq_dcp_back_ctrl/PRE_PASS_LOOP[2].timing_pre_pass} parameter value:
    CNT0_WIDTH = 32'b00000000000000000000000000000110
    CNT1_WIDTH = 32'b00000000000000000000000000000111
    CNT2_WIDTH = 32'b00000000000000000000000000000101
W: Verilog-2019: [D:/ZGTC/Work/ccc/ipcore/ddr3_test/rtl/mcdq_ctrl/ips2l_mcdq_dcp_back_ctrl_v1_2.vp(line number: 1128)] Width mismatch between port cnt_init2 and signal bound to it for instantiated module ips2l_mcdq_timing_pre_pass_v1_2
I: Verilog-0004: [D:/ZGTC/Work/ccc/ipcore/ddr3_test/rtl/mcdq_ctrl/ips2l_mcdq_dcp_back_ctrl_v1_2.vp(line number: 1133)] Elaborating instance timing_pre_pass
I: Verilog-0003: [D:/ZGTC/Work/ccc/ipcore/ddr3_test/rtl/mcdq_ctrl/syn_mod/ips2l_mcdq_timing_pre_pass_v1_2.vp(line number: 148)] Elaborating module ips2l_mcdq_timing_pre_pass_v1_2
I: Module instance {hdmi_ddr_ov5640_top/u_ddr3_test_h/u_ips_ddrc_top/mcdq_dcp_top/mcdq_dcp_back_ctrl/PRE_PASS_LOOP[3].timing_pre_pass} parameter value:
    CNT0_WIDTH = 32'b00000000000000000000000000000110
    CNT1_WIDTH = 32'b00000000000000000000000000000111
    CNT2_WIDTH = 32'b00000000000000000000000000000101
W: Verilog-2019: [D:/ZGTC/Work/ccc/ipcore/ddr3_test/rtl/mcdq_ctrl/ips2l_mcdq_dcp_back_ctrl_v1_2.vp(line number: 1128)] Width mismatch between port cnt_init2 and signal bound to it for instantiated module ips2l_mcdq_timing_pre_pass_v1_2
I: Verilog-0004: [D:/ZGTC/Work/ccc/ipcore/ddr3_test/rtl/mcdq_ctrl/ips2l_mcdq_dcp_back_ctrl_v1_2.vp(line number: 1133)] Elaborating instance timing_pre_pass
I: Verilog-0003: [D:/ZGTC/Work/ccc/ipcore/ddr3_test/rtl/mcdq_ctrl/syn_mod/ips2l_mcdq_timing_pre_pass_v1_2.vp(line number: 148)] Elaborating module ips2l_mcdq_timing_pre_pass_v1_2
I: Module instance {hdmi_ddr_ov5640_top/u_ddr3_test_h/u_ips_ddrc_top/mcdq_dcp_top/mcdq_dcp_back_ctrl/PRE_PASS_LOOP[4].timing_pre_pass} parameter value:
    CNT0_WIDTH = 32'b00000000000000000000000000000110
    CNT1_WIDTH = 32'b00000000000000000000000000000111
    CNT2_WIDTH = 32'b00000000000000000000000000000101
W: Verilog-2019: [D:/ZGTC/Work/ccc/ipcore/ddr3_test/rtl/mcdq_ctrl/ips2l_mcdq_dcp_back_ctrl_v1_2.vp(line number: 1128)] Width mismatch between port cnt_init2 and signal bound to it for instantiated module ips2l_mcdq_timing_pre_pass_v1_2
I: Verilog-0004: [D:/ZGTC/Work/ccc/ipcore/ddr3_test/rtl/mcdq_ctrl/ips2l_mcdq_dcp_back_ctrl_v1_2.vp(line number: 1133)] Elaborating instance timing_pre_pass
I: Verilog-0003: [D:/ZGTC/Work/ccc/ipcore/ddr3_test/rtl/mcdq_ctrl/syn_mod/ips2l_mcdq_timing_pre_pass_v1_2.vp(line number: 148)] Elaborating module ips2l_mcdq_timing_pre_pass_v1_2
I: Module instance {hdmi_ddr_ov5640_top/u_ddr3_test_h/u_ips_ddrc_top/mcdq_dcp_top/mcdq_dcp_back_ctrl/PRE_PASS_LOOP[5].timing_pre_pass} parameter value:
    CNT0_WIDTH = 32'b00000000000000000000000000000110
    CNT1_WIDTH = 32'b00000000000000000000000000000111
    CNT2_WIDTH = 32'b00000000000000000000000000000101
W: Verilog-2019: [D:/ZGTC/Work/ccc/ipcore/ddr3_test/rtl/mcdq_ctrl/ips2l_mcdq_dcp_back_ctrl_v1_2.vp(line number: 1128)] Width mismatch between port cnt_init2 and signal bound to it for instantiated module ips2l_mcdq_timing_pre_pass_v1_2
I: Verilog-0004: [D:/ZGTC/Work/ccc/ipcore/ddr3_test/rtl/mcdq_ctrl/ips2l_mcdq_dcp_back_ctrl_v1_2.vp(line number: 1133)] Elaborating instance timing_pre_pass
I: Verilog-0003: [D:/ZGTC/Work/ccc/ipcore/ddr3_test/rtl/mcdq_ctrl/syn_mod/ips2l_mcdq_timing_pre_pass_v1_2.vp(line number: 148)] Elaborating module ips2l_mcdq_timing_pre_pass_v1_2
I: Module instance {hdmi_ddr_ov5640_top/u_ddr3_test_h/u_ips_ddrc_top/mcdq_dcp_top/mcdq_dcp_back_ctrl/PRE_PASS_LOOP[6].timing_pre_pass} parameter value:
    CNT0_WIDTH = 32'b00000000000000000000000000000110
    CNT1_WIDTH = 32'b00000000000000000000000000000111
    CNT2_WIDTH = 32'b00000000000000000000000000000101
W: Verilog-2019: [D:/ZGTC/Work/ccc/ipcore/ddr3_test/rtl/mcdq_ctrl/ips2l_mcdq_dcp_back_ctrl_v1_2.vp(line number: 1128)] Width mismatch between port cnt_init2 and signal bound to it for instantiated module ips2l_mcdq_timing_pre_pass_v1_2
I: Verilog-0004: [D:/ZGTC/Work/ccc/ipcore/ddr3_test/rtl/mcdq_ctrl/ips2l_mcdq_dcp_back_ctrl_v1_2.vp(line number: 1133)] Elaborating instance timing_pre_pass
I: Verilog-0003: [D:/ZGTC/Work/ccc/ipcore/ddr3_test/rtl/mcdq_ctrl/syn_mod/ips2l_mcdq_timing_pre_pass_v1_2.vp(line number: 148)] Elaborating module ips2l_mcdq_timing_pre_pass_v1_2
I: Module instance {hdmi_ddr_ov5640_top/u_ddr3_test_h/u_ips_ddrc_top/mcdq_dcp_top/mcdq_dcp_back_ctrl/PRE_PASS_LOOP[7].timing_pre_pass} parameter value:
    CNT0_WIDTH = 32'b00000000000000000000000000000110
    CNT1_WIDTH = 32'b00000000000000000000000000000111
    CNT2_WIDTH = 32'b00000000000000000000000000000101
W: Verilog-2019: [D:/ZGTC/Work/ccc/ipcore/ddr3_test/rtl/mcdq_ctrl/ips2l_mcdq_dcp_back_ctrl_v1_2.vp(line number: 1128)] Width mismatch between port cnt_init2 and signal bound to it for instantiated module ips2l_mcdq_timing_pre_pass_v1_2
I: Verilog-0004: [D:/ZGTC/Work/ccc/ipcore/ddr3_test/rtl/mcdq_ctrl/ips2l_mcdq_dcp_back_ctrl_v1_2.vp(line number: 1158)] Elaborating instance timing_prea_pass
I: Verilog-0003: [D:/ZGTC/Work/ccc/ipcore/ddr3_test/rtl/mcdq_ctrl/syn_mod/ips2l_mcdq_timing_pre_pass_v1_2.vp(line number: 148)] Elaborating module ips2l_mcdq_timing_pre_pass_v1_2
I: Module instance {hdmi_ddr_ov5640_top/u_ddr3_test_h/u_ips_ddrc_top/mcdq_dcp_top/mcdq_dcp_back_ctrl/timing_prea_pass} parameter value:
    CNT0_WIDTH = 32'b00000000000000000000000000000110
    CNT1_WIDTH = 32'b00000000000000000000000000000111
    CNT2_WIDTH = 32'b00000000000000000000000000000101
W: Verilog-2019: [D:/ZGTC/Work/ccc/ipcore/ddr3_test/rtl/mcdq_ctrl/ips2l_mcdq_dcp_back_ctrl_v1_2.vp(line number: 1153)] Width mismatch between port cnt_init2 and signal bound to it for instantiated module ips2l_mcdq_timing_pre_pass_v1_2
I: Verilog-0004: [D:/ZGTC/Work/ccc/ipcore/ddr3_test/rtl/mcdq_ctrl/ips2l_mcdq_dcp_back_ctrl_v1_2.vp(line number: 1178)] Elaborating instance timing_ref_pass
I: Verilog-0003: [D:/ZGTC/Work/ccc/ipcore/ddr3_test/rtl/mcdq_ctrl/syn_mod/ips2l_mcdq_timing_ref_pass_v1_2.vp(line number: 90)] Elaborating module ips2l_mcdq_timing_ref_pass_v1_2
I: Module instance {hdmi_ddr_ov5640_top/u_ddr3_test_h/u_ips_ddrc_top/mcdq_dcp_top/mcdq_dcp_back_ctrl/timing_ref_pass} parameter value:
    CNT_WIDTH = 32'b00000000000000000000000000001000
W: Verilog-2019: [D:/ZGTC/Work/ccc/ipcore/ddr3_test/rtl/mcdq_ctrl/ips2l_mcdq_dcp_back_ctrl_v1_2.vp(line number: 1175)] Width mismatch between port cnt_init0 and signal bound to it for instantiated module ips2l_mcdq_timing_ref_pass_v1_2
W: Verilog-2019: [D:/ZGTC/Work/ccc/ipcore/ddr3_test/rtl/mcdq_ctrl/ips2l_mcdq_dcp_back_ctrl_v1_2.vp(line number: 1175)] Width mismatch between port cnt_init1 and signal bound to it for instantiated module ips2l_mcdq_timing_ref_pass_v1_2
W: Verilog-2019: [D:/ZGTC/Work/ccc/ipcore/ddr3_test/rtl/mcdq_ctrl/ips2l_mcdq_dcp_back_ctrl_v1_2.vp(line number: 1175)] Width mismatch between port cnt_init2 and signal bound to it for instantiated module ips2l_mcdq_timing_ref_pass_v1_2
I: Verilog-0004: [D:/ZGTC/Work/ccc/ipcore/ddr3_test/rtl/mcdq_ctrl/ips2l_mcdq_dcp_back_ctrl_v1_2.vp(line number: 1211)] Elaborating instance trc_timing
I: Verilog-0003: [D:/ZGTC/Work/ccc/ipcore/ddr3_test/rtl/mcdq_ctrl/syn_mod/ips2l_mcdq_trc_timing_v1_2.vp(line number: 149)] Elaborating module ips2l_mcdq_trc_timing_v1_2
I: Module instance {hdmi_ddr_ov5640_top/u_ddr3_test_h/u_ips_ddrc_top/mcdq_dcp_top/mcdq_dcp_back_ctrl/TRC_LOOP[0].trc_timing} parameter value:
    CNT_WIDTH = 32'b00000000000000000000000000000101
    TDELAY = 32'b00000000000000000000000000011001
I: Verilog-0004: [D:/ZGTC/Work/ccc/ipcore/ddr3_test/rtl/mcdq_ctrl/ips2l_mcdq_dcp_back_ctrl_v1_2.vp(line number: 1211)] Elaborating instance trc_timing
I: Verilog-0003: [D:/ZGTC/Work/ccc/ipcore/ddr3_test/rtl/mcdq_ctrl/syn_mod/ips2l_mcdq_trc_timing_v1_2.vp(line number: 149)] Elaborating module ips2l_mcdq_trc_timing_v1_2
I: Module instance {hdmi_ddr_ov5640_top/u_ddr3_test_h/u_ips_ddrc_top/mcdq_dcp_top/mcdq_dcp_back_ctrl/TRC_LOOP[1].trc_timing} parameter value:
    CNT_WIDTH = 32'b00000000000000000000000000000101
    TDELAY = 32'b00000000000000000000000000011001
I: Verilog-0004: [D:/ZGTC/Work/ccc/ipcore/ddr3_test/rtl/mcdq_ctrl/ips2l_mcdq_dcp_back_ctrl_v1_2.vp(line number: 1211)] Elaborating instance trc_timing
I: Verilog-0003: [D:/ZGTC/Work/ccc/ipcore/ddr3_test/rtl/mcdq_ctrl/syn_mod/ips2l_mcdq_trc_timing_v1_2.vp(line number: 149)] Elaborating module ips2l_mcdq_trc_timing_v1_2
I: Module instance {hdmi_ddr_ov5640_top/u_ddr3_test_h/u_ips_ddrc_top/mcdq_dcp_top/mcdq_dcp_back_ctrl/TRC_LOOP[2].trc_timing} parameter value:
    CNT_WIDTH = 32'b00000000000000000000000000000101
    TDELAY = 32'b00000000000000000000000000011001
I: Verilog-0004: [D:/ZGTC/Work/ccc/ipcore/ddr3_test/rtl/mcdq_ctrl/ips2l_mcdq_dcp_back_ctrl_v1_2.vp(line number: 1211)] Elaborating instance trc_timing
I: Verilog-0003: [D:/ZGTC/Work/ccc/ipcore/ddr3_test/rtl/mcdq_ctrl/syn_mod/ips2l_mcdq_trc_timing_v1_2.vp(line number: 149)] Elaborating module ips2l_mcdq_trc_timing_v1_2
I: Module instance {hdmi_ddr_ov5640_top/u_ddr3_test_h/u_ips_ddrc_top/mcdq_dcp_top/mcdq_dcp_back_ctrl/TRC_LOOP[3].trc_timing} parameter value:
    CNT_WIDTH = 32'b00000000000000000000000000000101
    TDELAY = 32'b00000000000000000000000000011001
I: Verilog-0004: [D:/ZGTC/Work/ccc/ipcore/ddr3_test/rtl/mcdq_ctrl/ips2l_mcdq_dcp_back_ctrl_v1_2.vp(line number: 1211)] Elaborating instance trc_timing
I: Verilog-0003: [D:/ZGTC/Work/ccc/ipcore/ddr3_test/rtl/mcdq_ctrl/syn_mod/ips2l_mcdq_trc_timing_v1_2.vp(line number: 149)] Elaborating module ips2l_mcdq_trc_timing_v1_2
I: Module instance {hdmi_ddr_ov5640_top/u_ddr3_test_h/u_ips_ddrc_top/mcdq_dcp_top/mcdq_dcp_back_ctrl/TRC_LOOP[4].trc_timing} parameter value:
    CNT_WIDTH = 32'b00000000000000000000000000000101
    TDELAY = 32'b00000000000000000000000000011001
I: Verilog-0004: [D:/ZGTC/Work/ccc/ipcore/ddr3_test/rtl/mcdq_ctrl/ips2l_mcdq_dcp_back_ctrl_v1_2.vp(line number: 1211)] Elaborating instance trc_timing
I: Verilog-0003: [D:/ZGTC/Work/ccc/ipcore/ddr3_test/rtl/mcdq_ctrl/syn_mod/ips2l_mcdq_trc_timing_v1_2.vp(line number: 149)] Elaborating module ips2l_mcdq_trc_timing_v1_2
I: Module instance {hdmi_ddr_ov5640_top/u_ddr3_test_h/u_ips_ddrc_top/mcdq_dcp_top/mcdq_dcp_back_ctrl/TRC_LOOP[5].trc_timing} parameter value:
    CNT_WIDTH = 32'b00000000000000000000000000000101
    TDELAY = 32'b00000000000000000000000000011001
I: Verilog-0004: [D:/ZGTC/Work/ccc/ipcore/ddr3_test/rtl/mcdq_ctrl/ips2l_mcdq_dcp_back_ctrl_v1_2.vp(line number: 1211)] Elaborating instance trc_timing
I: Verilog-0003: [D:/ZGTC/Work/ccc/ipcore/ddr3_test/rtl/mcdq_ctrl/syn_mod/ips2l_mcdq_trc_timing_v1_2.vp(line number: 149)] Elaborating module ips2l_mcdq_trc_timing_v1_2
I: Module instance {hdmi_ddr_ov5640_top/u_ddr3_test_h/u_ips_ddrc_top/mcdq_dcp_top/mcdq_dcp_back_ctrl/TRC_LOOP[6].trc_timing} parameter value:
    CNT_WIDTH = 32'b00000000000000000000000000000101
    TDELAY = 32'b00000000000000000000000000011001
I: Verilog-0004: [D:/ZGTC/Work/ccc/ipcore/ddr3_test/rtl/mcdq_ctrl/ips2l_mcdq_dcp_back_ctrl_v1_2.vp(line number: 1211)] Elaborating instance trc_timing
I: Verilog-0003: [D:/ZGTC/Work/ccc/ipcore/ddr3_test/rtl/mcdq_ctrl/syn_mod/ips2l_mcdq_trc_timing_v1_2.vp(line number: 149)] Elaborating module ips2l_mcdq_trc_timing_v1_2
I: Module instance {hdmi_ddr_ov5640_top/u_ddr3_test_h/u_ips_ddrc_top/mcdq_dcp_top/mcdq_dcp_back_ctrl/TRC_LOOP[7].trc_timing} parameter value:
    CNT_WIDTH = 32'b00000000000000000000000000000101
    TDELAY = 32'b00000000000000000000000000011001
I: Verilog-0004: [D:/ZGTC/Work/ccc/ipcore/ddr3_test/rtl/mcdq_ctrl/ips2l_mcdq_dcp_back_ctrl_v1_2.vp(line number: 1245)] Elaborating instance tfaw_timing
I: Verilog-0003: [D:/ZGTC/Work/ccc/ipcore/ddr3_test/rtl/mcdq_ctrl/syn_mod/ips2l_mcdq_tfaw_timing_v1_2.vp(line number: 128)] Elaborating module ips2l_mcdq_tfaw_timing_v1_2
I: Module instance {hdmi_ddr_ov5640_top/u_ddr3_test_h/u_ips_ddrc_top/mcdq_dcp_top/mcdq_dcp_back_ctrl/tfaw_timing} parameter value:
    CNT_WIDTH = 32'b00000000000000000000000000000101
    TFAW = 32'b00000000000000000000000000010110
I: Verilog-0004: [D:/ZGTC/Work/ccc/ipcore/ddr3_test/rtl/mcdq_ctrl/syn_mod/ips2l_mcdq_tfaw_timing_v1_2.vp(line number: 168)] Elaborating instance mcdq_tfaw
I: Verilog-0003: [D:/ZGTC/Work/ccc/ipcore/ddr3_test/rtl/mcdq_ctrl/syn_mod/ips2l_mcdq_tfaw_v1_2.vp(line number: 68)] Elaborating module ips2l_mcdq_tfaw_v1_2
I: Module instance {hdmi_ddr_ov5640_top/u_ddr3_test_h/u_ips_ddrc_top/mcdq_dcp_top/mcdq_dcp_back_ctrl/tfaw_timing/TFAW_LOOP[0].mcdq_tfaw} parameter value:
    TFAW = 32'b00000000000000000000000000010110
    CNT_WIDTH = 32'b00000000000000000000000000000101
I: Verilog-0004: [D:/ZGTC/Work/ccc/ipcore/ddr3_test/rtl/mcdq_ctrl/syn_mod/ips2l_mcdq_tfaw_timing_v1_2.vp(line number: 168)] Elaborating instance mcdq_tfaw
I: Verilog-0003: [D:/ZGTC/Work/ccc/ipcore/ddr3_test/rtl/mcdq_ctrl/syn_mod/ips2l_mcdq_tfaw_v1_2.vp(line number: 68)] Elaborating module ips2l_mcdq_tfaw_v1_2
I: Module instance {hdmi_ddr_ov5640_top/u_ddr3_test_h/u_ips_ddrc_top/mcdq_dcp_top/mcdq_dcp_back_ctrl/tfaw_timing/TFAW_LOOP[1].mcdq_tfaw} parameter value:
    TFAW = 32'b00000000000000000000000000010110
    CNT_WIDTH = 32'b00000000000000000000000000000101
I: Verilog-0004: [D:/ZGTC/Work/ccc/ipcore/ddr3_test/rtl/mcdq_ctrl/syn_mod/ips2l_mcdq_tfaw_timing_v1_2.vp(line number: 168)] Elaborating instance mcdq_tfaw
I: Verilog-0003: [D:/ZGTC/Work/ccc/ipcore/ddr3_test/rtl/mcdq_ctrl/syn_mod/ips2l_mcdq_tfaw_v1_2.vp(line number: 68)] Elaborating module ips2l_mcdq_tfaw_v1_2
I: Module instance {hdmi_ddr_ov5640_top/u_ddr3_test_h/u_ips_ddrc_top/mcdq_dcp_top/mcdq_dcp_back_ctrl/tfaw_timing/TFAW_LOOP[2].mcdq_tfaw} parameter value:
    TFAW = 32'b00000000000000000000000000010110
    CNT_WIDTH = 32'b00000000000000000000000000000101
I: Verilog-0004: [D:/ZGTC/Work/ccc/ipcore/ddr3_test/rtl/mcdq_ctrl/ips2l_mcdq_dcp_back_ctrl_v1_2.vp(line number: 1278)] Elaborating instance twra2act_timing
I: Verilog-0003: [D:/ZGTC/Work/ccc/ipcore/ddr3_test/rtl/mcdq_ctrl/syn_mod/ips2l_mcdq_com_timing_v1_2.vp(line number: 102)] Elaborating module ips2l_mcdq_com_timing_v1_2
I: Module instance {hdmi_ddr_ov5640_top/u_ddr3_test_h/u_ips_ddrc_top/mcdq_dcp_top/mcdq_dcp_back_ctrl/TWRA2ACT_LOOP[0].twra2act_timing} parameter value:
    CNT_WIDTH = 32'b00000000000000000000000000000111
I: Verilog-0004: [D:/ZGTC/Work/ccc/ipcore/ddr3_test/rtl/mcdq_ctrl/ips2l_mcdq_dcp_back_ctrl_v1_2.vp(line number: 1278)] Elaborating instance twra2act_timing
I: Verilog-0003: [D:/ZGTC/Work/ccc/ipcore/ddr3_test/rtl/mcdq_ctrl/syn_mod/ips2l_mcdq_com_timing_v1_2.vp(line number: 102)] Elaborating module ips2l_mcdq_com_timing_v1_2
I: Module instance {hdmi_ddr_ov5640_top/u_ddr3_test_h/u_ips_ddrc_top/mcdq_dcp_top/mcdq_dcp_back_ctrl/TWRA2ACT_LOOP[1].twra2act_timing} parameter value:
    CNT_WIDTH = 32'b00000000000000000000000000000111
I: Verilog-0004: [D:/ZGTC/Work/ccc/ipcore/ddr3_test/rtl/mcdq_ctrl/ips2l_mcdq_dcp_back_ctrl_v1_2.vp(line number: 1278)] Elaborating instance twra2act_timing
I: Verilog-0003: [D:/ZGTC/Work/ccc/ipcore/ddr3_test/rtl/mcdq_ctrl/syn_mod/ips2l_mcdq_com_timing_v1_2.vp(line number: 102)] Elaborating module ips2l_mcdq_com_timing_v1_2
I: Module instance {hdmi_ddr_ov5640_top/u_ddr3_test_h/u_ips_ddrc_top/mcdq_dcp_top/mcdq_dcp_back_ctrl/TWRA2ACT_LOOP[2].twra2act_timing} parameter value:
    CNT_WIDTH = 32'b00000000000000000000000000000111
I: Verilog-0004: [D:/ZGTC/Work/ccc/ipcore/ddr3_test/rtl/mcdq_ctrl/ips2l_mcdq_dcp_back_ctrl_v1_2.vp(line number: 1278)] Elaborating instance twra2act_timing
I: Verilog-0003: [D:/ZGTC/Work/ccc/ipcore/ddr3_test/rtl/mcdq_ctrl/syn_mod/ips2l_mcdq_com_timing_v1_2.vp(line number: 102)] Elaborating module ips2l_mcdq_com_timing_v1_2
I: Module instance {hdmi_ddr_ov5640_top/u_ddr3_test_h/u_ips_ddrc_top/mcdq_dcp_top/mcdq_dcp_back_ctrl/TWRA2ACT_LOOP[3].twra2act_timing} parameter value:
    CNT_WIDTH = 32'b00000000000000000000000000000111
I: Verilog-0004: [D:/ZGTC/Work/ccc/ipcore/ddr3_test/rtl/mcdq_ctrl/ips2l_mcdq_dcp_back_ctrl_v1_2.vp(line number: 1278)] Elaborating instance twra2act_timing
I: Verilog-0003: [D:/ZGTC/Work/ccc/ipcore/ddr3_test/rtl/mcdq_ctrl/syn_mod/ips2l_mcdq_com_timing_v1_2.vp(line number: 102)] Elaborating module ips2l_mcdq_com_timing_v1_2
I: Module instance {hdmi_ddr_ov5640_top/u_ddr3_test_h/u_ips_ddrc_top/mcdq_dcp_top/mcdq_dcp_back_ctrl/TWRA2ACT_LOOP[4].twra2act_timing} parameter value:
    CNT_WIDTH = 32'b00000000000000000000000000000111
I: Verilog-0004: [D:/ZGTC/Work/ccc/ipcore/ddr3_test/rtl/mcdq_ctrl/ips2l_mcdq_dcp_back_ctrl_v1_2.vp(line number: 1278)] Elaborating instance twra2act_timing
I: Verilog-0003: [D:/ZGTC/Work/ccc/ipcore/ddr3_test/rtl/mcdq_ctrl/syn_mod/ips2l_mcdq_com_timing_v1_2.vp(line number: 102)] Elaborating module ips2l_mcdq_com_timing_v1_2
I: Module instance {hdmi_ddr_ov5640_top/u_ddr3_test_h/u_ips_ddrc_top/mcdq_dcp_top/mcdq_dcp_back_ctrl/TWRA2ACT_LOOP[5].twra2act_timing} parameter value:
    CNT_WIDTH = 32'b00000000000000000000000000000111
I: Verilog-0004: [D:/ZGTC/Work/ccc/ipcore/ddr3_test/rtl/mcdq_ctrl/ips2l_mcdq_dcp_back_ctrl_v1_2.vp(line number: 1278)] Elaborating instance twra2act_timing
I: Verilog-0003: [D:/ZGTC/Work/ccc/ipcore/ddr3_test/rtl/mcdq_ctrl/syn_mod/ips2l_mcdq_com_timing_v1_2.vp(line number: 102)] Elaborating module ips2l_mcdq_com_timing_v1_2
I: Module instance {hdmi_ddr_ov5640_top/u_ddr3_test_h/u_ips_ddrc_top/mcdq_dcp_top/mcdq_dcp_back_ctrl/TWRA2ACT_LOOP[6].twra2act_timing} parameter value:
    CNT_WIDTH = 32'b00000000000000000000000000000111
I: Verilog-0004: [D:/ZGTC/Work/ccc/ipcore/ddr3_test/rtl/mcdq_ctrl/ips2l_mcdq_dcp_back_ctrl_v1_2.vp(line number: 1278)] Elaborating instance twra2act_timing
I: Verilog-0003: [D:/ZGTC/Work/ccc/ipcore/ddr3_test/rtl/mcdq_ctrl/syn_mod/ips2l_mcdq_com_timing_v1_2.vp(line number: 102)] Elaborating module ips2l_mcdq_com_timing_v1_2
I: Module instance {hdmi_ddr_ov5640_top/u_ddr3_test_h/u_ips_ddrc_top/mcdq_dcp_top/mcdq_dcp_back_ctrl/TWRA2ACT_LOOP[7].twra2act_timing} parameter value:
    CNT_WIDTH = 32'b00000000000000000000000000000111
I: Verilog-0004: [D:/ZGTC/Work/ccc/ipcore/ddr3_test/rtl/mcdq_ctrl/ips2l_mcdq_dcp_back_ctrl_v1_2.vp(line number: 1313)] Elaborating instance trda2act_timing
I: Verilog-0003: [D:/ZGTC/Work/ccc/ipcore/ddr3_test/rtl/mcdq_ctrl/syn_mod/ips2l_mcdq_com_timing_v1_2.vp(line number: 102)] Elaborating module ips2l_mcdq_com_timing_v1_2
I: Module instance {hdmi_ddr_ov5640_top/u_ddr3_test_h/u_ips_ddrc_top/mcdq_dcp_top/mcdq_dcp_back_ctrl/TRDA2ACT_LOOP[0].trda2act_timing} parameter value:
    CNT_WIDTH = 32'b00000000000000000000000000000110
I: Verilog-0004: [D:/ZGTC/Work/ccc/ipcore/ddr3_test/rtl/mcdq_ctrl/ips2l_mcdq_dcp_back_ctrl_v1_2.vp(line number: 1313)] Elaborating instance trda2act_timing
I: Verilog-0003: [D:/ZGTC/Work/ccc/ipcore/ddr3_test/rtl/mcdq_ctrl/syn_mod/ips2l_mcdq_com_timing_v1_2.vp(line number: 102)] Elaborating module ips2l_mcdq_com_timing_v1_2
I: Module instance {hdmi_ddr_ov5640_top/u_ddr3_test_h/u_ips_ddrc_top/mcdq_dcp_top/mcdq_dcp_back_ctrl/TRDA2ACT_LOOP[1].trda2act_timing} parameter value:
    CNT_WIDTH = 32'b00000000000000000000000000000110
I: Verilog-0004: [D:/ZGTC/Work/ccc/ipcore/ddr3_test/rtl/mcdq_ctrl/ips2l_mcdq_dcp_back_ctrl_v1_2.vp(line number: 1313)] Elaborating instance trda2act_timing
I: Verilog-0003: [D:/ZGTC/Work/ccc/ipcore/ddr3_test/rtl/mcdq_ctrl/syn_mod/ips2l_mcdq_com_timing_v1_2.vp(line number: 102)] Elaborating module ips2l_mcdq_com_timing_v1_2
I: Module instance {hdmi_ddr_ov5640_top/u_ddr3_test_h/u_ips_ddrc_top/mcdq_dcp_top/mcdq_dcp_back_ctrl/TRDA2ACT_LOOP[2].trda2act_timing} parameter value:
    CNT_WIDTH = 32'b00000000000000000000000000000110
I: Verilog-0004: [D:/ZGTC/Work/ccc/ipcore/ddr3_test/rtl/mcdq_ctrl/ips2l_mcdq_dcp_back_ctrl_v1_2.vp(line number: 1313)] Elaborating instance trda2act_timing
I: Verilog-0003: [D:/ZGTC/Work/ccc/ipcore/ddr3_test/rtl/mcdq_ctrl/syn_mod/ips2l_mcdq_com_timing_v1_2.vp(line number: 102)] Elaborating module ips2l_mcdq_com_timing_v1_2
I: Module instance {hdmi_ddr_ov5640_top/u_ddr3_test_h/u_ips_ddrc_top/mcdq_dcp_top/mcdq_dcp_back_ctrl/TRDA2ACT_LOOP[3].trda2act_timing} parameter value:
    CNT_WIDTH = 32'b00000000000000000000000000000110
I: Verilog-0004: [D:/ZGTC/Work/ccc/ipcore/ddr3_test/rtl/mcdq_ctrl/ips2l_mcdq_dcp_back_ctrl_v1_2.vp(line number: 1313)] Elaborating instance trda2act_timing
I: Verilog-0003: [D:/ZGTC/Work/ccc/ipcore/ddr3_test/rtl/mcdq_ctrl/syn_mod/ips2l_mcdq_com_timing_v1_2.vp(line number: 102)] Elaborating module ips2l_mcdq_com_timing_v1_2
I: Module instance {hdmi_ddr_ov5640_top/u_ddr3_test_h/u_ips_ddrc_top/mcdq_dcp_top/mcdq_dcp_back_ctrl/TRDA2ACT_LOOP[4].trda2act_timing} parameter value:
    CNT_WIDTH = 32'b00000000000000000000000000000110
I: Verilog-0004: [D:/ZGTC/Work/ccc/ipcore/ddr3_test/rtl/mcdq_ctrl/ips2l_mcdq_dcp_back_ctrl_v1_2.vp(line number: 1313)] Elaborating instance trda2act_timing
I: Verilog-0003: [D:/ZGTC/Work/ccc/ipcore/ddr3_test/rtl/mcdq_ctrl/syn_mod/ips2l_mcdq_com_timing_v1_2.vp(line number: 102)] Elaborating module ips2l_mcdq_com_timing_v1_2
I: Module instance {hdmi_ddr_ov5640_top/u_ddr3_test_h/u_ips_ddrc_top/mcdq_dcp_top/mcdq_dcp_back_ctrl/TRDA2ACT_LOOP[5].trda2act_timing} parameter value:
    CNT_WIDTH = 32'b00000000000000000000000000000110
I: Verilog-0004: [D:/ZGTC/Work/ccc/ipcore/ddr3_test/rtl/mcdq_ctrl/ips2l_mcdq_dcp_back_ctrl_v1_2.vp(line number: 1313)] Elaborating instance trda2act_timing
I: Verilog-0003: [D:/ZGTC/Work/ccc/ipcore/ddr3_test/rtl/mcdq_ctrl/syn_mod/ips2l_mcdq_com_timing_v1_2.vp(line number: 102)] Elaborating module ips2l_mcdq_com_timing_v1_2
I: Module instance {hdmi_ddr_ov5640_top/u_ddr3_test_h/u_ips_ddrc_top/mcdq_dcp_top/mcdq_dcp_back_ctrl/TRDA2ACT_LOOP[6].trda2act_timing} parameter value:
    CNT_WIDTH = 32'b00000000000000000000000000000110
I: Verilog-0004: [D:/ZGTC/Work/ccc/ipcore/ddr3_test/rtl/mcdq_ctrl/ips2l_mcdq_dcp_back_ctrl_v1_2.vp(line number: 1313)] Elaborating instance trda2act_timing
I: Verilog-0003: [D:/ZGTC/Work/ccc/ipcore/ddr3_test/rtl/mcdq_ctrl/syn_mod/ips2l_mcdq_com_timing_v1_2.vp(line number: 102)] Elaborating module ips2l_mcdq_com_timing_v1_2
I: Module instance {hdmi_ddr_ov5640_top/u_ddr3_test_h/u_ips_ddrc_top/mcdq_dcp_top/mcdq_dcp_back_ctrl/TRDA2ACT_LOOP[7].trda2act_timing} parameter value:
    CNT_WIDTH = 32'b00000000000000000000000000000110
I: Verilog-0004: [D:/ZGTC/Work/ccc/ipcore/ddr3_test/rtl/mcdq_ctrl/ips2l_mcdq_dcp_back_ctrl_v1_2.vp(line number: 1330)] Elaborating instance timing_act_pass
I: Verilog-0003: [D:/ZGTC/Work/ccc/ipcore/ddr3_test/rtl/mcdq_ctrl/syn_mod/ips2l_mcdq_timing_act_pass_v1_2.vp(line number: 92)] Elaborating module ips2l_mcdq_timing_act_pass_v1_2
I: Module instance {hdmi_ddr_ov5640_top/u_ddr3_test_h/u_ips_ddrc_top/mcdq_dcp_top/mcdq_dcp_back_ctrl/timing_act_pass} parameter value:
    CNT_WIDTH = 32'b00000000000000000000000000001000
W: Verilog-2019: [D:/ZGTC/Work/ccc/ipcore/ddr3_test/rtl/mcdq_ctrl/ips2l_mcdq_dcp_back_ctrl_v1_2.vp(line number: 1327)] Width mismatch between port cnt_init0 and signal bound to it for instantiated module ips2l_mcdq_timing_act_pass_v1_2
W: Verilog-2019: [D:/ZGTC/Work/ccc/ipcore/ddr3_test/rtl/mcdq_ctrl/ips2l_mcdq_dcp_back_ctrl_v1_2.vp(line number: 1327)] Width mismatch between port cnt_init1 and signal bound to it for instantiated module ips2l_mcdq_timing_act_pass_v1_2
W: Verilog-2019: [D:/ZGTC/Work/ccc/ipcore/ddr3_test/rtl/mcdq_ctrl/ips2l_mcdq_dcp_back_ctrl_v1_2.vp(line number: 1327)] Width mismatch between port cnt_init2 and signal bound to it for instantiated module ips2l_mcdq_timing_act_pass_v1_2
I: Verilog-0004: [D:/ZGTC/Work/ccc/ipcore/ddr3_test/rtl/mcdq_ctrl/ips2l_mcdq_dcp_top_v1_2.vp(line number: 535)] Elaborating instance mcdq_dcp_out
I: Verilog-0003: [D:/ZGTC/Work/ccc/ipcore/ddr3_test/rtl/mcdq_ctrl/ips2l_mcdq_dcp_out_v1_2.vp(line number: 210)] Elaborating module ips2l_mcdq_dcp_out_v1_2
I: Module instance {hdmi_ddr_ov5640_top/u_ddr3_test_h/u_ips_ddrc_top/mcdq_dcp_top/mcdq_dcp_out} parameter value:
    SINGLE_RANK = true
    CTRL_ADDR_WIDTH = 32'b00000000000000000000000000011100
    ROW_ADDR_WIDTH = 32'b00000000000000000000000000001111
    COL_ADDR_WIDTH = 32'b00000000000000000000000000001010
    BADDR_WIDTH = 32'b00000000000000000000000000000011
    RADDR_WIDTH = 32'b00000000000000000000000000000001
I: Verilog-0004: [D:/ZGTC/Work/ccc/ipcore/ddr3_test/rtl/mcdq_ctrl/ips2l_mcdq_wrapper_v1_2b.vp(line number: 1057)] Elaborating instance mcdq_calib_delay
I: Verilog-0003: [D:/ZGTC/Work/ccc/ipcore/ddr3_test/rtl/mcdq_ctrl/ips2l_mcdq_calib_delay_v1_2.vp(line number: 101)] Elaborating module ips2l_mcdq_calib_delay_v1_2
I: Module instance {hdmi_ddr_ov5640_top/u_ddr3_test_h/u_ips_ddrc_top/mcdq_calib_delay} parameter value:
    ADDR_WIDTH = 32'b00000000000000000000000000001111
    TOTAL_BA_ADDR_WIDTH = 32'b00000000000000000000000000000011
I: Verilog-0004: [D:/ZGTC/Work/ccc/ipcore/ddr3_test/rtl/mcdq_ctrl/ips2l_mcdq_wrapper_v1_2b.vp(line number: 1085)] Elaborating instance mcdq_dfi
I: Verilog-0003: [D:/ZGTC/Work/ccc/ipcore/ddr3_test/rtl/mcdq_ctrl/ips2l_mcdq_dfi_v1_2.vp(line number: 432)] Elaborating module ips2l_mcdq_dfi_v1_2
I: Module instance {hdmi_ddr_ov5640_top/u_ddr3_test_h/u_ips_ddrc_top/mcdq_dfi} parameter value:
    BA_ADDR_WIDTH = 32'b00000000000000000000000000000011
    TOTAL_BA_ADDR_WIDTH = 32'b00000000000000000000000000000011
    TOTAL_ADDR_WIDTH = 32'b00000000000000000000000000001111
    ROW_ADDR_WIDTH = 32'b00000000000000000000000000001111
W: Verilog-2039: [D:/ZGTC/Work/ccc/ipcore/ddr3_test/rtl/mcdq_ctrl/ips2l_mcdq_dfi_v1_2.vp(line number: 553)] Repeat multiplier in concatenation evaluates to 0
W: Verilog-2039: [D:/ZGTC/Work/ccc/ipcore/ddr3_test/rtl/mcdq_ctrl/ips2l_mcdq_dfi_v1_2.vp(line number: 617)] Repeat multiplier in concatenation evaluates to 0
W: Verilog-2039: [D:/ZGTC/Work/ccc/ipcore/ddr3_test/rtl/mcdq_ctrl/ips2l_mcdq_dfi_v1_2.vp(line number: 729)] Repeat multiplier in concatenation evaluates to 0
I: Verilog-0004: [D:/ZGTC/Work/ccc/ipcore/ddr3_test/rtl/mcdq_ctrl/ips2l_mcdq_wrapper_v1_2b.vp(line number: 1123)] Elaborating instance mcdq_apb_cross_v1_2
I: Verilog-0003: [D:/ZGTC/Work/ccc/ipcore/ddr3_test/rtl/mcdq_ctrl/ips2l_mcdq_apb_cross_v1_2.vp(line number: 145)] Elaborating module ips2l_mcdq_apb_cross_v1_2
I: Verilog-0004: [D:/ZGTC/Work/ccc/ipcore/ddr3_test/rtl/mcdq_ctrl/ips2l_mcdq_wrapper_v1_2b.vp(line number: 1158)] Elaborating instance mcdq_cfg_apb
I: Verilog-0003: [D:/ZGTC/Work/ccc/ipcore/ddr3_test/rtl/mcdq_ctrl/ips2l_mcdq_cfg_apb_v1_2.vp(line number: 559)] Elaborating module ips2l_mcdq_cfg_apb_v1_2
I: Module instance {hdmi_ddr_ov5640_top/u_ddr3_test_h/u_ips_ddrc_top/mcdq_cfg_apb} parameter value:
    DDR_TYPE = 2'b00
    MR0_DDR3 = 16'b0001100100110000
    MR1_DDR3 = 16'b0000000000010100
    MR2_DDR3 = 16'b0000000000001000
    MR3_DDR3 = 16'b0000000000000000
    MR_DDR2 = 16'b0000000000000000
    EMR1_DDR2 = 16'b0000000000000000
    EMR2_DDR2 = 16'b0000000000000000
    EMR3_DDR2 = 16'b0000000000000000
    MR_LPDDR = 16'b0000000000000000
    EMR_LPDDR = 16'b0000000000000000
I: Verilog-0004: [D:/ZGTC/Work/ccc/ipcore/ddr3_test/rtl/mcdq_ctrl/ips2l_mcdq_wrapper_v1_2b.vp(line number: 1207)] Elaborating instance mcdq_mrs
I: Verilog-0003: [D:/ZGTC/Work/ccc/ipcore/ddr3_test/rtl/mcdq_ctrl/ips2l_mcdq_mrs_v1_2.vp(line number: 321)] Elaborating module ips2l_mcdq_mrs_v1_2
I: Module instance {hdmi_ddr_ov5640_top/u_ddr3_test_h/u_ips_ddrc_top/mcdq_mrs} parameter value:
    DDR_TYPE = 2'b00
    TOTAL_BA_ADDR_WIDTH = 32'b00000000000000000000000000000011
    TRFC = 32'b00000000000000000000000010010110
    TRP = 32'b00000000000000000000000000000111
I: Verilog-0004: [D:/ZGTC/Work/ccc/ipcore/ddr3_test/rtl/mcdq_ctrl/ips2l_mcdq_wrapper_v1_2b.vp(line number: 1233)] Elaborating instance mcdq_lp
I: Verilog-0003: [D:/ZGTC/Work/ccc/ipcore/ddr3_test/rtl/mcdq_ctrl/ips2l_mcdq_lp_v1_2.vp(line number: 315)] Elaborating module ips2l_mcdq_lp_v1_2
I: Module instance {hdmi_ddr_ov5640_top/u_ddr3_test_h/u_ips_ddrc_top/mcdq_lp} parameter value:
    ROW_ADDR_WIDTH = 32'b00000000000000000000000000001111
    TRFC = 32'b00000000000000000000000010010110
    TREFI = 32'b00000000000000000000001111001111
    TRP = 32'b00000000000000000000000000000111
    TXSDLL = 32'b00000000000000000000000010000000
    TXP = 32'b00000000000000000000000000000100
I: Verilog-0004: [D:/ZGTC/Work/ccc/ipcore/ddr3_test/ddr3_test.v(line number: 397)] Elaborating instance u_ddrphy_top
I: Verilog-0003: [D:/ZGTC/Work/ccc/ipcore/ddr3_test/ddr3_test_ddrphy_top.v(line number: 12)] Elaborating module ddr3_test_ddrphy_top
I: Module instance {hdmi_ddr_ov5640_top/u_ddr3_test_h/u_ddrphy_top} parameter value:
    MEM_TYPE = DDR3
    TMRD = 8'b00000001
    TMOD = 8'b00000011
    TXPR = 8'b00100111
    TRP = 8'b00000010
    TRFC = 8'b00100110
    TRCD = 8'b00000010
    MEM_ROW_WIDTH = 32'b00000000000000000000000000001111
    MEM_BANK_WIDTH = 32'b00000000000000000000000000000011
    MEM_DQ_WIDTH = 32'b00000000000000000000000000100000
    MEM_DM_WIDTH = 32'b00000000000000000000000000000100
    MEM_DQS_WIDTH = 32'b00000000000000000000000000000100
I: Verilog-0004: [D:/ZGTC/Work/ccc/ipcore/ddr3_test/ddr3_test_ddrphy_top.v(line number: 422)] Elaborating instance u_clkbufm
I: Verilog-0004: [D:/ZGTC/Work/ccc/ipcore/ddr3_test/ddr3_test_ddrphy_top.v(line number: 432)] Elaborating instance u_ips2l_ddrphy_rst_clk_phase_adj
I: Verilog-0003: [D:/ZGTC/Work/ccc/ipcore/ddr3_test/rtl/ddrphy/ips2l_ddrphy_rst_clk_phase_adj_v1_0.vp(line number: 104)] Elaborating module ips2l_ddrphy_rst_clk_phase_adj_v1_0
I: Module instance {hdmi_ddr_ov5640_top/u_ddr3_test_h/u_ddrphy_top/u_ips2l_ddrphy_rst_clk_phase_adj} parameter value:
    PHASE_ADJ_DIR = 32'b00000000000000000000000000000000
    PHASE_ADJ_STEP = 32'b00000000000000000000000000001000
I: Verilog-0004: [D:/ZGTC/Work/ccc/ipcore/ddr3_test/ddr3_test_ddrphy_top.v(line number: 455)] Elaborating instance rst_clk_gpll
I: Verilog-0003: [D:/ZGTC/Work/ccc/ipcore/ddr3_test/rtl/pll/ips2l_ddrphy_gpll_v1_3.vp(line number: 127)] Elaborating module ips2l_ddrphy_gpll_v1_3
I: Module instance {hdmi_ddr_ov5640_top/u_ddr3_test_h/u_ddrphy_top/rst_clk_gpll} parameter value:
    CLKIN_FREQ = 125.000000
    BANDWIDTH = HIGH
    IDIV = 32'b00000000000000000000000000000001
    FDIV = 8.000000
    DUTYF = 32'b00000000000000000000000000001000
    ODIV0 = 8.000000
    ODIV1 = 32'b00000000000000000000000000010000
    DUTY0 = 32'b00000000000000000000000000001000
    STATIC_PHASE0 = 32'b00000000000000000000000000000000
    INTERNAL_FB = CLKOUTF
    ODIV2 = 32'b00000000000000000000000000000100
    ODIV3 = 32'b00000000000000000000000000001000
    ODIV4 = 32'b00000000000000000000000000010000
    ODIV5 = 32'b00000000000000000000000000100000
    ODIV6 = 32'b00000000000000000000000001000000
I: Verilog-0004: [D:/ZGTC/Work/ccc/ipcore/ddr3_test/rtl/pll/ips2l_ddrphy_gpll_v1_3.vp(line number: 221)] Elaborating instance u_gpll
I: Verilog-0004: [D:/ZGTC/Work/ccc/ipcore/ddr3_test/ddr3_test_ddrphy_top.v(line number: 470)] Elaborating instance u_rst_clk_bufg
I: Verilog-0004: [D:/ZGTC/Work/ccc/ipcore/ddr3_test/ddr3_test_ddrphy_top.v(line number: 479)] Elaborating instance u_ddrphy_rst_seq_rstn_sync
I: Verilog-0003: [D:/ZGTC/Work/ccc/ipcore/ddr3_test/rtl/ips2l_rst_sync_v1_3.vp(line number: 59)] Elaborating module ips2l_rst_sync_v1_3
I: Module instance {hdmi_ddr_ov5640_top/u_ddr3_test_h/u_ddrphy_top/u_ddrphy_rst_seq_rstn_sync} parameter value:
    DATA_WIDTH = 32'b00000000000000000000000000000001
    DFT_VALUE = 1'b0
I: Verilog-0004: [D:/ZGTC/Work/ccc/ipcore/ddr3_test/ddr3_test_ddrphy_top.v(line number: 497)] Elaborating instance ddrphy_gpll
I: Verilog-0003: [D:/ZGTC/Work/ccc/ipcore/ddr3_test/rtl/pll/ips2l_ddrphy_gpll_v1_3.vp(line number: 127)] Elaborating module ips2l_ddrphy_gpll_v1_3
I: Module instance {hdmi_ddr_ov5640_top/u_ddr3_test_h/u_ddrphy_top/ddrphy_gpll} parameter value:
    CLKIN_FREQ = 125.000000
    BANDWIDTH = HIGH
    IDIV = 32'b00000000000000000000000000000001
    FDIV = 8.000000
    DUTYF = 32'b00000000000000000000000000001000
    ODIV0 = 8.000000
    ODIV1 = 32'b00000000000000000000000000010000
    DUTY0 = 32'b00000000000000000000000000001000
    STATIC_PHASE0 = 32'b00000000000000000000000000000000
    INTERNAL_FB = CLKOUTF
    ODIV2 = 32'b00000000000000000000000000000100
    ODIV3 = 32'b00000000000000000000000000001000
    ODIV4 = 32'b00000000000000000000000000010000
    ODIV5 = 32'b00000000000000000000000000100000
    ODIV6 = 32'b00000000000000000000000001000000
I: Verilog-0004: [D:/ZGTC/Work/ccc/ipcore/ddr3_test/ddr3_test_ddrphy_top.v(line number: 512)] Elaborating instance u_ddrphy_gpll_phase
I: Verilog-0003: [D:/ZGTC/Work/ccc/ipcore/ddr3_test/rtl/ddrphy/ips2l_ddrphy_gpll_phase_v1_0.vp(line number: 69)] Elaborating module ips2l_ddrphy_gpll_phase_v1_0
I: Verilog-0004: [D:/ZGTC/Work/ccc/ipcore/ddr3_test/ddr3_test_ddrphy_top.v(line number: 521)] Elaborating instance u_sysclk_bufg
I: Verilog-0004: [D:/ZGTC/Work/ccc/ipcore/ddr3_test/ddr3_test_ddrphy_top.v(line number: 528)] Elaborating instance u_ddrphy_cpd
I: Verilog-0004: [D:/ZGTC/Work/ccc/ipcore/ddr3_test/ddr3_test_ddrphy_top.v(line number: 541)] Elaborating instance u_ddrphy_cpd_rstn_sync
I: Verilog-0003: [D:/ZGTC/Work/ccc/ipcore/ddr3_test/rtl/ips2l_rst_sync_v1_3.vp(line number: 59)] Elaborating module ips2l_rst_sync_v1_3
I: Module instance {hdmi_ddr_ov5640_top/u_ddr3_test_h/u_ddrphy_top/u_ddrphy_cpd_rstn_sync} parameter value:
    DATA_WIDTH = 32'b00000000000000000000000000000001
    DFT_VALUE = 1'b0
I: Verilog-0004: [D:/ZGTC/Work/ccc/ipcore/ddr3_test/ddr3_test_ddrphy_top.v(line number: 548)] Elaborating instance u_ips2l_ddrphy_cpd_lock
I: Verilog-0003: [D:/ZGTC/Work/ccc/ipcore/ddr3_test/rtl/ddrphy/ips2l_ddrphy_cpd_lock_v1_0.vp(line number: 71)] Elaborating module ips2l_ddrphy_cpd_lock_v1_0
I: Verilog-0004: [D:/ZGTC/Work/ccc/ipcore/ddr3_test/ddr3_test_ddrphy_top.v(line number: 556)] Elaborating instance ddrphy_cpd_ctrl
I: Verilog-0003: [D:/ZGTC/Work/ccc/ipcore/ddr3_test/rtl/ddrphy/ips2l_ddrphy_cpd_ctrl_v1_3.vp(line number: 182)] Elaborating module ips2l_ddrphy_cpd_ctrl_v1_3
I: Verilog-0004: [D:/ZGTC/Work/ccc/ipcore/ddr3_test/ddr3_test_ddrphy_top.v(line number: 576)] Elaborating instance ddrphy_reset_ctrl
I: Verilog-0003: [D:/ZGTC/Work/ccc/ipcore/ddr3_test/rtl/ddrphy/ips2l_ddrphy_reset_ctrl_v1_3.vp(line number: 268)] Elaborating module ips2l_ddrphy_reset_ctrl_v1_3
I: Verilog-0004: [D:/ZGTC/Work/ccc/ipcore/ddr3_test/rtl/ddrphy/ips2l_ddrphy_reset_ctrl_v1_3.vp(line number: 412)] Elaborating instance ddrphy_pll_lock_debounce
I: Verilog-0003: [D:/ZGTC/Work/ccc/ipcore/ddr3_test/rtl/ddrphy/ips2l_ddrphy_rst_debounce_v1_0.vp(line number: 84)] Elaborating module ips2l_ddrphy_rst_debounce_v1_0
I: Module instance {hdmi_ddr_ov5640_top/u_ddr3_test_h/u_ddrphy_top/ddrphy_reset_ctrl/ddrphy_pll_lock_debounce} parameter value:
    RISE_CNTR_WIDTH = 32'b00000000000000000000000000010011
    RISE_CNTR_VALUE = 19'b1000000000000000000
    ACTIVE_HIGH = 1'b0
I: Verilog-0004: [D:/ZGTC/Work/ccc/ipcore/ddr3_test/rtl/ddrphy/ips2l_ddrphy_reset_ctrl_v1_3.vp(line number: 620)] Elaborating instance u_ddrphy_rstn_sync
I: Verilog-0003: [D:/ZGTC/Work/ccc/ipcore/ddr3_test/rtl/ips2l_rst_sync_v1_3.vp(line number: 59)] Elaborating module ips2l_rst_sync_v1_3
I: Module instance {hdmi_ddr_ov5640_top/u_ddr3_test_h/u_ddrphy_top/ddrphy_reset_ctrl/u_ddrphy_rstn_sync} parameter value:
    DATA_WIDTH = 32'b00000000000000000000000000000001
    DFT_VALUE = 1'b0
I: Verilog-0004: [D:/ZGTC/Work/ccc/ipcore/ddr3_test/rtl/ddrphy/ips2l_ddrphy_reset_ctrl_v1_3.vp(line number: 630)] Elaborating instance u_dll_rst_sync
I: Verilog-0003: [D:/ZGTC/Work/ccc/ipcore/ddr3_test/rtl/ips2l_rst_sync_v1_3.vp(line number: 59)] Elaborating module ips2l_rst_sync_v1_3
I: Module instance {hdmi_ddr_ov5640_top/u_ddr3_test_h/u_ddrphy_top/ddrphy_reset_ctrl/u_dll_rst_sync} parameter value:
    DATA_WIDTH = 32'b00000000000000000000000000000001
    DFT_VALUE = 1'b0
I: Verilog-0004: [D:/ZGTC/Work/ccc/ipcore/ddr3_test/ddr3_test_ddrphy_top.v(line number: 609)] Elaborating instance ddrphy_dll_update_ctrl
I: Verilog-0003: [D:/ZGTC/Work/ccc/ipcore/ddr3_test/rtl/ddrphy/ips2l_ddrphy_dll_update_ctrl_v1_3.vp(line number: 124)] Elaborating module ips2l_ddrphy_dll_update_ctrl_v1_3
I: Verilog-0004: [D:/ZGTC/Work/ccc/ipcore/ddr3_test/ddr3_test_ddrphy_top.v(line number: 626)] Elaborating instance u_dll_update_n_sync
I: Verilog-0003: [D:/ZGTC/Work/ccc/ipcore/ddr3_test/rtl/ips2l_rst_sync_v1_3.vp(line number: 59)] Elaborating module ips2l_rst_sync_v1_3
I: Module instance {hdmi_ddr_ov5640_top/u_ddr3_test_h/u_ddrphy_top/u_dll_update_n_sync} parameter value:
    DATA_WIDTH = 32'b00000000000000000000000000000001
    DFT_VALUE = 1'b1
I: Verilog-0004: [D:/ZGTC/Work/ccc/ipcore/ddr3_test/ddr3_test_ddrphy_top.v(line number: 636)] Elaborating instance u_dll_freeze_sync
I: Verilog-0003: [D:/ZGTC/Work/ccc/ipcore/ddr3_test/rtl/ips2l_rst_sync_v1_3.vp(line number: 59)] Elaborating module ips2l_rst_sync_v1_3
I: Module instance {hdmi_ddr_ov5640_top/u_ddr3_test_h/u_ddrphy_top/u_dll_freeze_sync} parameter value:
    DATA_WIDTH = 32'b00000000000000000000000000000001
    DFT_VALUE = 1'b0
I: Verilog-0004: [D:/ZGTC/Work/ccc/ipcore/ddr3_test/ddr3_test_ddrphy_top.v(line number: 646)] Elaborating instance ddrphy_gate_update_ctrl
I: Verilog-0003: [D:/ZGTC/Work/ccc/ipcore/ddr3_test/rtl/ddrphy/ips2l_ddrphy_gate_update_ctrl_v1_3.vp(line number: 100)] Elaborating module ips2l_ddrphy_gate_update_ctrl_v1_3
I: Module instance {hdmi_ddr_ov5640_top/u_ddr3_test_h/u_ddrphy_top/ddrphy_gate_update_ctrl} parameter value:
    UPDATE_EN = 1'b0
    MEM_DQS_WIDTH = 32'b00000000000000000000000000000100
I: Verilog-0004: [D:/ZGTC/Work/ccc/ipcore/ddr3_test/rtl/ddrphy/ips2l_ddrphy_gate_update_ctrl_v1_3.vp(line number: 182)] Elaborating instance ddrphy_drift_ctrl
I: Verilog-0003: [D:/ZGTC/Work/ccc/ipcore/ddr3_test/rtl/ddrphy/ips2l_ddrphy_drift_ctrl_v1_0.vp(line number: 112)] Elaborating module ips2l_ddrphy_drift_ctrl_v1_0
I: Verilog-0004: [D:/ZGTC/Work/ccc/ipcore/ddr3_test/rtl/ddrphy/ips2l_ddrphy_gate_update_ctrl_v1_3.vp(line number: 182)] Elaborating instance ddrphy_drift_ctrl
I: Verilog-0003: [D:/ZGTC/Work/ccc/ipcore/ddr3_test/rtl/ddrphy/ips2l_ddrphy_drift_ctrl_v1_0.vp(line number: 112)] Elaborating module ips2l_ddrphy_drift_ctrl_v1_0
I: Verilog-0004: [D:/ZGTC/Work/ccc/ipcore/ddr3_test/rtl/ddrphy/ips2l_ddrphy_gate_update_ctrl_v1_3.vp(line number: 182)] Elaborating instance ddrphy_drift_ctrl
I: Verilog-0003: [D:/ZGTC/Work/ccc/ipcore/ddr3_test/rtl/ddrphy/ips2l_ddrphy_drift_ctrl_v1_0.vp(line number: 112)] Elaborating module ips2l_ddrphy_drift_ctrl_v1_0
I: Verilog-0004: [D:/ZGTC/Work/ccc/ipcore/ddr3_test/rtl/ddrphy/ips2l_ddrphy_gate_update_ctrl_v1_3.vp(line number: 182)] Elaborating instance ddrphy_drift_ctrl
I: Verilog-0003: [D:/ZGTC/Work/ccc/ipcore/ddr3_test/rtl/ddrphy/ips2l_ddrphy_drift_ctrl_v1_0.vp(line number: 112)] Elaborating module ips2l_ddrphy_drift_ctrl_v1_0
I: Verilog-0004: [D:/ZGTC/Work/ccc/ipcore/ddr3_test/ddr3_test_ddrphy_top.v(line number: 681)] Elaborating instance ddrphy_calib_top
I: Verilog-0003: [D:/ZGTC/Work/ccc/ipcore/ddr3_test/rtl/ddrphy/ips2l_ddrphy_calib_top_v1_10.vp(line number: 392)] Elaborating module ips2l_ddrphy_calib_top_v1_10
I: Module instance {hdmi_ddr_ov5640_top/u_ddr3_test_h/u_ddrphy_top/ddrphy_calib_top} parameter value:
    DDR_TYPE = 2'b00
    WRCAL_EN = 1'b0
    EYECAL_EN = 32'b00000000000000000000000000000001
    T200US = 20'b00000110011010001010
    T500US = 20'b00001111100100000110
    T400NS = 8'b00110011
    TMRD = 8'b00000001
    TMOD = 8'b00000011
    TXPR = 8'b00100111
    TRP = 8'b00000010
    TZQINIT = 10'b0010000000
    TRFC = 8'b00100110
    TRCD = 8'b00000010
    REF_CNT = 4'b1001
    TEST_DATA_PATTERN0 = 64'b0101010110101010010101011010101000001000111101110000100011110111
    TEST_DATA_PATTERN1 = 64'b0111111110011111011111111001111110000000111111101000000011111110
    TEST_DATA_PATTERN2 = 64'b1111000000001111111100000000111100000001111111110000000111111111
    TEST_DATA_PATTERN3 = 64'b1101111110101010110111111010101001010101101010100101010110101010
    MEM_ADDR_WIDTH = 32'b00000000000000000000000000001111
    MEM_BANKADDR_WIDTH = 32'b00000000000000000000000000000011
    MEM_DQ_WIDTH = 32'b00000000000000000000000000100000
    MEM_DM_WIDTH = 32'b00000000000000000000000000000100
    MEM_DQS_WIDTH = 32'b00000000000000000000000000000100
I: Verilog-0004: [D:/ZGTC/Work/ccc/ipcore/ddr3_test/rtl/ddrphy/ips2l_ddrphy_calib_top_v1_10.vp(line number: 597)] Elaborating instance ddrphy_main_ctrl
I: Verilog-0003: [D:/ZGTC/Work/ccc/ipcore/ddr3_test/rtl/ddrphy/ips2l_ddrphy_main_ctrl_v1_10.vp(line number: 196)] Elaborating module ips2l_ddrphy_main_ctrl_v1_10
I: Module instance {hdmi_ddr_ov5640_top/u_ddr3_test_h/u_ddrphy_top/ddrphy_calib_top/ddrphy_main_ctrl} parameter value:
    DDR_TYPE = 2'b00
    EYECAL_EN = 32'b00000000000000000000000000000001
I: Verilog-0004: [D:/ZGTC/Work/ccc/ipcore/ddr3_test/rtl/ddrphy/ips2l_ddrphy_calib_top_v1_10.vp(line number: 641)] Elaborating instance ddrphy_init
I: Verilog-0003: [D:/ZGTC/Work/ccc/ipcore/ddr3_test/rtl/ddrphy/ips2l_ddrphy_init_v1_0.vp(line number: 577)] Elaborating module ips2l_ddrphy_init_v1_0
I: Module instance {hdmi_ddr_ov5640_top/u_ddr3_test_h/u_ddrphy_top/ddrphy_calib_top/ddrphy_init} parameter value:
    DDR_TYPE = 2'b00
    T200US = 20'b00000110011010001010
    T500US = 20'b00001111100100000110
    T400NS = 8'b00110011
    TMRD = 8'b00000001
    TMOD = 8'b00000011
    TXPR = 8'b00100111
    TRP = 8'b00000010
    TRFC = 8'b00100110
    TZQINIT = 10'b0010000000
    REF_CNT = 4'b1001
    MEM_ADDR_WIDTH = 32'b00000000000000000000000000001111
    MEM_BANKADDR_WIDTH = 32'b00000000000000000000000000000011
I: Verilog-0004: [D:/ZGTC/Work/ccc/ipcore/ddr3_test/rtl/ddrphy/ips2l_ddrphy_calib_top_v1_10.vp(line number: 669)] Elaborating instance ddrphy_wrlvl
I: Verilog-0003: [D:/ZGTC/Work/ccc/ipcore/ddr3_test/rtl/ddrphy/ips2l_ddrphy_wrlvl_v1_0.vp(line number: 183)] Elaborating module ips2l_ddrphy_wrlvl_v1_0
I: Module instance {hdmi_ddr_ov5640_top/u_ddr3_test_h/u_ddrphy_top/ddrphy_calib_top/ddrphy_wrlvl} parameter value:
    TMOD = 8'b00000011
    TRFC = 8'b00100110
    MEM_ADDR_WIDTH = 32'b00000000000000000000000000001111
    MEM_BANKADDR_WIDTH = 32'b00000000000000000000000000000011
I: Verilog-0004: [D:/ZGTC/Work/ccc/ipcore/ddr3_test/rtl/ddrphy/ips2l_ddrphy_calib_top_v1_10.vp(line number: 698)] Elaborating instance ddrphy_rdcal
I: Verilog-0003: [D:/ZGTC/Work/ccc/ipcore/ddr3_test/rtl/ddrphy/ips2l_ddrphy_rdcal_v1_10.vp(line number: 750)] Elaborating module ips2l_ddrphy_rdcal_v1_10
I: Module instance {hdmi_ddr_ov5640_top/u_ddr3_test_h/u_ddrphy_top/ddrphy_calib_top/ddrphy_rdcal} parameter value:
    DDR_TYPE = 2'b00
    TRFC = 8'b00100110
    TRCD = 8'b00000010
    MEM_ADDR_WIDTH = 32'b00000000000000000000000000001111
    MEM_BANKADDR_WIDTH = 32'b00000000000000000000000000000011
    MEM_DQ_WIDTH = 32'b00000000000000000000000000100000
I: Verilog-0004: [D:/ZGTC/Work/ccc/ipcore/ddr3_test/rtl/ddrphy/ips2l_ddrphy_calib_top_v1_10.vp(line number: 756)] Elaborating instance ddrphy_wrcal
I: Verilog-0003: [D:/ZGTC/Work/ccc/ipcore/ddr3_test/rtl/ddrphy/ips2l_ddrphy_wrcal_v1_7.vp(line number: 495)] Elaborating module ips2l_ddrphy_wrcal_v1_7
I: Module instance {hdmi_ddr_ov5640_top/u_ddr3_test_h/u_ddrphy_top/ddrphy_calib_top/ddrphy_wrcal} parameter value:
    WRCAL_EN = 1'b0
    TRFC = 8'b00100110
    TRCD = 8'b00000010
    TEST_DATA_PATTERN0 = 64'b0101010110101010010101011010101000001000111101110000100011110111
    TEST_DATA_PATTERN1 = 64'b0111111110011111011111111001111110000000111111101000000011111110
    TEST_DATA_PATTERN2 = 64'b1111000000001111111100000000111100000001111111110000000111111111
    TEST_DATA_PATTERN3 = 64'b1101111110101010110111111010101001010101101010100101010110101010
    MEM_ADDR_WIDTH = 32'b00000000000000000000000000001111
    MEM_BANKADDR_WIDTH = 32'b00000000000000000000000000000011
    MEM_DQ_WIDTH = 32'b00000000000000000000000000100000
I: Verilog-0004: [D:/ZGTC/Work/ccc/ipcore/ddr3_test/rtl/ddrphy/ips2l_ddrphy_calib_top_v1_10.vp(line number: 787)] Elaborating instance ddrphy_eyecal
I: Verilog-0003: [D:/ZGTC/Work/ccc/ipcore/ddr3_test/rtl/ddrphy/ips2l_ddrphy_eyecal_v1_5.vp(line number: 228)] Elaborating module ips2l_ddrphy_eyecal_v1_5
I: Module instance {hdmi_ddr_ov5640_top/u_ddr3_test_h/u_ddrphy_top/ddrphy_calib_top/ddrphy_eyecal} parameter value:
    TRFC = 8'b00100110
    TRCD = 8'b00000010
    MEM_ADDR_WIDTH = 32'b00000000000000000000000000001111
    MEM_BANKADDR_WIDTH = 32'b00000000000000000000000000000011
    MEM_DQ_WIDTH = 32'b00000000000000000000000000100000
I: Verilog-0004: [D:/ZGTC/Work/ccc/ipcore/ddr3_test/rtl/ddrphy/ips2l_ddrphy_calib_top_v1_10.vp(line number: 815)] Elaborating instance ddrphy_calib_mux
I: Verilog-0003: [D:/ZGTC/Work/ccc/ipcore/ddr3_test/rtl/ddrphy/ips2l_ddrphy_calib_mux_v1_0.vp(line number: 199)] Elaborating module ips2l_ddrphy_calib_mux_v1_0
I: Module instance {hdmi_ddr_ov5640_top/u_ddr3_test_h/u_ddrphy_top/ddrphy_calib_top/ddrphy_calib_mux} parameter value:
    DDR_TYPE = 2'b00
    MEM_ADDR_WIDTH = 32'b00000000000000000000000000001111
    MEM_BANKADDR_WIDTH = 32'b00000000000000000000000000000011
I: Verilog-0004: [D:/ZGTC/Work/ccc/ipcore/ddr3_test/rtl/ddrphy/ips2l_ddrphy_calib_top_v1_10.vp(line number: 883)] Elaborating instance ddrphy_upcal
I: Verilog-0003: [D:/ZGTC/Work/ccc/ipcore/ddr3_test/rtl/ddrphy/ips2l_ddrphy_upcal_v1_0.vp(line number: 151)] Elaborating module ips2l_ddrphy_upcal_v1_0
I: Module instance {hdmi_ddr_ov5640_top/u_ddr3_test_h/u_ddrphy_top/ddrphy_calib_top/ddrphy_upcal} parameter value:
    MEM_DQS_WIDTH = 32'b00000000000000000000000000000100
I: Verilog-0004: [D:/ZGTC/Work/ccc/ipcore/ddr3_test/ddr3_test_ddrphy_top.v(line number: 753)] Elaborating instance ddrphy_training_ctrl
I: Verilog-0003: [D:/ZGTC/Work/ccc/ipcore/ddr3_test/rtl/ddrphy/ips2l_ddrphy_training_ctrl_v1_0.vp(line number: 83)] Elaborating module ips2l_ddrphy_training_ctrl_v1_0
I: Module instance {hdmi_ddr_ov5640_top/u_ddr3_test_h/u_ddrphy_top/ddrphy_training_ctrl} parameter value:
    SRB_DQS_RST_TRAINING_HIGH_CLK = 32'b00000000000000000000000000000011
I: Verilog-0004: [D:/ZGTC/Work/ccc/ipcore/ddr3_test/ddr3_test_ddrphy_top.v(line number: 765)] Elaborating instance u_force_read_clk_ctrl_sync
I: Verilog-0003: [D:/ZGTC/Work/ccc/ipcore/ddr3_test/rtl/ips2l_rst_sync_v1_3.vp(line number: 59)] Elaborating module ips2l_rst_sync_v1_3
I: Module instance {hdmi_ddr_ov5640_top/u_ddr3_test_h/u_ddrphy_top/u_force_read_clk_ctrl_sync} parameter value:
    DATA_WIDTH = 32'b00000000000000000000000000000001
    DFT_VALUE = 1'b0
I: Verilog-0004: [D:/ZGTC/Work/ccc/ipcore/ddr3_test/ddr3_test_ddrphy_top.v(line number: 775)] Elaborating instance u_force_samp_position_sync
I: Verilog-0003: [D:/ZGTC/Work/ccc/ipcore/ddr3_test/rtl/ips2l_rst_sync_v1_3.vp(line number: 59)] Elaborating module ips2l_rst_sync_v1_3
I: Module instance {hdmi_ddr_ov5640_top/u_ddr3_test_h/u_ddrphy_top/u_force_samp_position_sync} parameter value:
    DATA_WIDTH = 32'b00000000000000000000000000000001
    DFT_VALUE = 1'b0
I: Verilog-0004: [D:/ZGTC/Work/ccc/ipcore/ddr3_test/ddr3_test_ddrphy_top.v(line number: 785)] Elaborating instance u_samp_position_dyn_adj_sync
I: Verilog-0003: [D:/ZGTC/Work/ccc/ipcore/ddr3_test/rtl/ips2l_rst_sync_v1_3.vp(line number: 59)] Elaborating module ips2l_rst_sync_v1_3
I: Module instance {hdmi_ddr_ov5640_top/u_ddr3_test_h/u_ddrphy_top/u_samp_position_dyn_adj_sync} parameter value:
    DATA_WIDTH = 32'b00000000000000000000000000000001
    DFT_VALUE = 1'b0
I: Verilog-0004: [D:/ZGTC/Work/ccc/ipcore/ddr3_test/ddr3_test_ddrphy_top.v(line number: 795)] Elaborating instance u_wrcal_position_dyn_adj_sync
I: Verilog-0003: [D:/ZGTC/Work/ccc/ipcore/ddr3_test/rtl/ips2l_rst_sync_v1_3.vp(line number: 59)] Elaborating module ips2l_rst_sync_v1_3
I: Module instance {hdmi_ddr_ov5640_top/u_ddr3_test_h/u_ddrphy_top/u_wrcal_position_dyn_adj_sync} parameter value:
    DATA_WIDTH = 32'b00000000000000000000000000000001
    DFT_VALUE = 1'b0
I: Verilog-0004: [D:/ZGTC/Work/ccc/ipcore/ddr3_test/ddr3_test_ddrphy_top.v(line number: 821)] Elaborating instance ddrphy_slice_top
I: Verilog-0003: [D:/ZGTC/Work/ccc/ipcore/ddr3_test/rtl/ddrphy/ddr3_test_slice_top_v1_10.v(line number: 12)] Elaborating module ddr3_test_slice_top_v1_10
I: Module instance {hdmi_ddr_ov5640_top/u_ddr3_test_h/u_ddrphy_top/ddrphy_slice_top} parameter value:
    CLKIN_FREQ = 125.000000
    PPLL_BANDWIDTH = HIGH
    DDR_TYPE = 2'b00
    GATE_MODE = 1'b1
    TEST_DATA_PATTERN0 = 64'b0101010110101010010101011010101000001000111101110000100011110111
    TEST_DATA_PATTERN1 = 64'b0111111110011111011111111001111110000000111111101000000011111110
    TEST_DATA_PATTERN2 = 64'b1111000000001111111100000000111100000001111111110000000111111111
    TEST_DATA_PATTERN3 = 64'b1101111110101010110111111010101001010101101010100101010110101010
    SC_LDO_CTRL = 2'b00
    SC_DLY_2X = 1'b1
    PPLL_IDIV = 32'b00000000000000000000000000000001
    PPLL_FDIV = 32'b00000000000000000000000000010000
    PPLL_ODIVPHY = 32'b00000000000000000000000000000010
    MEM_ADDR_WIDTH = 32'b00000000000000000000000000001111
    MEM_BANKADDR_WIDTH = 32'b00000000000000000000000000000011
    MEM_DQ_WIDTH = 32'b00000000000000000000000000100000
    MEM_DQS_WIDTH = 32'b00000000000000000000000000000100
    MEM_DM_WIDTH = 32'b00000000000000000000000000000100
I: Verilog-0004: [D:/ZGTC/Work/ccc/ipcore/ddr3_test/rtl/ddrphy/ddr3_test_slice_top_v1_10.v(line number: 586)] Elaborating instance u_clkbufr
I: Verilog-0004: [D:/ZGTC/Work/ccc/ipcore/ddr3_test/rtl/ddrphy/ddr3_test_slice_top_v1_10.v(line number: 603)] Elaborating instance ddrphy_ppll
I: Verilog-0003: [D:/ZGTC/Work/ccc/ipcore/ddr3_test/rtl/pll/ips2l_ddrphy_ppll_v1_0.vp(line number: 242)] Elaborating module ips2l_ddrphy_ppll_v1_0
I: Module instance {hdmi_ddr_ov5640_top/u_ddr3_test_h/u_ddrphy_top/ddrphy_slice_top/i_dqs_bank[0].ddrphy_ppll} parameter value:
    CLKIN_FREQ = 125.000000
    BANDWIDTH = HIGH
    CLKOUT4_SYN_EN = FALSE
    INTERNAL_FB = CLKOUTF
    IDIV = 32'b00000000000000000000000000000001
    FDIV = 32'b00000000000000000000000000010000
    ODIVPHY = 32'b00000000000000000000000000000010
    ODIV0 = 32'b00000000000000000000000000010000
    ODIV1 = 32'b00000000000000000000000000000010
    ODIV2 = 32'b00000000000000000000000000000100
    ODIV3 = 32'b00000000000000000000000000001000
    ODIV4 = 32'b00000000000000000000000000010000
I: Verilog-0004: [D:/ZGTC/Work/ccc/ipcore/ddr3_test/rtl/pll/ips2l_ddrphy_ppll_v1_0.vp(line number: 310)] Elaborating instance u_ppll
I: Verilog-0004: [D:/ZGTC/Work/ccc/ipcore/ddr3_test/rtl/ddrphy/ddr3_test_slice_top_v1_10.v(line number: 618)] Elaborating instance u_ddrphy_ioclkdiv
I: Verilog-0004: [D:/ZGTC/Work/ccc/ipcore/ddr3_test/rtl/ddrphy/ddr3_test_slice_top_v1_10.v(line number: 586)] Elaborating instance u_clkbufr
I: Verilog-0004: [D:/ZGTC/Work/ccc/ipcore/ddr3_test/rtl/ddrphy/ddr3_test_slice_top_v1_10.v(line number: 603)] Elaborating instance ddrphy_ppll
I: Verilog-0003: [D:/ZGTC/Work/ccc/ipcore/ddr3_test/rtl/pll/ips2l_ddrphy_ppll_v1_0.vp(line number: 242)] Elaborating module ips2l_ddrphy_ppll_v1_0
I: Module instance {hdmi_ddr_ov5640_top/u_ddr3_test_h/u_ddrphy_top/ddrphy_slice_top/i_dqs_bank[1].ddrphy_ppll} parameter value:
    CLKIN_FREQ = 125.000000
    BANDWIDTH = HIGH
    CLKOUT4_SYN_EN = FALSE
    INTERNAL_FB = CLKOUTF
    IDIV = 32'b00000000000000000000000000000001
    FDIV = 32'b00000000000000000000000000010000
    ODIVPHY = 32'b00000000000000000000000000000010
    ODIV0 = 32'b00000000000000000000000000010000
    ODIV1 = 32'b00000000000000000000000000000010
    ODIV2 = 32'b00000000000000000000000000000100
    ODIV3 = 32'b00000000000000000000000000001000
    ODIV4 = 32'b00000000000000000000000000010000
I: Verilog-0004: [D:/ZGTC/Work/ccc/ipcore/ddr3_test/rtl/ddrphy/ddr3_test_slice_top_v1_10.v(line number: 618)] Elaborating instance u_ddrphy_ioclkdiv
I: Verilog-0004: [D:/ZGTC/Work/ccc/ipcore/ddr3_test/rtl/ddrphy/ddr3_test_slice_top_v1_10.v(line number: 641)] Elaborating instance ddrphy_data_slice
I: Verilog-0003: [D:/ZGTC/Work/ccc/ipcore/ddr3_test/rtl/ddrphy/ips2l_ddrphy_data_slice_v1_10.vp(line number: 583)] Elaborating module ips2l_ddrphy_data_slice_v1_10
I: Module instance {hdmi_ddr_ov5640_top/u_ddr3_test_h/u_ddrphy_top/ddrphy_slice_top/i_dqs_group[0].ddrphy_data_slice} parameter value:
    DDR_TYPE = 2'b00
    TEST_DATA_PATTERN0 = 64'b0101010110101010010101011010101000001000111101110000100011110111
    TEST_DATA_PATTERN1 = 64'b0111111110011111011111111001111110000000111111101000000011111110
    TEST_DATA_PATTERN2 = 64'b1111000000001111111100000000111100000001111111110000000111111111
    TEST_DATA_PATTERN3 = 64'b1101111110101010110111111010101001010101101010100101010110101010
    GATE_MODE = 1'b1
    SC_LDO_CTRL = 2'b00
    SC_DLY_2X = 1'b1
    WL_MAX_STEP = 8'b11001001
    WL_MAX_CHECK = 5'b11111
    MIN_DQSI_WIN = 9'b000001010
I: Verilog-0004: [D:/ZGTC/Work/ccc/ipcore/ddr3_test/rtl/ddrphy/ips2l_ddrphy_data_slice_v1_10.vp(line number: 810)] Elaborating instance ddrphy_data_slice_wrlvl
I: Verilog-0003: [D:/ZGTC/Work/ccc/ipcore/ddr3_test/rtl/ddrphy/ips2l_ddrphy_data_slice_wrlvl_v1_10.vp(line number: 292)] Elaborating module ips2l_ddrphy_data_slice_wrlvl_v1_10
I: Module instance {hdmi_ddr_ov5640_top/u_ddr3_test_h/u_ddrphy_top/ddrphy_slice_top/i_dqs_group[0].ddrphy_data_slice/ddrphy_data_slice_wrlvl} parameter value:
    WL_MAX_STEP = 8'b11001001
    CK_MAX_STEP = 8'b10000000
    WL_MAX_CHECK = 5'b11111
I: Verilog-0004: [D:/ZGTC/Work/ccc/ipcore/ddr3_test/rtl/ddrphy/ips2l_ddrphy_data_slice_v1_10.vp(line number: 841)] Elaborating instance ddrphy_data_slice_wrcal
I: Verilog-0003: [D:/ZGTC/Work/ccc/ipcore/ddr3_test/rtl/ddrphy/ips2l_ddrphy_data_slice_wrcal_v1_10.vp(line number: 278)] Elaborating module ips2l_ddrphy_data_slice_wrcal_v1_10
I: Verilog-0004: [D:/ZGTC/Work/ccc/ipcore/ddr3_test/rtl/ddrphy/ips2l_ddrphy_data_slice_v1_10.vp(line number: 868)] Elaborating instance ddrphy_data_slice_dqs_gate_cal
I: Verilog-0003: [D:/ZGTC/Work/ccc/ipcore/ddr3_test/rtl/ddrphy/ips2l_ddrphy_data_slice_dqs_gate_cal_v1_10.vp(line number: 111)] Elaborating module ips2l_ddrphy_data_slice_dqs_gate_cal_v1_10
I: Module instance {hdmi_ddr_ov5640_top/u_ddr3_test_h/u_ddrphy_top/ddrphy_slice_top/i_dqs_group[0].ddrphy_data_slice/ddrphy_data_slice_dqs_gate_cal} parameter value:
    GATE_MODE = 1'b1
I: Verilog-0004: [D:/ZGTC/Work/ccc/ipcore/ddr3_test/rtl/ddrphy/ips2l_ddrphy_data_slice_dqs_gate_cal_v1_10.vp(line number: 148)] Elaborating instance ddrphy_dqs_gate_coarse_cal
I: Verilog-0003: [D:/ZGTC/Work/ccc/ipcore/ddr3_test/rtl/ddrphy/ips2l_ddrphy_dqs_gate_coarse_cal_v1_0.vp(line number: 173)] Elaborating module ips2l_ddrphy_dqs_gate_coarse_cal_v1_0
I: Verilog-0004: [D:/ZGTC/Work/ccc/ipcore/ddr3_test/rtl/ddrphy/ips2l_ddrphy_data_slice_dqs_gate_cal_v1_10.vp(line number: 164)] Elaborating instance ddrphy_gatecal
I: Verilog-0003: [D:/ZGTC/Work/ccc/ipcore/ddr3_test/rtl/ddrphy/ips2l_ddrphy_gatecal_v1_10.vp(line number: 243)] Elaborating module ips2l_ddrphy_gatecal_v1_10
I: Module instance {hdmi_ddr_ov5640_top/u_ddr3_test_h/u_ddrphy_top/ddrphy_slice_top/i_dqs_group[0].ddrphy_data_slice/ddrphy_data_slice_dqs_gate_cal/ddrphy_gatecal} parameter value:
    GATE_MODE = 1'b1
I: Verilog-0004: [D:/ZGTC/Work/ccc/ipcore/ddr3_test/rtl/ddrphy/ips2l_ddrphy_data_slice_v1_10.vp(line number: 905)] Elaborating instance ddrphy_dqsi_rdel_cal
I: Verilog-0003: [D:/ZGTC/Work/ccc/ipcore/ddr3_test/rtl/ddrphy/ips2l_ddrphy_dqsi_rdel_cal_v1_3.vp(line number: 395)] Elaborating module ips2l_ddrphy_dqsi_rdel_cal_v1_3
I: Module instance {hdmi_ddr_ov5640_top/u_ddr3_test_h/u_ddrphy_top/ddrphy_slice_top/i_dqs_group[0].ddrphy_data_slice/ddrphy_dqsi_rdel_cal} parameter value:
    MIN_DQSI_WIN = 9'b000001010
I: Verilog-0004: [D:/ZGTC/Work/ccc/ipcore/ddr3_test/rtl/ddrphy/ips2l_ddrphy_data_slice_v1_10.vp(line number: 947)] Elaborating instance ddrphy_dqs_rddata_align
I: Verilog-0003: [D:/ZGTC/Work/ccc/ipcore/ddr3_test/rtl/ddrphy/ips2l_ddrphy_dqs_rddata_align_v1_10.vp(line number: 527)] Elaborating module ips2l_ddrphy_dqs_rddata_align_v1_10
I: Module instance {hdmi_ddr_ov5640_top/u_ddr3_test_h/u_ddrphy_top/ddrphy_slice_top/i_dqs_group[0].ddrphy_data_slice/ddrphy_dqs_rddata_align} parameter value:
    TEST_DATA_PATTERN0 = 64'b0101010110101010010101011010101000001000111101110000100011110111
    TEST_DATA_PATTERN1 = 64'b0111111110011111011111111001111110000000111111101000000011111110
    TEST_DATA_PATTERN2 = 64'b1111000000001111111100000000111100000001111111110000000111111111
    TEST_DATA_PATTERN3 = 64'b1101111110101010110111111010101001010101101010100101010110101010
I: Verilog-0004: [D:/ZGTC/Work/ccc/ipcore/ddr3_test/rtl/ddrphy/ips2l_ddrphy_data_slice_v1_10.vp(line number: 983)] Elaborating instance ddrphy_wdata_path_adj
I: Verilog-0003: [D:/ZGTC/Work/ccc/ipcore/ddr3_test/rtl/ddrphy/ips2l_ddrphy_wdata_path_adj_v1_10.vp(line number: 232)] Elaborating module ips2l_ddrphy_wdata_path_adj_v1_10
I: Module instance {hdmi_ddr_ov5640_top/u_ddr3_test_h/u_ddrphy_top/ddrphy_slice_top/i_dqs_group[0].ddrphy_data_slice/ddrphy_wdata_path_adj} parameter value:
    DQ_WIDTH = 32'b00000000000000000000000000001000
I: Verilog-0004: [D:/ZGTC/Work/ccc/ipcore/ddr3_test/rtl/ddrphy/ips2l_ddrphy_data_slice_v1_10.vp(line number: 1012)] Elaborating instance u_ddc_dq
I: Verilog-0004: [D:/ZGTC/Work/ccc/ipcore/ddr3_test/rtl/ddrphy/ips2l_ddrphy_data_slice_v1_10.vp(line number: 1052)] Elaborating instance u_dll_dq
I: Verilog-0004: [D:/ZGTC/Work/ccc/ipcore/ddr3_test/rtl/ddrphy/ips2l_ddrphy_data_slice_v1_10.vp(line number: 1084)] Elaborating instance u_tserdes0_dqs
I: Verilog-0004: [D:/ZGTC/Work/ccc/ipcore/ddr3_test/rtl/ddrphy/ips2l_ddrphy_data_slice_v1_10.vp(line number: 1126)] Elaborating instance u_tserdes1_dq
I: Verilog-0004: [D:/ZGTC/Work/ccc/ipcore/ddr3_test/rtl/ddrphy/ips2l_ddrphy_data_slice_v1_10.vp(line number: 1168)] Elaborating instance u_oserdes_dqs
I: Verilog-0004: [D:/ZGTC/Work/ccc/ipcore/ddr3_test/rtl/ddrphy/ips2l_ddrphy_data_slice_v1_10.vp(line number: 1200)] Elaborating instance u_iobufco_dqs
I: Verilog-0004: [D:/ZGTC/Work/ccc/ipcore/ddr3_test/rtl/ddrphy/ips2l_ddrphy_data_slice_v1_10.vp(line number: 1238)] Elaborating instance u_oserdes_dq
I: Verilog-0004: [D:/ZGTC/Work/ccc/ipcore/ddr3_test/rtl/ddrphy/ips2l_ddrphy_data_slice_v1_10.vp(line number: 1262)] Elaborating instance u_iodelay_dq
I: Verilog-0004: [D:/ZGTC/Work/ccc/ipcore/ddr3_test/rtl/ddrphy/ips2l_ddrphy_data_slice_v1_10.vp(line number: 1283)] Elaborating instance u_iserdes_dq
I: Verilog-0004: [D:/ZGTC/Work/ccc/ipcore/ddr3_test/rtl/ddrphy/ips2l_ddrphy_data_slice_v1_10.vp(line number: 1304)] Elaborating instance u_iobuf_dq
I: Verilog-0004: [D:/ZGTC/Work/ccc/ipcore/ddr3_test/rtl/ddrphy/ips2l_ddrphy_data_slice_v1_10.vp(line number: 1238)] Elaborating instance u_oserdes_dq
I: Verilog-0004: [D:/ZGTC/Work/ccc/ipcore/ddr3_test/rtl/ddrphy/ips2l_ddrphy_data_slice_v1_10.vp(line number: 1262)] Elaborating instance u_iodelay_dq
I: Verilog-0004: [D:/ZGTC/Work/ccc/ipcore/ddr3_test/rtl/ddrphy/ips2l_ddrphy_data_slice_v1_10.vp(line number: 1283)] Elaborating instance u_iserdes_dq
I: Verilog-0004: [D:/ZGTC/Work/ccc/ipcore/ddr3_test/rtl/ddrphy/ips2l_ddrphy_data_slice_v1_10.vp(line number: 1304)] Elaborating instance u_iobuf_dq
I: Verilog-0004: [D:/ZGTC/Work/ccc/ipcore/ddr3_test/rtl/ddrphy/ips2l_ddrphy_data_slice_v1_10.vp(line number: 1238)] Elaborating instance u_oserdes_dq
I: Verilog-0004: [D:/ZGTC/Work/ccc/ipcore/ddr3_test/rtl/ddrphy/ips2l_ddrphy_data_slice_v1_10.vp(line number: 1262)] Elaborating instance u_iodelay_dq
I: Verilog-0004: [D:/ZGTC/Work/ccc/ipcore/ddr3_test/rtl/ddrphy/ips2l_ddrphy_data_slice_v1_10.vp(line number: 1283)] Elaborating instance u_iserdes_dq
I: Verilog-0004: [D:/ZGTC/Work/ccc/ipcore/ddr3_test/rtl/ddrphy/ips2l_ddrphy_data_slice_v1_10.vp(line number: 1304)] Elaborating instance u_iobuf_dq
I: Verilog-0004: [D:/ZGTC/Work/ccc/ipcore/ddr3_test/rtl/ddrphy/ips2l_ddrphy_data_slice_v1_10.vp(line number: 1238)] Elaborating instance u_oserdes_dq
I: Verilog-0004: [D:/ZGTC/Work/ccc/ipcore/ddr3_test/rtl/ddrphy/ips2l_ddrphy_data_slice_v1_10.vp(line number: 1262)] Elaborating instance u_iodelay_dq
I: Verilog-0004: [D:/ZGTC/Work/ccc/ipcore/ddr3_test/rtl/ddrphy/ips2l_ddrphy_data_slice_v1_10.vp(line number: 1283)] Elaborating instance u_iserdes_dq
I: Verilog-0004: [D:/ZGTC/Work/ccc/ipcore/ddr3_test/rtl/ddrphy/ips2l_ddrphy_data_slice_v1_10.vp(line number: 1304)] Elaborating instance u_iobuf_dq
I: Verilog-0004: [D:/ZGTC/Work/ccc/ipcore/ddr3_test/rtl/ddrphy/ips2l_ddrphy_data_slice_v1_10.vp(line number: 1238)] Elaborating instance u_oserdes_dq
I: Verilog-0004: [D:/ZGTC/Work/ccc/ipcore/ddr3_test/rtl/ddrphy/ips2l_ddrphy_data_slice_v1_10.vp(line number: 1262)] Elaborating instance u_iodelay_dq
I: Verilog-0004: [D:/ZGTC/Work/ccc/ipcore/ddr3_test/rtl/ddrphy/ips2l_ddrphy_data_slice_v1_10.vp(line number: 1283)] Elaborating instance u_iserdes_dq
I: Verilog-0004: [D:/ZGTC/Work/ccc/ipcore/ddr3_test/rtl/ddrphy/ips2l_ddrphy_data_slice_v1_10.vp(line number: 1304)] Elaborating instance u_iobuf_dq
I: Verilog-0004: [D:/ZGTC/Work/ccc/ipcore/ddr3_test/rtl/ddrphy/ips2l_ddrphy_data_slice_v1_10.vp(line number: 1238)] Elaborating instance u_oserdes_dq
I: Verilog-0004: [D:/ZGTC/Work/ccc/ipcore/ddr3_test/rtl/ddrphy/ips2l_ddrphy_data_slice_v1_10.vp(line number: 1262)] Elaborating instance u_iodelay_dq
I: Verilog-0004: [D:/ZGTC/Work/ccc/ipcore/ddr3_test/rtl/ddrphy/ips2l_ddrphy_data_slice_v1_10.vp(line number: 1283)] Elaborating instance u_iserdes_dq
I: Verilog-0004: [D:/ZGTC/Work/ccc/ipcore/ddr3_test/rtl/ddrphy/ips2l_ddrphy_data_slice_v1_10.vp(line number: 1304)] Elaborating instance u_iobuf_dq
I: Verilog-0004: [D:/ZGTC/Work/ccc/ipcore/ddr3_test/rtl/ddrphy/ips2l_ddrphy_data_slice_v1_10.vp(line number: 1238)] Elaborating instance u_oserdes_dq
I: Verilog-0004: [D:/ZGTC/Work/ccc/ipcore/ddr3_test/rtl/ddrphy/ips2l_ddrphy_data_slice_v1_10.vp(line number: 1262)] Elaborating instance u_iodelay_dq
I: Verilog-0004: [D:/ZGTC/Work/ccc/ipcore/ddr3_test/rtl/ddrphy/ips2l_ddrphy_data_slice_v1_10.vp(line number: 1283)] Elaborating instance u_iserdes_dq
I: Verilog-0004: [D:/ZGTC/Work/ccc/ipcore/ddr3_test/rtl/ddrphy/ips2l_ddrphy_data_slice_v1_10.vp(line number: 1304)] Elaborating instance u_iobuf_dq
I: Verilog-0004: [D:/ZGTC/Work/ccc/ipcore/ddr3_test/rtl/ddrphy/ips2l_ddrphy_data_slice_v1_10.vp(line number: 1238)] Elaborating instance u_oserdes_dq
I: Verilog-0004: [D:/ZGTC/Work/ccc/ipcore/ddr3_test/rtl/ddrphy/ips2l_ddrphy_data_slice_v1_10.vp(line number: 1262)] Elaborating instance u_iodelay_dq
I: Verilog-0004: [D:/ZGTC/Work/ccc/ipcore/ddr3_test/rtl/ddrphy/ips2l_ddrphy_data_slice_v1_10.vp(line number: 1283)] Elaborating instance u_iserdes_dq
I: Verilog-0004: [D:/ZGTC/Work/ccc/ipcore/ddr3_test/rtl/ddrphy/ips2l_ddrphy_data_slice_v1_10.vp(line number: 1304)] Elaborating instance u_iobuf_dq
I: Verilog-0004: [D:/ZGTC/Work/ccc/ipcore/ddr3_test/rtl/ddrphy/ips2l_ddrphy_data_slice_v1_10.vp(line number: 1336)] Elaborating instance u_oserdes_dm
I: Verilog-0004: [D:/ZGTC/Work/ccc/ipcore/ddr3_test/rtl/ddrphy/ips2l_ddrphy_data_slice_v1_10.vp(line number: 1357)] Elaborating instance u_outbuft_dm
W: Verilog-2023: [D:/ZGTC/Work/ccc/ipcore/ddr3_test/rtl/ddrphy/ips2l_ddrphy_data_slice_v1_10.vp(line number: 1262)] Give initial value 0 for the no drive pin EN_N in module instance hdmi_ddr_ov5640_top/u_ddr3_test_h/u_ddrphy_top/ddrphy_slice_top/i_dqs_group[0].ddrphy_data_slice.dq_loop[0].u_iodelay_dq
W: Verilog-2023: [D:/ZGTC/Work/ccc/ipcore/ddr3_test/rtl/ddrphy/ips2l_ddrphy_data_slice_v1_10.vp(line number: 1262)] Give initial value 0 for the no drive pin EN_N in module instance hdmi_ddr_ov5640_top/u_ddr3_test_h/u_ddrphy_top/ddrphy_slice_top/i_dqs_group[0].ddrphy_data_slice.dq_loop[1].u_iodelay_dq
W: Verilog-2023: [D:/ZGTC/Work/ccc/ipcore/ddr3_test/rtl/ddrphy/ips2l_ddrphy_data_slice_v1_10.vp(line number: 1262)] Give initial value 0 for the no drive pin EN_N in module instance hdmi_ddr_ov5640_top/u_ddr3_test_h/u_ddrphy_top/ddrphy_slice_top/i_dqs_group[0].ddrphy_data_slice.dq_loop[2].u_iodelay_dq
W: Verilog-2023: [D:/ZGTC/Work/ccc/ipcore/ddr3_test/rtl/ddrphy/ips2l_ddrphy_data_slice_v1_10.vp(line number: 1262)] Give initial value 0 for the no drive pin EN_N in module instance hdmi_ddr_ov5640_top/u_ddr3_test_h/u_ddrphy_top/ddrphy_slice_top/i_dqs_group[0].ddrphy_data_slice.dq_loop[3].u_iodelay_dq
W: Verilog-2023: [D:/ZGTC/Work/ccc/ipcore/ddr3_test/rtl/ddrphy/ips2l_ddrphy_data_slice_v1_10.vp(line number: 1262)] Give initial value 0 for the no drive pin EN_N in module instance hdmi_ddr_ov5640_top/u_ddr3_test_h/u_ddrphy_top/ddrphy_slice_top/i_dqs_group[0].ddrphy_data_slice.dq_loop[4].u_iodelay_dq
W: Verilog-2023: [D:/ZGTC/Work/ccc/ipcore/ddr3_test/rtl/ddrphy/ips2l_ddrphy_data_slice_v1_10.vp(line number: 1262)] Give initial value 0 for the no drive pin EN_N in module instance hdmi_ddr_ov5640_top/u_ddr3_test_h/u_ddrphy_top/ddrphy_slice_top/i_dqs_group[0].ddrphy_data_slice.dq_loop[5].u_iodelay_dq
W: Verilog-2023: [D:/ZGTC/Work/ccc/ipcore/ddr3_test/rtl/ddrphy/ips2l_ddrphy_data_slice_v1_10.vp(line number: 1262)] Give initial value 0 for the no drive pin EN_N in module instance hdmi_ddr_ov5640_top/u_ddr3_test_h/u_ddrphy_top/ddrphy_slice_top/i_dqs_group[0].ddrphy_data_slice.dq_loop[6].u_iodelay_dq
W: Verilog-2023: [D:/ZGTC/Work/ccc/ipcore/ddr3_test/rtl/ddrphy/ips2l_ddrphy_data_slice_v1_10.vp(line number: 1262)] Give initial value 0 for the no drive pin EN_N in module instance hdmi_ddr_ov5640_top/u_ddr3_test_h/u_ddrphy_top/ddrphy_slice_top/i_dqs_group[0].ddrphy_data_slice.dq_loop[7].u_iodelay_dq
I: Verilog-0004: [D:/ZGTC/Work/ccc/ipcore/ddr3_test/rtl/ddrphy/ddr3_test_slice_top_v1_10.v(line number: 641)] Elaborating instance ddrphy_data_slice
I: Verilog-0003: [D:/ZGTC/Work/ccc/ipcore/ddr3_test/rtl/ddrphy/ips2l_ddrphy_data_slice_v1_10.vp(line number: 583)] Elaborating module ips2l_ddrphy_data_slice_v1_10
I: Module instance {hdmi_ddr_ov5640_top/u_ddr3_test_h/u_ddrphy_top/ddrphy_slice_top/i_dqs_group[1].ddrphy_data_slice} parameter value:
    DDR_TYPE = 2'b00
    TEST_DATA_PATTERN0 = 64'b0101010110101010010101011010101000001000111101110000100011110111
    TEST_DATA_PATTERN1 = 64'b0111111110011111011111111001111110000000111111101000000011111110
    TEST_DATA_PATTERN2 = 64'b1111000000001111111100000000111100000001111111110000000111111111
    TEST_DATA_PATTERN3 = 64'b1101111110101010110111111010101001010101101010100101010110101010
    GATE_MODE = 1'b1
    SC_LDO_CTRL = 2'b00
    SC_DLY_2X = 1'b1
    WL_MAX_STEP = 8'b11001001
    WL_MAX_CHECK = 5'b11111
    MIN_DQSI_WIN = 9'b000001010
I: Verilog-0004: [D:/ZGTC/Work/ccc/ipcore/ddr3_test/rtl/ddrphy/ddr3_test_slice_top_v1_10.v(line number: 641)] Elaborating instance ddrphy_data_slice
I: Verilog-0003: [D:/ZGTC/Work/ccc/ipcore/ddr3_test/rtl/ddrphy/ips2l_ddrphy_data_slice_v1_10.vp(line number: 583)] Elaborating module ips2l_ddrphy_data_slice_v1_10
I: Module instance {hdmi_ddr_ov5640_top/u_ddr3_test_h/u_ddrphy_top/ddrphy_slice_top/i_dqs_group[2].ddrphy_data_slice} parameter value:
    DDR_TYPE = 2'b00
    TEST_DATA_PATTERN0 = 64'b0101010110101010010101011010101000001000111101110000100011110111
    TEST_DATA_PATTERN1 = 64'b0111111110011111011111111001111110000000111111101000000011111110
    TEST_DATA_PATTERN2 = 64'b1111000000001111111100000000111100000001111111110000000111111111
    TEST_DATA_PATTERN3 = 64'b1101111110101010110111111010101001010101101010100101010110101010
    GATE_MODE = 1'b1
    SC_LDO_CTRL = 2'b00
    SC_DLY_2X = 1'b1
    WL_MAX_STEP = 8'b11001001
    WL_MAX_CHECK = 5'b11111
    MIN_DQSI_WIN = 9'b000001010
I: Verilog-0004: [D:/ZGTC/Work/ccc/ipcore/ddr3_test/rtl/ddrphy/ddr3_test_slice_top_v1_10.v(line number: 641)] Elaborating instance ddrphy_data_slice
I: Verilog-0003: [D:/ZGTC/Work/ccc/ipcore/ddr3_test/rtl/ddrphy/ips2l_ddrphy_data_slice_v1_10.vp(line number: 583)] Elaborating module ips2l_ddrphy_data_slice_v1_10
I: Module instance {hdmi_ddr_ov5640_top/u_ddr3_test_h/u_ddrphy_top/ddrphy_slice_top/i_dqs_group[3].ddrphy_data_slice} parameter value:
    DDR_TYPE = 2'b00
    TEST_DATA_PATTERN0 = 64'b0101010110101010010101011010101000001000111101110000100011110111
    TEST_DATA_PATTERN1 = 64'b0111111110011111011111111001111110000000111111101000000011111110
    TEST_DATA_PATTERN2 = 64'b1111000000001111111100000000111100000001111111110000000111111111
    TEST_DATA_PATTERN3 = 64'b1101111110101010110111111010101001010101101010100101010110101010
    GATE_MODE = 1'b1
    SC_LDO_CTRL = 2'b00
    SC_DLY_2X = 1'b1
    WL_MAX_STEP = 8'b11001001
    WL_MAX_CHECK = 5'b11111
    MIN_DQSI_WIN = 9'b000001010
I: Verilog-0004: [D:/ZGTC/Work/ccc/ipcore/ddr3_test/rtl/ddrphy/ddr3_test_slice_top_v1_10.v(line number: 752)] Elaborating instance ddrphy_slice_rddata_align
I: Verilog-0003: [D:/ZGTC/Work/ccc/ipcore/ddr3_test/rtl/ddrphy/ips2l_ddrphy_slice_rddata_align_v1_0.vp(line number: 108)] Elaborating module ips2l_ddrphy_slice_rddata_align_v1_0
I: Module instance {hdmi_ddr_ov5640_top/u_ddr3_test_h/u_ddrphy_top/ddrphy_slice_top/ddrphy_slice_rddata_align} parameter value:
    MEM_DQ_WIDTH = 32'b00000000000000000000000000100000
    MEM_DQS_WIDTH = 32'b00000000000000000000000000000100
I: Verilog-0004: [D:/ZGTC/Work/ccc/ipcore/ddr3_test/rtl/ddrphy/ddr3_test_slice_top_v1_10.v(line number: 769)] Elaborating instance ddrphy_control_path_adj
I: Verilog-0003: [D:/ZGTC/Work/ccc/ipcore/ddr3_test/rtl/ddrphy/ips2l_ddrphy_control_path_adj_v1_10.vp(line number: 134)] Elaborating module ips2l_ddrphy_control_path_adj_v1_10
I: Module instance {hdmi_ddr_ov5640_top/u_ddr3_test_h/u_ddrphy_top/ddrphy_slice_top/ddrphy_control_path_adj} parameter value:
    DDR_TYPE = 2'b00
    MEM_ADDR_WIDTH = 32'b00000000000000000000000000001111
    MEM_BANKADDR_WIDTH = 32'b00000000000000000000000000000011
    SLIP_BIT_NUM = 2'b01
I: Verilog-0004: [D:/ZGTC/Work/ccc/ipcore/ddr3_test/rtl/ddrphy/ddr3_test_slice_top_v1_10.v(line number: 807)] Elaborating instance u_ddc_ca
I: Verilog-0004: [D:/ZGTC/Work/ccc/ipcore/ddr3_test/rtl/ddrphy/ddr3_test_slice_top_v1_10.v(line number: 859)] Elaborating instance u_tserdes_ca0
I: Verilog-0004: [D:/ZGTC/Work/ccc/ipcore/ddr3_test/rtl/ddrphy/ddr3_test_slice_top_v1_10.v(line number: 901)] Elaborating instance u_tserdes_ca1
I: Verilog-0004: [D:/ZGTC/Work/ccc/ipcore/ddr3_test/rtl/ddrphy/ddr3_test_slice_top_v1_10.v(line number: 807)] Elaborating instance u_ddc_ca
I: Verilog-0004: [D:/ZGTC/Work/ccc/ipcore/ddr3_test/rtl/ddrphy/ddr3_test_slice_top_v1_10.v(line number: 859)] Elaborating instance u_tserdes_ca0
I: Verilog-0004: [D:/ZGTC/Work/ccc/ipcore/ddr3_test/rtl/ddrphy/ddr3_test_slice_top_v1_10.v(line number: 901)] Elaborating instance u_tserdes_ca1
I: Verilog-0004: [D:/ZGTC/Work/ccc/ipcore/ddr3_test/rtl/ddrphy/ddr3_test_slice_top_v1_10.v(line number: 807)] Elaborating instance u_ddc_ca
I: Verilog-0004: [D:/ZGTC/Work/ccc/ipcore/ddr3_test/rtl/ddrphy/ddr3_test_slice_top_v1_10.v(line number: 859)] Elaborating instance u_tserdes_ca0
I: Verilog-0004: [D:/ZGTC/Work/ccc/ipcore/ddr3_test/rtl/ddrphy/ddr3_test_slice_top_v1_10.v(line number: 901)] Elaborating instance u_tserdes_ca1
I: Verilog-0004: [D:/ZGTC/Work/ccc/ipcore/ddr3_test/rtl/ddrphy/ddr3_test_slice_top_v1_10.v(line number: 946)] Elaborating instance u_oserdes_ck
I: Verilog-0004: [D:/ZGTC/Work/ccc/ipcore/ddr3_test/rtl/ddrphy/ddr3_test_slice_top_v1_10.v(line number: 981)] Elaborating instance u_iodelay_dq
I: Verilog-0004: [D:/ZGTC/Work/ccc/ipcore/ddr3_test/rtl/ddrphy/ddr3_test_slice_top_v1_10.v(line number: 988)] Elaborating instance u_outbuftco_ck
I: Verilog-0004: [D:/ZGTC/Work/ccc/ipcore/ddr3_test/rtl/ddrphy/ddr3_test_slice_top_v1_10.v(line number: 1018)] Elaborating instance u_oserdes_odt
I: Verilog-0004: [D:/ZGTC/Work/ccc/ipcore/ddr3_test/rtl/ddrphy/ddr3_test_slice_top_v1_10.v(line number: 1042)] Elaborating instance u_odelay_odt
I: Verilog-0004: [D:/ZGTC/Work/ccc/ipcore/ddr3_test/rtl/ddrphy/ddr3_test_slice_top_v1_10.v(line number: 1049)] Elaborating instance u_outbuft_odt
I: Verilog-0004: [D:/ZGTC/Work/ccc/ipcore/ddr3_test/rtl/ddrphy/ddr3_test_slice_top_v1_10.v(line number: 1077)] Elaborating instance u_oserdes_csn
I: Verilog-0004: [D:/ZGTC/Work/ccc/ipcore/ddr3_test/rtl/ddrphy/ddr3_test_slice_top_v1_10.v(line number: 1101)] Elaborating instance u_odelay_csn
I: Verilog-0004: [D:/ZGTC/Work/ccc/ipcore/ddr3_test/rtl/ddrphy/ddr3_test_slice_top_v1_10.v(line number: 1108)] Elaborating instance u_outbuft_csn
I: Verilog-0004: [D:/ZGTC/Work/ccc/ipcore/ddr3_test/rtl/ddrphy/ddr3_test_slice_top_v1_10.v(line number: 1136)] Elaborating instance u_oserdes_rasn
I: Verilog-0004: [D:/ZGTC/Work/ccc/ipcore/ddr3_test/rtl/ddrphy/ddr3_test_slice_top_v1_10.v(line number: 1160)] Elaborating instance u_odelay_rasn
I: Verilog-0004: [D:/ZGTC/Work/ccc/ipcore/ddr3_test/rtl/ddrphy/ddr3_test_slice_top_v1_10.v(line number: 1167)] Elaborating instance u_outbuft_rasn
I: Verilog-0004: [D:/ZGTC/Work/ccc/ipcore/ddr3_test/rtl/ddrphy/ddr3_test_slice_top_v1_10.v(line number: 1196)] Elaborating instance u_oserdes_casn
I: Verilog-0004: [D:/ZGTC/Work/ccc/ipcore/ddr3_test/rtl/ddrphy/ddr3_test_slice_top_v1_10.v(line number: 1220)] Elaborating instance u_odelay_casn
I: Verilog-0004: [D:/ZGTC/Work/ccc/ipcore/ddr3_test/rtl/ddrphy/ddr3_test_slice_top_v1_10.v(line number: 1227)] Elaborating instance u_outbuft_casn
I: Verilog-0004: [D:/ZGTC/Work/ccc/ipcore/ddr3_test/rtl/ddrphy/ddr3_test_slice_top_v1_10.v(line number: 1255)] Elaborating instance u_oserdes_wen
I: Verilog-0004: [D:/ZGTC/Work/ccc/ipcore/ddr3_test/rtl/ddrphy/ddr3_test_slice_top_v1_10.v(line number: 1279)] Elaborating instance u_odelay_wen
I: Verilog-0004: [D:/ZGTC/Work/ccc/ipcore/ddr3_test/rtl/ddrphy/ddr3_test_slice_top_v1_10.v(line number: 1286)] Elaborating instance u_outbuft_wen
I: Verilog-0004: [D:/ZGTC/Work/ccc/ipcore/ddr3_test/rtl/ddrphy/ddr3_test_slice_top_v1_10.v(line number: 1315)] Elaborating instance u_oserdes_cke
I: Verilog-0004: [D:/ZGTC/Work/ccc/ipcore/ddr3_test/rtl/ddrphy/ddr3_test_slice_top_v1_10.v(line number: 1339)] Elaborating instance u_odelay_cke
I: Verilog-0004: [D:/ZGTC/Work/ccc/ipcore/ddr3_test/rtl/ddrphy/ddr3_test_slice_top_v1_10.v(line number: 1346)] Elaborating instance u_outbuft_cke
I: Verilog-0004: [D:/ZGTC/Work/ccc/ipcore/ddr3_test/rtl/ddrphy/ddr3_test_slice_top_v1_10.v(line number: 1381)] Elaborating instance u_oserdes_addr
I: Verilog-0004: [D:/ZGTC/Work/ccc/ipcore/ddr3_test/rtl/ddrphy/ddr3_test_slice_top_v1_10.v(line number: 1405)] Elaborating instance u_odelay_addr
I: Verilog-0004: [D:/ZGTC/Work/ccc/ipcore/ddr3_test/rtl/ddrphy/ddr3_test_slice_top_v1_10.v(line number: 1412)] Elaborating instance u_outbuft_addr0
I: Verilog-0004: [D:/ZGTC/Work/ccc/ipcore/ddr3_test/rtl/ddrphy/ddr3_test_slice_top_v1_10.v(line number: 1381)] Elaborating instance u_oserdes_addr
I: Verilog-0004: [D:/ZGTC/Work/ccc/ipcore/ddr3_test/rtl/ddrphy/ddr3_test_slice_top_v1_10.v(line number: 1405)] Elaborating instance u_odelay_addr
I: Verilog-0004: [D:/ZGTC/Work/ccc/ipcore/ddr3_test/rtl/ddrphy/ddr3_test_slice_top_v1_10.v(line number: 1412)] Elaborating instance u_outbuft_addr0
I: Verilog-0004: [D:/ZGTC/Work/ccc/ipcore/ddr3_test/rtl/ddrphy/ddr3_test_slice_top_v1_10.v(line number: 1381)] Elaborating instance u_oserdes_addr
I: Verilog-0004: [D:/ZGTC/Work/ccc/ipcore/ddr3_test/rtl/ddrphy/ddr3_test_slice_top_v1_10.v(line number: 1405)] Elaborating instance u_odelay_addr
I: Verilog-0004: [D:/ZGTC/Work/ccc/ipcore/ddr3_test/rtl/ddrphy/ddr3_test_slice_top_v1_10.v(line number: 1412)] Elaborating instance u_outbuft_addr0
I: Verilog-0004: [D:/ZGTC/Work/ccc/ipcore/ddr3_test/rtl/ddrphy/ddr3_test_slice_top_v1_10.v(line number: 1381)] Elaborating instance u_oserdes_addr
I: Verilog-0004: [D:/ZGTC/Work/ccc/ipcore/ddr3_test/rtl/ddrphy/ddr3_test_slice_top_v1_10.v(line number: 1405)] Elaborating instance u_odelay_addr
I: Verilog-0004: [D:/ZGTC/Work/ccc/ipcore/ddr3_test/rtl/ddrphy/ddr3_test_slice_top_v1_10.v(line number: 1412)] Elaborating instance u_outbuft_addr0
I: Verilog-0004: [D:/ZGTC/Work/ccc/ipcore/ddr3_test/rtl/ddrphy/ddr3_test_slice_top_v1_10.v(line number: 1381)] Elaborating instance u_oserdes_addr
I: Verilog-0004: [D:/ZGTC/Work/ccc/ipcore/ddr3_test/rtl/ddrphy/ddr3_test_slice_top_v1_10.v(line number: 1405)] Elaborating instance u_odelay_addr
I: Verilog-0004: [D:/ZGTC/Work/ccc/ipcore/ddr3_test/rtl/ddrphy/ddr3_test_slice_top_v1_10.v(line number: 1412)] Elaborating instance u_outbuft_addr0
I: Verilog-0004: [D:/ZGTC/Work/ccc/ipcore/ddr3_test/rtl/ddrphy/ddr3_test_slice_top_v1_10.v(line number: 1381)] Elaborating instance u_oserdes_addr
I: Verilog-0004: [D:/ZGTC/Work/ccc/ipcore/ddr3_test/rtl/ddrphy/ddr3_test_slice_top_v1_10.v(line number: 1405)] Elaborating instance u_odelay_addr
I: Verilog-0004: [D:/ZGTC/Work/ccc/ipcore/ddr3_test/rtl/ddrphy/ddr3_test_slice_top_v1_10.v(line number: 1412)] Elaborating instance u_outbuft_addr0
I: Verilog-0004: [D:/ZGTC/Work/ccc/ipcore/ddr3_test/rtl/ddrphy/ddr3_test_slice_top_v1_10.v(line number: 1381)] Elaborating instance u_oserdes_addr
I: Verilog-0004: [D:/ZGTC/Work/ccc/ipcore/ddr3_test/rtl/ddrphy/ddr3_test_slice_top_v1_10.v(line number: 1405)] Elaborating instance u_odelay_addr
I: Verilog-0004: [D:/ZGTC/Work/ccc/ipcore/ddr3_test/rtl/ddrphy/ddr3_test_slice_top_v1_10.v(line number: 1412)] Elaborating instance u_outbuft_addr0
I: Verilog-0004: [D:/ZGTC/Work/ccc/ipcore/ddr3_test/rtl/ddrphy/ddr3_test_slice_top_v1_10.v(line number: 1381)] Elaborating instance u_oserdes_addr
I: Verilog-0004: [D:/ZGTC/Work/ccc/ipcore/ddr3_test/rtl/ddrphy/ddr3_test_slice_top_v1_10.v(line number: 1405)] Elaborating instance u_odelay_addr
I: Verilog-0004: [D:/ZGTC/Work/ccc/ipcore/ddr3_test/rtl/ddrphy/ddr3_test_slice_top_v1_10.v(line number: 1412)] Elaborating instance u_outbuft_addr0
I: Verilog-0004: [D:/ZGTC/Work/ccc/ipcore/ddr3_test/rtl/ddrphy/ddr3_test_slice_top_v1_10.v(line number: 1381)] Elaborating instance u_oserdes_addr
I: Verilog-0004: [D:/ZGTC/Work/ccc/ipcore/ddr3_test/rtl/ddrphy/ddr3_test_slice_top_v1_10.v(line number: 1405)] Elaborating instance u_odelay_addr
I: Verilog-0004: [D:/ZGTC/Work/ccc/ipcore/ddr3_test/rtl/ddrphy/ddr3_test_slice_top_v1_10.v(line number: 1412)] Elaborating instance u_outbuft_addr0
I: Verilog-0004: [D:/ZGTC/Work/ccc/ipcore/ddr3_test/rtl/ddrphy/ddr3_test_slice_top_v1_10.v(line number: 1381)] Elaborating instance u_oserdes_addr
I: Verilog-0004: [D:/ZGTC/Work/ccc/ipcore/ddr3_test/rtl/ddrphy/ddr3_test_slice_top_v1_10.v(line number: 1405)] Elaborating instance u_odelay_addr
I: Verilog-0004: [D:/ZGTC/Work/ccc/ipcore/ddr3_test/rtl/ddrphy/ddr3_test_slice_top_v1_10.v(line number: 1412)] Elaborating instance u_outbuft_addr0
I: Verilog-0004: [D:/ZGTC/Work/ccc/ipcore/ddr3_test/rtl/ddrphy/ddr3_test_slice_top_v1_10.v(line number: 1381)] Elaborating instance u_oserdes_addr
I: Verilog-0004: [D:/ZGTC/Work/ccc/ipcore/ddr3_test/rtl/ddrphy/ddr3_test_slice_top_v1_10.v(line number: 1405)] Elaborating instance u_odelay_addr
I: Verilog-0004: [D:/ZGTC/Work/ccc/ipcore/ddr3_test/rtl/ddrphy/ddr3_test_slice_top_v1_10.v(line number: 1412)] Elaborating instance u_outbuft_addr0
I: Verilog-0004: [D:/ZGTC/Work/ccc/ipcore/ddr3_test/rtl/ddrphy/ddr3_test_slice_top_v1_10.v(line number: 1381)] Elaborating instance u_oserdes_addr
I: Verilog-0004: [D:/ZGTC/Work/ccc/ipcore/ddr3_test/rtl/ddrphy/ddr3_test_slice_top_v1_10.v(line number: 1405)] Elaborating instance u_odelay_addr
I: Verilog-0004: [D:/ZGTC/Work/ccc/ipcore/ddr3_test/rtl/ddrphy/ddr3_test_slice_top_v1_10.v(line number: 1412)] Elaborating instance u_outbuft_addr0
I: Verilog-0004: [D:/ZGTC/Work/ccc/ipcore/ddr3_test/rtl/ddrphy/ddr3_test_slice_top_v1_10.v(line number: 1381)] Elaborating instance u_oserdes_addr
I: Verilog-0004: [D:/ZGTC/Work/ccc/ipcore/ddr3_test/rtl/ddrphy/ddr3_test_slice_top_v1_10.v(line number: 1405)] Elaborating instance u_odelay_addr
I: Verilog-0004: [D:/ZGTC/Work/ccc/ipcore/ddr3_test/rtl/ddrphy/ddr3_test_slice_top_v1_10.v(line number: 1412)] Elaborating instance u_outbuft_addr0
I: Verilog-0004: [D:/ZGTC/Work/ccc/ipcore/ddr3_test/rtl/ddrphy/ddr3_test_slice_top_v1_10.v(line number: 1381)] Elaborating instance u_oserdes_addr
I: Verilog-0004: [D:/ZGTC/Work/ccc/ipcore/ddr3_test/rtl/ddrphy/ddr3_test_slice_top_v1_10.v(line number: 1405)] Elaborating instance u_odelay_addr
I: Verilog-0004: [D:/ZGTC/Work/ccc/ipcore/ddr3_test/rtl/ddrphy/ddr3_test_slice_top_v1_10.v(line number: 1412)] Elaborating instance u_outbuft_addr0
I: Verilog-0004: [D:/ZGTC/Work/ccc/ipcore/ddr3_test/rtl/ddrphy/ddr3_test_slice_top_v1_10.v(line number: 1381)] Elaborating instance u_oserdes_addr
I: Verilog-0004: [D:/ZGTC/Work/ccc/ipcore/ddr3_test/rtl/ddrphy/ddr3_test_slice_top_v1_10.v(line number: 1405)] Elaborating instance u_odelay_addr
I: Verilog-0004: [D:/ZGTC/Work/ccc/ipcore/ddr3_test/rtl/ddrphy/ddr3_test_slice_top_v1_10.v(line number: 1412)] Elaborating instance u_outbuft_addr0
I: Verilog-0004: [D:/ZGTC/Work/ccc/ipcore/ddr3_test/rtl/ddrphy/ddr3_test_slice_top_v1_10.v(line number: 1446)] Elaborating instance u_oserdes_ba
I: Verilog-0004: [D:/ZGTC/Work/ccc/ipcore/ddr3_test/rtl/ddrphy/ddr3_test_slice_top_v1_10.v(line number: 1470)] Elaborating instance u_odelay_ba
I: Verilog-0004: [D:/ZGTC/Work/ccc/ipcore/ddr3_test/rtl/ddrphy/ddr3_test_slice_top_v1_10.v(line number: 1477)] Elaborating instance u_outbuft_ba
I: Verilog-0004: [D:/ZGTC/Work/ccc/ipcore/ddr3_test/rtl/ddrphy/ddr3_test_slice_top_v1_10.v(line number: 1446)] Elaborating instance u_oserdes_ba
I: Verilog-0004: [D:/ZGTC/Work/ccc/ipcore/ddr3_test/rtl/ddrphy/ddr3_test_slice_top_v1_10.v(line number: 1470)] Elaborating instance u_odelay_ba
I: Verilog-0004: [D:/ZGTC/Work/ccc/ipcore/ddr3_test/rtl/ddrphy/ddr3_test_slice_top_v1_10.v(line number: 1477)] Elaborating instance u_outbuft_ba
I: Verilog-0004: [D:/ZGTC/Work/ccc/ipcore/ddr3_test/rtl/ddrphy/ddr3_test_slice_top_v1_10.v(line number: 1446)] Elaborating instance u_oserdes_ba
I: Verilog-0004: [D:/ZGTC/Work/ccc/ipcore/ddr3_test/rtl/ddrphy/ddr3_test_slice_top_v1_10.v(line number: 1470)] Elaborating instance u_odelay_ba
I: Verilog-0004: [D:/ZGTC/Work/ccc/ipcore/ddr3_test/rtl/ddrphy/ddr3_test_slice_top_v1_10.v(line number: 1477)] Elaborating instance u_outbuft_ba
W: Verilog-2023: [D:/ZGTC/Work/ccc/ipcore/ddr3_test/rtl/ddrphy/ddr3_test_slice_top_v1_10.v(line number: 981)] Give initial value 0 for the no drive pin EN_N in module instance hdmi_ddr_ov5640_top/u_ddr3_test_h/u_ddrphy_top/ddrphy_slice_top.u_iodelay_dq
W: Verilog-2023: [D:/ZGTC/Work/ccc/ipcore/ddr3_test/rtl/ddrphy/ddr3_test_slice_top_v1_10.v(line number: 1042)] Give initial value 0 for the no drive pin EN_N in module instance hdmi_ddr_ov5640_top/u_ddr3_test_h/u_ddrphy_top/ddrphy_slice_top.u_odelay_odt
W: Verilog-2023: [D:/ZGTC/Work/ccc/ipcore/ddr3_test/rtl/ddrphy/ddr3_test_slice_top_v1_10.v(line number: 1101)] Give initial value 0 for the no drive pin EN_N in module instance hdmi_ddr_ov5640_top/u_ddr3_test_h/u_ddrphy_top/ddrphy_slice_top.u_odelay_csn
W: Verilog-2023: [D:/ZGTC/Work/ccc/ipcore/ddr3_test/rtl/ddrphy/ddr3_test_slice_top_v1_10.v(line number: 1160)] Give initial value 0 for the no drive pin EN_N in module instance hdmi_ddr_ov5640_top/u_ddr3_test_h/u_ddrphy_top/ddrphy_slice_top.u_odelay_rasn
W: Verilog-2023: [D:/ZGTC/Work/ccc/ipcore/ddr3_test/rtl/ddrphy/ddr3_test_slice_top_v1_10.v(line number: 1220)] Give initial value 0 for the no drive pin EN_N in module instance hdmi_ddr_ov5640_top/u_ddr3_test_h/u_ddrphy_top/ddrphy_slice_top.u_odelay_casn
W: Verilog-2023: [D:/ZGTC/Work/ccc/ipcore/ddr3_test/rtl/ddrphy/ddr3_test_slice_top_v1_10.v(line number: 1279)] Give initial value 0 for the no drive pin EN_N in module instance hdmi_ddr_ov5640_top/u_ddr3_test_h/u_ddrphy_top/ddrphy_slice_top.u_odelay_wen
W: Verilog-2023: [D:/ZGTC/Work/ccc/ipcore/ddr3_test/rtl/ddrphy/ddr3_test_slice_top_v1_10.v(line number: 1339)] Give initial value 0 for the no drive pin EN_N in module instance hdmi_ddr_ov5640_top/u_ddr3_test_h/u_ddrphy_top/ddrphy_slice_top.u_odelay_cke
W: Verilog-2023: [D:/ZGTC/Work/ccc/ipcore/ddr3_test/rtl/ddrphy/ddr3_test_slice_top_v1_10.v(line number: 1405)] Give initial value 0 for the no drive pin EN_N in module instance hdmi_ddr_ov5640_top/u_ddr3_test_h/u_ddrphy_top/ddrphy_slice_top.i_mem_addr_0[0].u_odelay_addr
W: Verilog-2023: [D:/ZGTC/Work/ccc/ipcore/ddr3_test/rtl/ddrphy/ddr3_test_slice_top_v1_10.v(line number: 1405)] Give initial value 0 for the no drive pin EN_N in module instance hdmi_ddr_ov5640_top/u_ddr3_test_h/u_ddrphy_top/ddrphy_slice_top.i_mem_addr_0[1].u_odelay_addr
W: Verilog-2023: [D:/ZGTC/Work/ccc/ipcore/ddr3_test/rtl/ddrphy/ddr3_test_slice_top_v1_10.v(line number: 1405)] Give initial value 0 for the no drive pin EN_N in module instance hdmi_ddr_ov5640_top/u_ddr3_test_h/u_ddrphy_top/ddrphy_slice_top.i_mem_addr_0[2].u_odelay_addr
W: Verilog-2023: [D:/ZGTC/Work/ccc/ipcore/ddr3_test/rtl/ddrphy/ddr3_test_slice_top_v1_10.v(line number: 1405)] Give initial value 0 for the no drive pin EN_N in module instance hdmi_ddr_ov5640_top/u_ddr3_test_h/u_ddrphy_top/ddrphy_slice_top.i_mem_addr_0[3].u_odelay_addr
W: Verilog-2023: [D:/ZGTC/Work/ccc/ipcore/ddr3_test/rtl/ddrphy/ddr3_test_slice_top_v1_10.v(line number: 1405)] Give initial value 0 for the no drive pin EN_N in module instance hdmi_ddr_ov5640_top/u_ddr3_test_h/u_ddrphy_top/ddrphy_slice_top.i_mem_addr_0[4].u_odelay_addr
W: Verilog-2023: [D:/ZGTC/Work/ccc/ipcore/ddr3_test/rtl/ddrphy/ddr3_test_slice_top_v1_10.v(line number: 1405)] Give initial value 0 for the no drive pin EN_N in module instance hdmi_ddr_ov5640_top/u_ddr3_test_h/u_ddrphy_top/ddrphy_slice_top.i_mem_addr_0[5].u_odelay_addr
W: Verilog-2023: [D:/ZGTC/Work/ccc/ipcore/ddr3_test/rtl/ddrphy/ddr3_test_slice_top_v1_10.v(line number: 1405)] Give initial value 0 for the no drive pin EN_N in module instance hdmi_ddr_ov5640_top/u_ddr3_test_h/u_ddrphy_top/ddrphy_slice_top.i_mem_addr_0[6].u_odelay_addr
W: Verilog-2023: [D:/ZGTC/Work/ccc/ipcore/ddr3_test/rtl/ddrphy/ddr3_test_slice_top_v1_10.v(line number: 1405)] Give initial value 0 for the no drive pin EN_N in module instance hdmi_ddr_ov5640_top/u_ddr3_test_h/u_ddrphy_top/ddrphy_slice_top.i_mem_addr_0[7].u_odelay_addr
W: Verilog-2023: [D:/ZGTC/Work/ccc/ipcore/ddr3_test/rtl/ddrphy/ddr3_test_slice_top_v1_10.v(line number: 1405)] Give initial value 0 for the no drive pin EN_N in module instance hdmi_ddr_ov5640_top/u_ddr3_test_h/u_ddrphy_top/ddrphy_slice_top.i_mem_addr_0[8].u_odelay_addr
W: Verilog-2023: [D:/ZGTC/Work/ccc/ipcore/ddr3_test/rtl/ddrphy/ddr3_test_slice_top_v1_10.v(line number: 1405)] Give initial value 0 for the no drive pin EN_N in module instance hdmi_ddr_ov5640_top/u_ddr3_test_h/u_ddrphy_top/ddrphy_slice_top.i_mem_addr_0[9].u_odelay_addr
W: Verilog-2023: [D:/ZGTC/Work/ccc/ipcore/ddr3_test/rtl/ddrphy/ddr3_test_slice_top_v1_10.v(line number: 1405)] Give initial value 0 for the no drive pin EN_N in module instance hdmi_ddr_ov5640_top/u_ddr3_test_h/u_ddrphy_top/ddrphy_slice_top.i_mem_addr_0[10].u_odelay_addr
W: Verilog-2023: [D:/ZGTC/Work/ccc/ipcore/ddr3_test/rtl/ddrphy/ddr3_test_slice_top_v1_10.v(line number: 1405)] Give initial value 0 for the no drive pin EN_N in module instance hdmi_ddr_ov5640_top/u_ddr3_test_h/u_ddrphy_top/ddrphy_slice_top.i_mem_addr_0[11].u_odelay_addr
W: Verilog-2023: [D:/ZGTC/Work/ccc/ipcore/ddr3_test/rtl/ddrphy/ddr3_test_slice_top_v1_10.v(line number: 1405)] Give initial value 0 for the no drive pin EN_N in module instance hdmi_ddr_ov5640_top/u_ddr3_test_h/u_ddrphy_top/ddrphy_slice_top.i_mem_addr_0[12].u_odelay_addr
W: Verilog-2023: [D:/ZGTC/Work/ccc/ipcore/ddr3_test/rtl/ddrphy/ddr3_test_slice_top_v1_10.v(line number: 1405)] Give initial value 0 for the no drive pin EN_N in module instance hdmi_ddr_ov5640_top/u_ddr3_test_h/u_ddrphy_top/ddrphy_slice_top.i_mem_addr_0[13].u_odelay_addr
W: Verilog-2023: [D:/ZGTC/Work/ccc/ipcore/ddr3_test/rtl/ddrphy/ddr3_test_slice_top_v1_10.v(line number: 1405)] Give initial value 0 for the no drive pin EN_N in module instance hdmi_ddr_ov5640_top/u_ddr3_test_h/u_ddrphy_top/ddrphy_slice_top.i_mem_addr_0[14].u_odelay_addr
W: Verilog-2023: [D:/ZGTC/Work/ccc/ipcore/ddr3_test/rtl/ddrphy/ddr3_test_slice_top_v1_10.v(line number: 1470)] Give initial value 0 for the no drive pin EN_N in module instance hdmi_ddr_ov5640_top/u_ddr3_test_h/u_ddrphy_top/ddrphy_slice_top.k_mem_ba[0].u_odelay_ba
W: Verilog-2023: [D:/ZGTC/Work/ccc/ipcore/ddr3_test/rtl/ddrphy/ddr3_test_slice_top_v1_10.v(line number: 1470)] Give initial value 0 for the no drive pin EN_N in module instance hdmi_ddr_ov5640_top/u_ddr3_test_h/u_ddrphy_top/ddrphy_slice_top.k_mem_ba[1].u_odelay_ba
W: Verilog-2023: [D:/ZGTC/Work/ccc/ipcore/ddr3_test/rtl/ddrphy/ddr3_test_slice_top_v1_10.v(line number: 1470)] Give initial value 0 for the no drive pin EN_N in module instance hdmi_ddr_ov5640_top/u_ddr3_test_h/u_ddrphy_top/ddrphy_slice_top.k_mem_ba[2].u_odelay_ba
I: Verilog-0004: [D:/ZGTC/Work/ccc/ipcore/ddr3_test/ddr3_test_ddrphy_top.v(line number: 947)] Elaborating instance ddrphy_dfi
I: Verilog-0003: [D:/ZGTC/Work/ccc/ipcore/ddr3_test/rtl/ddrphy/ips2l_ddrphy_dfi_v1_3.vp(line number: 320)] Elaborating module ips2l_ddrphy_dfi_v1_3
I: Module instance {hdmi_ddr_ov5640_top/u_ddr3_test_h/u_ddrphy_top/ddrphy_dfi} parameter value:
    DDR_TYPE = 2'b00
    MEM_ADDR_WIDTH = 32'b00000000000000000000000000001111
    MEM_BANKADDR_WIDTH = 32'b00000000000000000000000000000011
    MEM_DQ_WIDTH = 32'b00000000000000000000000000100000
    MEM_DQS_WIDTH = 32'b00000000000000000000000000000100
    MEM_DM_WIDTH = 32'b00000000000000000000000000000100
I: Verilog-0004: [D:/ZGTC/Work/ccc/ipcore/ddr3_test/ddr3_test_ddrphy_top.v(line number: 1019)] Elaborating instance ddrphy_info
I: Verilog-0003: [D:/ZGTC/Work/ccc/ipcore/ddr3_test/rtl/ddrphy/ips2l_ddrphy_info_v1_0.vp(line number: 174)] Elaborating module ips2l_ddrphy_info_v1_0
I: Module instance {hdmi_ddr_ov5640_top/u_ddr3_test_h/u_ddrphy_top/ddrphy_info} parameter value:
    DDR_TYPE = 2'b00
    MEM_ADDR_WIDTH = 32'b00000000000000000000000000001111
    MEM_BANKADDR_WIDTH = 32'b00000000000000000000000000000011
    MR0_DDR3 = 16'b0001100100110000
    MR1_DDR3 = 16'b0000000000010100
    MR2_DDR3 = 16'b0000000000001000
    MR3_DDR3 = 16'b0000000000000000
    MR_DDR2 = 16'b0000101101000011
    EMR1_DDR2 = 16'b0000000000010100
    EMR2_DDR2 = 16'b0000000000000000
    EMR3_DDR2 = 16'b0000000000000000
    MR_LPDDR = 16'b0000000000100011
    EMR_LPDDR = 16'b0000000000000000
W: Verilog-2023: [D:/ZGTC/Work/ccc/ipcore/ddr3_test/ddr3_test.v(line number: 323)] Give initial value 0 for the no drive pin ddr_zqcs_req in module instance hdmi_ddr_ov5640_top/u_ddr3_test_h.u_ips_ddrc_top
W: Verilog-2019: [D:/ZGTC/Work/ccc/source/aaa_top/hdmi_ddr_ov5640_top.v(line number: 752)] Width mismatch between port axi_awlen and signal bound to it for instantiated module ddr3_test
W: Verilog-2019: [D:/ZGTC/Work/ccc/source/aaa_top/hdmi_ddr_ov5640_top.v(line number: 752)] Width mismatch between port axi_arlen and signal bound to it for instantiated module ddr3_test
I: Verilog-0004: [D:/ZGTC/Work/ccc/source/aaa_top/hdmi_ddr_ov5640_top.v(line number: 862)] Elaborating instance sync_vg
I: Verilog-0003: [D:/ZGTC/Work/ccc/source/aaa_video_process/sync_vg.v(line number: 37)] Elaborating module sync_vg
I: Module instance {hdmi_ddr_ov5640_top/sync_vg} parameter value:
    X_BITS = 32'b00000000000000000000000000001100
    Y_BITS = 32'b00000000000000000000000000001100
    V_TOTAL = 12'b010001100101
    V_FP = 12'b000000000100
    V_BP = 12'b000000100100
    V_SYNC = 12'b000000000101
    V_ACT = 12'b010000111000
    H_TOTAL = 12'b100010011000
    H_FP = 12'b000001011000
    H_BP = 12'b000010010100
    H_SYNC = 12'b000000101100
    H_ACT = 12'b011110000000
    HV_OFFSET = 12'b000000000000
I: Verilog-0004: [D:/ZGTC/Work/ccc/source/aaa_top/hdmi_ddr_ov5640_top.v(line number: 876)] Elaborating instance hdmi_video_zoom
I: Verilog-0003: [D:/ZGTC/Work/ccc/source/aaa_video_process/video_zoom.v(line number: 4)] Elaborating module video_zoom
I: Module instance {hdmi_ddr_ov5640_top/hdmi_video_zoom} parameter value:
    PIXEL_WIDTH = 32'b00000000000000000000000000100000
    VIDEO_LENGTH = 12'b011110000000
    VIDEO_HIGTH = 12'b010000111000
    VIDEO_WAIT = 2'b00
    VIDEO_ZOOM = 2'b01
    VIDEO_END = 2'b10
    FIRST_PIX = 2'b00
    SECOND_PIX = 2'b01
    THIRD_PIX = 2'b10
    FOURTH_PIX = 2'b11
    FIRST_LINE = 2'b00
    SECOND_LINE = 2'b01
    THIRD_LINE = 2'b10
    FOURTH_LINE = 2'b11
    DE_IN_WAIT = 1'b0
    DE_IN_CNT = 1'b1
    OFFSET_ADDR = 11'b00000000000
    DELAY_OUTPUT = 11'b00000000010
I: Verilog-0004: [D:/ZGTC/Work/ccc/source/aaa_video_process/video_zoom.v(line number: 455)] Elaborating instance user_interpolation_ram0
I: Verilog-0003: [D:/ZGTC/Work/ccc/ipcore/interpolation_ram/interpolation_ram.v(line number: 16)] Elaborating module interpolation_ram
I: Verilog-0004: [D:/ZGTC/Work/ccc/ipcore/interpolation_ram/interpolation_ram.v(line number: 153)] Elaborating instance U_ipm2l_sdpram_interpolation_ram
I: Verilog-0003: [D:/ZGTC/Work/ccc/ipcore/interpolation_ram/rtl/ipm2l_sdpram_v1_10_interpolation_ram.v(line number: 18)] Elaborating module ipm2l_sdpram_v1_10_interpolation_ram
I: Module instance {hdmi_ddr_ov5640_top/hdmi_video_zoom/user_interpolation_ram0/U_ipm2l_sdpram_interpolation_ram} parameter value:
    c_CAS_MODE = 36K
    c_WR_ADDR_WIDTH = 32'b00000000000000000000000000001011
    c_WR_DATA_WIDTH = 32'b00000000000000000000000000100000
    c_RD_ADDR_WIDTH = 32'b00000000000000000000000000001011
    c_RD_DATA_WIDTH = 32'b00000000000000000000000000100000
    c_WR_ADDR_STROBE_EN = 32'b00000000000000000000000000000000
    c_WR_CLK_EN = 32'b00000000000000000000000000000000
    c_OUTPUT_REG = 32'b00000000000000000000000000000000
    c_RD_OCE_EN = 32'b00000000000000000000000000000000
    c_FAB_REG = 32'b00000000000000000000000000000000
    c_RD_ADDR_STROBE_EN = 32'b00000000000000000000000000000000
    c_RD_CLK_EN = 32'b00000000000000000000000000000000
    c_RESET_TYPE = ASYNC
    c_RD_CLK_OR_POL_INV = 32'b00000000000000000000000000000000
    c_POWER_OPT = 32'b00000000000000000000000000000000
    c_INIT_FILE = NONE
    c_INIT_FORMAT = BIN
    c_WR_BYTE_EN = 32'b00000000000000000000000000000000
    c_BE_WIDTH = 32'b00000000000000000000000000000001
W: Verilog-2039: [D:/ZGTC/Work/ccc/ipcore/interpolation_ram/rtl/ipm2l_sdpram_v1_10_interpolation_ram.v(line number: 517)] Repeat multiplier in concatenation evaluates to 0
W: Verilog-2039: [D:/ZGTC/Work/ccc/ipcore/interpolation_ram/rtl/ipm2l_sdpram_v1_10_interpolation_ram.v(line number: 518)] Repeat multiplier in concatenation evaluates to 0
W: Verilog-2038: [D:/ZGTC/Work/ccc/ipcore/interpolation_ram/rtl/ipm2l_sdpram_v1_10_interpolation_ram.v(line number: 539)] Case condition never applies
W: Verilog-2038: [D:/ZGTC/Work/ccc/ipcore/interpolation_ram/rtl/ipm2l_sdpram_v1_10_interpolation_ram.v(line number: 540)] Case condition never applies
W: Verilog-2038: [D:/ZGTC/Work/ccc/ipcore/interpolation_ram/rtl/ipm2l_sdpram_v1_10_interpolation_ram.v(line number: 541)] Case condition never applies
W: Verilog-2038: [D:/ZGTC/Work/ccc/ipcore/interpolation_ram/rtl/ipm2l_sdpram_v1_10_interpolation_ram.v(line number: 542)] Case condition never applies
W: Verilog-2038: [D:/ZGTC/Work/ccc/ipcore/interpolation_ram/rtl/ipm2l_sdpram_v1_10_interpolation_ram.v(line number: 542)] Case condition never applies
W: Verilog-2038: [D:/ZGTC/Work/ccc/ipcore/interpolation_ram/rtl/ipm2l_sdpram_v1_10_interpolation_ram.v(line number: 539)] Case condition never applies
W: Verilog-2038: [D:/ZGTC/Work/ccc/ipcore/interpolation_ram/rtl/ipm2l_sdpram_v1_10_interpolation_ram.v(line number: 540)] Case condition never applies
W: Verilog-2038: [D:/ZGTC/Work/ccc/ipcore/interpolation_ram/rtl/ipm2l_sdpram_v1_10_interpolation_ram.v(line number: 541)] Case condition never applies
W: Verilog-2038: [D:/ZGTC/Work/ccc/ipcore/interpolation_ram/rtl/ipm2l_sdpram_v1_10_interpolation_ram.v(line number: 542)] Case condition never applies
W: Verilog-2038: [D:/ZGTC/Work/ccc/ipcore/interpolation_ram/rtl/ipm2l_sdpram_v1_10_interpolation_ram.v(line number: 542)] Case condition never applies
W: Verilog-2039: [D:/ZGTC/Work/ccc/ipcore/interpolation_ram/rtl/ipm2l_sdpram_v1_10_interpolation_ram.v(line number: 671)] Repeat multiplier in concatenation evaluates to 0
W: Verilog-2038: [D:/ZGTC/Work/ccc/ipcore/interpolation_ram/rtl/ipm2l_sdpram_v1_10_interpolation_ram.v(line number: 688)] Case condition never applies
W: Verilog-2038: [D:/ZGTC/Work/ccc/ipcore/interpolation_ram/rtl/ipm2l_sdpram_v1_10_interpolation_ram.v(line number: 689)] Case condition never applies
W: Verilog-2038: [D:/ZGTC/Work/ccc/ipcore/interpolation_ram/rtl/ipm2l_sdpram_v1_10_interpolation_ram.v(line number: 690)] Case condition never applies
W: Verilog-2038: [D:/ZGTC/Work/ccc/ipcore/interpolation_ram/rtl/ipm2l_sdpram_v1_10_interpolation_ram.v(line number: 691)] Case condition never applies
W: Verilog-2038: [D:/ZGTC/Work/ccc/ipcore/interpolation_ram/rtl/ipm2l_sdpram_v1_10_interpolation_ram.v(line number: 691)] Case condition never applies
I: Verilog-0004: [D:/ZGTC/Work/ccc/ipcore/interpolation_ram/rtl/ipm2l_sdpram_v1_10_interpolation_ram.v(line number: 871)] Elaborating instance U_GTP_DRM36K_E1
I: Verilog-0004: [D:/ZGTC/Work/ccc/ipcore/interpolation_ram/rtl/ipm2l_sdpram_v1_10_interpolation_ram.v(line number: 871)] Elaborating instance U_GTP_DRM36K_E1
W: Verilog-2023: [D:/ZGTC/Work/ccc/ipcore/interpolation_ram/rtl/ipm2l_sdpram_v1_10_interpolation_ram.v(line number: 871)] Give initial value 0 for the no drive pin INJECT_SBITERR in module instance hdmi_ddr_ov5640_top/hdmi_video_zoom/user_interpolation_ram0/U_ipm2l_sdpram_interpolation_ram.ADDR_LOOP[0].DATA_LOOP[0].U_GTP_DRM36K_E1
W: Verilog-2023: [D:/ZGTC/Work/ccc/ipcore/interpolation_ram/rtl/ipm2l_sdpram_v1_10_interpolation_ram.v(line number: 871)] Give initial value 0 for the no drive pin INJECT_DBITERR in module instance hdmi_ddr_ov5640_top/hdmi_video_zoom/user_interpolation_ram0/U_ipm2l_sdpram_interpolation_ram.ADDR_LOOP[0].DATA_LOOP[0].U_GTP_DRM36K_E1
W: Verilog-2023: [D:/ZGTC/Work/ccc/ipcore/interpolation_ram/rtl/ipm2l_sdpram_v1_10_interpolation_ram.v(line number: 871)] Give initial value 0 for the no drive pin INJECT_SBITERR in module instance hdmi_ddr_ov5640_top/hdmi_video_zoom/user_interpolation_ram0/U_ipm2l_sdpram_interpolation_ram.ADDR_LOOP[0].DATA_LOOP[1].U_GTP_DRM36K_E1
W: Verilog-2023: [D:/ZGTC/Work/ccc/ipcore/interpolation_ram/rtl/ipm2l_sdpram_v1_10_interpolation_ram.v(line number: 871)] Give initial value 0 for the no drive pin INJECT_DBITERR in module instance hdmi_ddr_ov5640_top/hdmi_video_zoom/user_interpolation_ram0/U_ipm2l_sdpram_interpolation_ram.ADDR_LOOP[0].DATA_LOOP[1].U_GTP_DRM36K_E1
W: Verilog-2020: [D:/ZGTC/Work/ccc/ipcore/interpolation_ram/rtl/ipm2l_sdpram_v1_10_interpolation_ram.v(line number: 780)] Net DA_bus[8] in ipm2l_sdpram_v1_10_interpolation_ram(original module ipm2l_sdpram_v1_10_interpolation_ram) does not have a driver, tie it to 0
W: Verilog-2020: [D:/ZGTC/Work/ccc/ipcore/interpolation_ram/rtl/ipm2l_sdpram_v1_10_interpolation_ram.v(line number: 780)] Net DA_bus[17] in ipm2l_sdpram_v1_10_interpolation_ram(original module ipm2l_sdpram_v1_10_interpolation_ram) does not have a driver, tie it to 0
W: Verilog-2020: [D:/ZGTC/Work/ccc/ipcore/interpolation_ram/rtl/ipm2l_sdpram_v1_10_interpolation_ram.v(line number: 780)] Net DA_bus[18] in ipm2l_sdpram_v1_10_interpolation_ram(original module ipm2l_sdpram_v1_10_interpolation_ram) does not have a driver, tie it to 0
W: Verilog-2020: [D:/ZGTC/Work/ccc/ipcore/interpolation_ram/rtl/ipm2l_sdpram_v1_10_interpolation_ram.v(line number: 780)] Net DA_bus[19] in ipm2l_sdpram_v1_10_interpolation_ram(original module ipm2l_sdpram_v1_10_interpolation_ram) does not have a driver, tie it to 0
W: Verilog-2020: [D:/ZGTC/Work/ccc/ipcore/interpolation_ram/rtl/ipm2l_sdpram_v1_10_interpolation_ram.v(line number: 780)] Net DA_bus[20] in ipm2l_sdpram_v1_10_interpolation_ram(original module ipm2l_sdpram_v1_10_interpolation_ram) does not have a driver, tie it to 0
W: Verilog-2020: [D:/ZGTC/Work/ccc/ipcore/interpolation_ram/rtl/ipm2l_sdpram_v1_10_interpolation_ram.v(line number: 780)] Net DA_bus[21] in ipm2l_sdpram_v1_10_interpolation_ram(original module ipm2l_sdpram_v1_10_interpolation_ram) does not have a driver, tie it to 0
W: Verilog-2020: [D:/ZGTC/Work/ccc/ipcore/interpolation_ram/rtl/ipm2l_sdpram_v1_10_interpolation_ram.v(line number: 780)] Net DA_bus[22] in ipm2l_sdpram_v1_10_interpolation_ram(original module ipm2l_sdpram_v1_10_interpolation_ram) does not have a driver, tie it to 0
W: Verilog-2020: [D:/ZGTC/Work/ccc/ipcore/interpolation_ram/rtl/ipm2l_sdpram_v1_10_interpolation_ram.v(line number: 780)] Net DA_bus[23] in ipm2l_sdpram_v1_10_interpolation_ram(original module ipm2l_sdpram_v1_10_interpolation_ram) does not have a driver, tie it to 0
W: Verilog-2020: [D:/ZGTC/Work/ccc/ipcore/interpolation_ram/rtl/ipm2l_sdpram_v1_10_interpolation_ram.v(line number: 780)] Net DA_bus[24] in ipm2l_sdpram_v1_10_interpolation_ram(original module ipm2l_sdpram_v1_10_interpolation_ram) does not have a driver, tie it to 0
W: Verilog-2020: [D:/ZGTC/Work/ccc/ipcore/interpolation_ram/rtl/ipm2l_sdpram_v1_10_interpolation_ram.v(line number: 780)] Net DA_bus[25] in ipm2l_sdpram_v1_10_interpolation_ram(original module ipm2l_sdpram_v1_10_interpolation_ram) does not have a driver, tie it to 0
W: Verilog-2020: [D:/ZGTC/Work/ccc/ipcore/interpolation_ram/rtl/ipm2l_sdpram_v1_10_interpolation_ram.v(line number: 780)] Net DA_bus[26] in ipm2l_sdpram_v1_10_interpolation_ram(original module ipm2l_sdpram_v1_10_interpolation_ram) does not have a driver, tie it to 0
W: Verilog-2020: [D:/ZGTC/Work/ccc/ipcore/interpolation_ram/rtl/ipm2l_sdpram_v1_10_interpolation_ram.v(line number: 780)] Net DA_bus[27] in ipm2l_sdpram_v1_10_interpolation_ram(original module ipm2l_sdpram_v1_10_interpolation_ram) does not have a driver, tie it to 0
W: Verilog-2020: [D:/ZGTC/Work/ccc/ipcore/interpolation_ram/rtl/ipm2l_sdpram_v1_10_interpolation_ram.v(line number: 780)] Net DA_bus[28] in ipm2l_sdpram_v1_10_interpolation_ram(original module ipm2l_sdpram_v1_10_interpolation_ram) does not have a driver, tie it to 0
W: Verilog-2020: [D:/ZGTC/Work/ccc/ipcore/interpolation_ram/rtl/ipm2l_sdpram_v1_10_interpolation_ram.v(line number: 780)] Net DA_bus[29] in ipm2l_sdpram_v1_10_interpolation_ram(original module ipm2l_sdpram_v1_10_interpolation_ram) does not have a driver, tie it to 0
W: Verilog-2020: [D:/ZGTC/Work/ccc/ipcore/interpolation_ram/rtl/ipm2l_sdpram_v1_10_interpolation_ram.v(line number: 780)] Net DA_bus[30] in ipm2l_sdpram_v1_10_interpolation_ram(original module ipm2l_sdpram_v1_10_interpolation_ram) does not have a driver, tie it to 0
W: Verilog-2020: [D:/ZGTC/Work/ccc/ipcore/interpolation_ram/rtl/ipm2l_sdpram_v1_10_interpolation_ram.v(line number: 780)] Net DA_bus[31] in ipm2l_sdpram_v1_10_interpolation_ram(original module ipm2l_sdpram_v1_10_interpolation_ram) does not have a driver, tie it to 0
W: Verilog-2020: [D:/ZGTC/Work/ccc/ipcore/interpolation_ram/rtl/ipm2l_sdpram_v1_10_interpolation_ram.v(line number: 780)] Net DA_bus[32] in ipm2l_sdpram_v1_10_interpolation_ram(original module ipm2l_sdpram_v1_10_interpolation_ram) does not have a driver, tie it to 0
W: Verilog-2020: [D:/ZGTC/Work/ccc/ipcore/interpolation_ram/rtl/ipm2l_sdpram_v1_10_interpolation_ram.v(line number: 780)] Net DA_bus[33] in ipm2l_sdpram_v1_10_interpolation_ram(original module ipm2l_sdpram_v1_10_interpolation_ram) does not have a driver, tie it to 0
W: Verilog-2020: [D:/ZGTC/Work/ccc/ipcore/interpolation_ram/rtl/ipm2l_sdpram_v1_10_interpolation_ram.v(line number: 780)] Net DA_bus[34] in ipm2l_sdpram_v1_10_interpolation_ram(original module ipm2l_sdpram_v1_10_interpolation_ram) does not have a driver, tie it to 0
W: Verilog-2020: [D:/ZGTC/Work/ccc/ipcore/interpolation_ram/rtl/ipm2l_sdpram_v1_10_interpolation_ram.v(line number: 780)] Net DA_bus[35] in ipm2l_sdpram_v1_10_interpolation_ram(original module ipm2l_sdpram_v1_10_interpolation_ram) does not have a driver, tie it to 0
W: Verilog-2020: [D:/ZGTC/Work/ccc/ipcore/interpolation_ram/rtl/ipm2l_sdpram_v1_10_interpolation_ram.v(line number: 780)] Net DA_bus[44] in ipm2l_sdpram_v1_10_interpolation_ram(original module ipm2l_sdpram_v1_10_interpolation_ram) does not have a driver, tie it to 0
W: Verilog-2020: [D:/ZGTC/Work/ccc/ipcore/interpolation_ram/rtl/ipm2l_sdpram_v1_10_interpolation_ram.v(line number: 780)] Net DA_bus[53] in ipm2l_sdpram_v1_10_interpolation_ram(original module ipm2l_sdpram_v1_10_interpolation_ram) does not have a driver, tie it to 0
W: Verilog-2020: [D:/ZGTC/Work/ccc/ipcore/interpolation_ram/rtl/ipm2l_sdpram_v1_10_interpolation_ram.v(line number: 780)] Net DA_bus[54] in ipm2l_sdpram_v1_10_interpolation_ram(original module ipm2l_sdpram_v1_10_interpolation_ram) does not have a driver, tie it to 0
W: Verilog-2020: [D:/ZGTC/Work/ccc/ipcore/interpolation_ram/rtl/ipm2l_sdpram_v1_10_interpolation_ram.v(line number: 780)] Net DA_bus[55] in ipm2l_sdpram_v1_10_interpolation_ram(original module ipm2l_sdpram_v1_10_interpolation_ram) does not have a driver, tie it to 0
W: Verilog-2020: [D:/ZGTC/Work/ccc/ipcore/interpolation_ram/rtl/ipm2l_sdpram_v1_10_interpolation_ram.v(line number: 780)] Net DA_bus[56] in ipm2l_sdpram_v1_10_interpolation_ram(original module ipm2l_sdpram_v1_10_interpolation_ram) does not have a driver, tie it to 0
W: Verilog-2020: [D:/ZGTC/Work/ccc/ipcore/interpolation_ram/rtl/ipm2l_sdpram_v1_10_interpolation_ram.v(line number: 780)] Net DA_bus[57] in ipm2l_sdpram_v1_10_interpolation_ram(original module ipm2l_sdpram_v1_10_interpolation_ram) does not have a driver, tie it to 0
W: Verilog-2020: [D:/ZGTC/Work/ccc/ipcore/interpolation_ram/rtl/ipm2l_sdpram_v1_10_interpolation_ram.v(line number: 780)] Net DA_bus[58] in ipm2l_sdpram_v1_10_interpolation_ram(original module ipm2l_sdpram_v1_10_interpolation_ram) does not have a driver, tie it to 0
W: Verilog-2020: [D:/ZGTC/Work/ccc/ipcore/interpolation_ram/rtl/ipm2l_sdpram_v1_10_interpolation_ram.v(line number: 780)] Net DA_bus[59] in ipm2l_sdpram_v1_10_interpolation_ram(original module ipm2l_sdpram_v1_10_interpolation_ram) does not have a driver, tie it to 0
W: Verilog-2020: [D:/ZGTC/Work/ccc/ipcore/interpolation_ram/rtl/ipm2l_sdpram_v1_10_interpolation_ram.v(line number: 780)] Net DA_bus[60] in ipm2l_sdpram_v1_10_interpolation_ram(original module ipm2l_sdpram_v1_10_interpolation_ram) does not have a driver, tie it to 0
W: Verilog-2020: [D:/ZGTC/Work/ccc/ipcore/interpolation_ram/rtl/ipm2l_sdpram_v1_10_interpolation_ram.v(line number: 780)] Net DA_bus[61] in ipm2l_sdpram_v1_10_interpolation_ram(original module ipm2l_sdpram_v1_10_interpolation_ram) does not have a driver, tie it to 0
W: Verilog-2020: [D:/ZGTC/Work/ccc/ipcore/interpolation_ram/rtl/ipm2l_sdpram_v1_10_interpolation_ram.v(line number: 780)] Net DA_bus[62] in ipm2l_sdpram_v1_10_interpolation_ram(original module ipm2l_sdpram_v1_10_interpolation_ram) does not have a driver, tie it to 0
W: Verilog-2020: [D:/ZGTC/Work/ccc/ipcore/interpolation_ram/rtl/ipm2l_sdpram_v1_10_interpolation_ram.v(line number: 780)] Net DA_bus[63] in ipm2l_sdpram_v1_10_interpolation_ram(original module ipm2l_sdpram_v1_10_interpolation_ram) does not have a driver, tie it to 0
W: Verilog-2020: [D:/ZGTC/Work/ccc/ipcore/interpolation_ram/rtl/ipm2l_sdpram_v1_10_interpolation_ram.v(line number: 780)] Net DA_bus[64] in ipm2l_sdpram_v1_10_interpolation_ram(original module ipm2l_sdpram_v1_10_interpolation_ram) does not have a driver, tie it to 0
W: Verilog-2020: [D:/ZGTC/Work/ccc/ipcore/interpolation_ram/rtl/ipm2l_sdpram_v1_10_interpolation_ram.v(line number: 780)] Net DA_bus[65] in ipm2l_sdpram_v1_10_interpolation_ram(original module ipm2l_sdpram_v1_10_interpolation_ram) does not have a driver, tie it to 0
W: Verilog-2020: [D:/ZGTC/Work/ccc/ipcore/interpolation_ram/rtl/ipm2l_sdpram_v1_10_interpolation_ram.v(line number: 780)] Net DA_bus[66] in ipm2l_sdpram_v1_10_interpolation_ram(original module ipm2l_sdpram_v1_10_interpolation_ram) does not have a driver, tie it to 0
W: Verilog-2020: [D:/ZGTC/Work/ccc/ipcore/interpolation_ram/rtl/ipm2l_sdpram_v1_10_interpolation_ram.v(line number: 780)] Net DA_bus[67] in ipm2l_sdpram_v1_10_interpolation_ram(original module ipm2l_sdpram_v1_10_interpolation_ram) does not have a driver, tie it to 0
W: Verilog-2020: [D:/ZGTC/Work/ccc/ipcore/interpolation_ram/rtl/ipm2l_sdpram_v1_10_interpolation_ram.v(line number: 780)] Net DA_bus[68] in ipm2l_sdpram_v1_10_interpolation_ram(original module ipm2l_sdpram_v1_10_interpolation_ram) does not have a driver, tie it to 0
W: Verilog-2020: [D:/ZGTC/Work/ccc/ipcore/interpolation_ram/rtl/ipm2l_sdpram_v1_10_interpolation_ram.v(line number: 780)] Net DA_bus[69] in ipm2l_sdpram_v1_10_interpolation_ram(original module ipm2l_sdpram_v1_10_interpolation_ram) does not have a driver, tie it to 0
W: Verilog-2020: [D:/ZGTC/Work/ccc/ipcore/interpolation_ram/rtl/ipm2l_sdpram_v1_10_interpolation_ram.v(line number: 780)] Net DA_bus[70] in ipm2l_sdpram_v1_10_interpolation_ram(original module ipm2l_sdpram_v1_10_interpolation_ram) does not have a driver, tie it to 0
W: Verilog-2020: [D:/ZGTC/Work/ccc/ipcore/interpolation_ram/rtl/ipm2l_sdpram_v1_10_interpolation_ram.v(line number: 780)] Net DA_bus[71] in ipm2l_sdpram_v1_10_interpolation_ram(original module ipm2l_sdpram_v1_10_interpolation_ram) does not have a driver, tie it to 0
W: Verilog-2020: [D:/ZGTC/Work/ccc/ipcore/interpolation_ram/rtl/ipm2l_sdpram_v1_10_interpolation_ram.v(line number: 781)] Net DB_bus[8] in ipm2l_sdpram_v1_10_interpolation_ram(original module ipm2l_sdpram_v1_10_interpolation_ram) does not have a driver, tie it to 0
W: Verilog-2020: [D:/ZGTC/Work/ccc/ipcore/interpolation_ram/rtl/ipm2l_sdpram_v1_10_interpolation_ram.v(line number: 781)] Net DB_bus[17] in ipm2l_sdpram_v1_10_interpolation_ram(original module ipm2l_sdpram_v1_10_interpolation_ram) does not have a driver, tie it to 0
W: Verilog-2020: [D:/ZGTC/Work/ccc/ipcore/interpolation_ram/rtl/ipm2l_sdpram_v1_10_interpolation_ram.v(line number: 781)] Net DB_bus[18] in ipm2l_sdpram_v1_10_interpolation_ram(original module ipm2l_sdpram_v1_10_interpolation_ram) does not have a driver, tie it to 0
W: Verilog-2020: [D:/ZGTC/Work/ccc/ipcore/interpolation_ram/rtl/ipm2l_sdpram_v1_10_interpolation_ram.v(line number: 781)] Net DB_bus[19] in ipm2l_sdpram_v1_10_interpolation_ram(original module ipm2l_sdpram_v1_10_interpolation_ram) does not have a driver, tie it to 0
W: Verilog-2020: [D:/ZGTC/Work/ccc/ipcore/interpolation_ram/rtl/ipm2l_sdpram_v1_10_interpolation_ram.v(line number: 781)] Net DB_bus[20] in ipm2l_sdpram_v1_10_interpolation_ram(original module ipm2l_sdpram_v1_10_interpolation_ram) does not have a driver, tie it to 0
W: Verilog-2020: [D:/ZGTC/Work/ccc/ipcore/interpolation_ram/rtl/ipm2l_sdpram_v1_10_interpolation_ram.v(line number: 781)] Net DB_bus[21] in ipm2l_sdpram_v1_10_interpolation_ram(original module ipm2l_sdpram_v1_10_interpolation_ram) does not have a driver, tie it to 0
W: Verilog-2020: [D:/ZGTC/Work/ccc/ipcore/interpolation_ram/rtl/ipm2l_sdpram_v1_10_interpolation_ram.v(line number: 781)] Net DB_bus[22] in ipm2l_sdpram_v1_10_interpolation_ram(original module ipm2l_sdpram_v1_10_interpolation_ram) does not have a driver, tie it to 0
W: Verilog-2020: [D:/ZGTC/Work/ccc/ipcore/interpolation_ram/rtl/ipm2l_sdpram_v1_10_interpolation_ram.v(line number: 781)] Net DB_bus[23] in ipm2l_sdpram_v1_10_interpolation_ram(original module ipm2l_sdpram_v1_10_interpolation_ram) does not have a driver, tie it to 0
W: Verilog-2020: [D:/ZGTC/Work/ccc/ipcore/interpolation_ram/rtl/ipm2l_sdpram_v1_10_interpolation_ram.v(line number: 781)] Net DB_bus[24] in ipm2l_sdpram_v1_10_interpolation_ram(original module ipm2l_sdpram_v1_10_interpolation_ram) does not have a driver, tie it to 0
W: Verilog-2020: [D:/ZGTC/Work/ccc/ipcore/interpolation_ram/rtl/ipm2l_sdpram_v1_10_interpolation_ram.v(line number: 781)] Net DB_bus[25] in ipm2l_sdpram_v1_10_interpolation_ram(original module ipm2l_sdpram_v1_10_interpolation_ram) does not have a driver, tie it to 0
W: Verilog-2020: [D:/ZGTC/Work/ccc/ipcore/interpolation_ram/rtl/ipm2l_sdpram_v1_10_interpolation_ram.v(line number: 781)] Net DB_bus[26] in ipm2l_sdpram_v1_10_interpolation_ram(original module ipm2l_sdpram_v1_10_interpolation_ram) does not have a driver, tie it to 0
W: Verilog-2020: [D:/ZGTC/Work/ccc/ipcore/interpolation_ram/rtl/ipm2l_sdpram_v1_10_interpolation_ram.v(line number: 781)] Net DB_bus[27] in ipm2l_sdpram_v1_10_interpolation_ram(original module ipm2l_sdpram_v1_10_interpolation_ram) does not have a driver, tie it to 0
W: Verilog-2020: [D:/ZGTC/Work/ccc/ipcore/interpolation_ram/rtl/ipm2l_sdpram_v1_10_interpolation_ram.v(line number: 781)] Net DB_bus[28] in ipm2l_sdpram_v1_10_interpolation_ram(original module ipm2l_sdpram_v1_10_interpolation_ram) does not have a driver, tie it to 0
W: Verilog-2020: [D:/ZGTC/Work/ccc/ipcore/interpolation_ram/rtl/ipm2l_sdpram_v1_10_interpolation_ram.v(line number: 781)] Net DB_bus[29] in ipm2l_sdpram_v1_10_interpolation_ram(original module ipm2l_sdpram_v1_10_interpolation_ram) does not have a driver, tie it to 0
W: Verilog-2020: [D:/ZGTC/Work/ccc/ipcore/interpolation_ram/rtl/ipm2l_sdpram_v1_10_interpolation_ram.v(line number: 781)] Net DB_bus[30] in ipm2l_sdpram_v1_10_interpolation_ram(original module ipm2l_sdpram_v1_10_interpolation_ram) does not have a driver, tie it to 0
W: Verilog-2020: [D:/ZGTC/Work/ccc/ipcore/interpolation_ram/rtl/ipm2l_sdpram_v1_10_interpolation_ram.v(line number: 781)] Net DB_bus[31] in ipm2l_sdpram_v1_10_interpolation_ram(original module ipm2l_sdpram_v1_10_interpolation_ram) does not have a driver, tie it to 0
W: Verilog-2020: [D:/ZGTC/Work/ccc/ipcore/interpolation_ram/rtl/ipm2l_sdpram_v1_10_interpolation_ram.v(line number: 781)] Net DB_bus[32] in ipm2l_sdpram_v1_10_interpolation_ram(original module ipm2l_sdpram_v1_10_interpolation_ram) does not have a driver, tie it to 0
W: Verilog-2020: [D:/ZGTC/Work/ccc/ipcore/interpolation_ram/rtl/ipm2l_sdpram_v1_10_interpolation_ram.v(line number: 781)] Net DB_bus[33] in ipm2l_sdpram_v1_10_interpolation_ram(original module ipm2l_sdpram_v1_10_interpolation_ram) does not have a driver, tie it to 0
W: Verilog-2020: [D:/ZGTC/Work/ccc/ipcore/interpolation_ram/rtl/ipm2l_sdpram_v1_10_interpolation_ram.v(line number: 781)] Net DB_bus[34] in ipm2l_sdpram_v1_10_interpolation_ram(original module ipm2l_sdpram_v1_10_interpolation_ram) does not have a driver, tie it to 0
W: Verilog-2020: [D:/ZGTC/Work/ccc/ipcore/interpolation_ram/rtl/ipm2l_sdpram_v1_10_interpolation_ram.v(line number: 781)] Net DB_bus[35] in ipm2l_sdpram_v1_10_interpolation_ram(original module ipm2l_sdpram_v1_10_interpolation_ram) does not have a driver, tie it to 0
W: Verilog-2020: [D:/ZGTC/Work/ccc/ipcore/interpolation_ram/rtl/ipm2l_sdpram_v1_10_interpolation_ram.v(line number: 781)] Net DB_bus[44] in ipm2l_sdpram_v1_10_interpolation_ram(original module ipm2l_sdpram_v1_10_interpolation_ram) does not have a driver, tie it to 0
W: Verilog-2020: [D:/ZGTC/Work/ccc/ipcore/interpolation_ram/rtl/ipm2l_sdpram_v1_10_interpolation_ram.v(line number: 781)] Net DB_bus[53] in ipm2l_sdpram_v1_10_interpolation_ram(original module ipm2l_sdpram_v1_10_interpolation_ram) does not have a driver, tie it to 0
W: Verilog-2020: [D:/ZGTC/Work/ccc/ipcore/interpolation_ram/rtl/ipm2l_sdpram_v1_10_interpolation_ram.v(line number: 781)] Net DB_bus[54] in ipm2l_sdpram_v1_10_interpolation_ram(original module ipm2l_sdpram_v1_10_interpolation_ram) does not have a driver, tie it to 0
W: Verilog-2020: [D:/ZGTC/Work/ccc/ipcore/interpolation_ram/rtl/ipm2l_sdpram_v1_10_interpolation_ram.v(line number: 781)] Net DB_bus[55] in ipm2l_sdpram_v1_10_interpolation_ram(original module ipm2l_sdpram_v1_10_interpolation_ram) does not have a driver, tie it to 0
W: Verilog-2020: [D:/ZGTC/Work/ccc/ipcore/interpolation_ram/rtl/ipm2l_sdpram_v1_10_interpolation_ram.v(line number: 781)] Net DB_bus[56] in ipm2l_sdpram_v1_10_interpolation_ram(original module ipm2l_sdpram_v1_10_interpolation_ram) does not have a driver, tie it to 0
W: Verilog-2020: [D:/ZGTC/Work/ccc/ipcore/interpolation_ram/rtl/ipm2l_sdpram_v1_10_interpolation_ram.v(line number: 781)] Net DB_bus[57] in ipm2l_sdpram_v1_10_interpolation_ram(original module ipm2l_sdpram_v1_10_interpolation_ram) does not have a driver, tie it to 0
W: Verilog-2020: [D:/ZGTC/Work/ccc/ipcore/interpolation_ram/rtl/ipm2l_sdpram_v1_10_interpolation_ram.v(line number: 781)] Net DB_bus[58] in ipm2l_sdpram_v1_10_interpolation_ram(original module ipm2l_sdpram_v1_10_interpolation_ram) does not have a driver, tie it to 0
W: Verilog-2020: [D:/ZGTC/Work/ccc/ipcore/interpolation_ram/rtl/ipm2l_sdpram_v1_10_interpolation_ram.v(line number: 781)] Net DB_bus[59] in ipm2l_sdpram_v1_10_interpolation_ram(original module ipm2l_sdpram_v1_10_interpolation_ram) does not have a driver, tie it to 0
W: Verilog-2020: [D:/ZGTC/Work/ccc/ipcore/interpolation_ram/rtl/ipm2l_sdpram_v1_10_interpolation_ram.v(line number: 781)] Net DB_bus[60] in ipm2l_sdpram_v1_10_interpolation_ram(original module ipm2l_sdpram_v1_10_interpolation_ram) does not have a driver, tie it to 0
W: Verilog-2020: [D:/ZGTC/Work/ccc/ipcore/interpolation_ram/rtl/ipm2l_sdpram_v1_10_interpolation_ram.v(line number: 781)] Net DB_bus[61] in ipm2l_sdpram_v1_10_interpolation_ram(original module ipm2l_sdpram_v1_10_interpolation_ram) does not have a driver, tie it to 0
W: Verilog-2020: [D:/ZGTC/Work/ccc/ipcore/interpolation_ram/rtl/ipm2l_sdpram_v1_10_interpolation_ram.v(line number: 781)] Net DB_bus[62] in ipm2l_sdpram_v1_10_interpolation_ram(original module ipm2l_sdpram_v1_10_interpolation_ram) does not have a driver, tie it to 0
W: Verilog-2020: [D:/ZGTC/Work/ccc/ipcore/interpolation_ram/rtl/ipm2l_sdpram_v1_10_interpolation_ram.v(line number: 781)] Net DB_bus[63] in ipm2l_sdpram_v1_10_interpolation_ram(original module ipm2l_sdpram_v1_10_interpolation_ram) does not have a driver, tie it to 0
W: Verilog-2020: [D:/ZGTC/Work/ccc/ipcore/interpolation_ram/rtl/ipm2l_sdpram_v1_10_interpolation_ram.v(line number: 781)] Net DB_bus[64] in ipm2l_sdpram_v1_10_interpolation_ram(original module ipm2l_sdpram_v1_10_interpolation_ram) does not have a driver, tie it to 0
W: Verilog-2020: [D:/ZGTC/Work/ccc/ipcore/interpolation_ram/rtl/ipm2l_sdpram_v1_10_interpolation_ram.v(line number: 781)] Net DB_bus[65] in ipm2l_sdpram_v1_10_interpolation_ram(original module ipm2l_sdpram_v1_10_interpolation_ram) does not have a driver, tie it to 0
W: Verilog-2020: [D:/ZGTC/Work/ccc/ipcore/interpolation_ram/rtl/ipm2l_sdpram_v1_10_interpolation_ram.v(line number: 781)] Net DB_bus[66] in ipm2l_sdpram_v1_10_interpolation_ram(original module ipm2l_sdpram_v1_10_interpolation_ram) does not have a driver, tie it to 0
W: Verilog-2020: [D:/ZGTC/Work/ccc/ipcore/interpolation_ram/rtl/ipm2l_sdpram_v1_10_interpolation_ram.v(line number: 781)] Net DB_bus[67] in ipm2l_sdpram_v1_10_interpolation_ram(original module ipm2l_sdpram_v1_10_interpolation_ram) does not have a driver, tie it to 0
W: Verilog-2020: [D:/ZGTC/Work/ccc/ipcore/interpolation_ram/rtl/ipm2l_sdpram_v1_10_interpolation_ram.v(line number: 781)] Net DB_bus[68] in ipm2l_sdpram_v1_10_interpolation_ram(original module ipm2l_sdpram_v1_10_interpolation_ram) does not have a driver, tie it to 0
W: Verilog-2020: [D:/ZGTC/Work/ccc/ipcore/interpolation_ram/rtl/ipm2l_sdpram_v1_10_interpolation_ram.v(line number: 781)] Net DB_bus[69] in ipm2l_sdpram_v1_10_interpolation_ram(original module ipm2l_sdpram_v1_10_interpolation_ram) does not have a driver, tie it to 0
W: Verilog-2020: [D:/ZGTC/Work/ccc/ipcore/interpolation_ram/rtl/ipm2l_sdpram_v1_10_interpolation_ram.v(line number: 781)] Net DB_bus[70] in ipm2l_sdpram_v1_10_interpolation_ram(original module ipm2l_sdpram_v1_10_interpolation_ram) does not have a driver, tie it to 0
W: Verilog-2020: [D:/ZGTC/Work/ccc/ipcore/interpolation_ram/rtl/ipm2l_sdpram_v1_10_interpolation_ram.v(line number: 781)] Net DB_bus[71] in ipm2l_sdpram_v1_10_interpolation_ram(original module ipm2l_sdpram_v1_10_interpolation_ram) does not have a driver, tie it to 0
I: Verilog-0004: [D:/ZGTC/Work/ccc/source/aaa_video_process/video_zoom.v(line number: 468)] Elaborating instance user_interpolation_ram1
I: Verilog-0003: [D:/ZGTC/Work/ccc/ipcore/interpolation_ram/interpolation_ram.v(line number: 16)] Elaborating module interpolation_ram
I: Verilog-0004: [D:/ZGTC/Work/ccc/source/aaa_top/hdmi_ddr_ov5640_top.v(line number: 1025)] Elaborating instance u_video_process
I: Verilog-0003: [D:/ZGTC/Work/ccc/source/aaa_video_process/video_process.v(line number: 1)] Elaborating module video_process
I: Module instance {hdmi_ddr_ov5640_top/u_video_process} parameter value:
    IMG_WIDTH = 32'b00000000000000000000011110000000
    IMG_HEIGHT = 32'b00000000000000000000010000111000
I: Verilog-0004: [D:/ZGTC/Work/ccc/source/aaa_video_process/video_process.v(line number: 44)] Elaborating instance u_rgb2yuv
I: Verilog-0003: [D:/ZGTC/Work/ccc/source/aaa_video_process/rgb2yuv.v(line number: 1)] Elaborating module rgb2yuv
W: Verilog-2024: [D:/ZGTC/Work/ccc/source/aaa_video_process/rgb2yuv.v(line number: 1)] Give an initial value for the no drive output pin u_out in graph of sdm module rgb2yuv
I: Verilog-0004: [D:/ZGTC/Work/ccc/source/aaa_video_process/video_process.v(line number: 79)] Elaborating instance u_matrix_3x3_y
I: Verilog-0003: [D:/ZGTC/Work/ccc/source/aaa_video_process/matrix_3x3.v(line number: 2)] Elaborating module matrix_3x3
I: Module instance {hdmi_ddr_ov5640_top/u_video_process/u_matrix_3x3_y} parameter value:
    IMG_WIDTH = 32'b00000000000000000000011110000000
    IMG_HEIGHT = 32'b00000000000000000000010000111000
I: Verilog-0004: [D:/ZGTC/Work/ccc/source/aaa_video_process/matrix_3x3.v(line number: 90)] Elaborating instance fifo_line_buf1
I: Verilog-0003: [D:/ZGTC/Work/ccc/ipcore/fifo_line_buf/fifo_line_buf.v(line number: 16)] Elaborating module fifo_line_buf
I: Verilog-0004: [D:/ZGTC/Work/ccc/ipcore/fifo_line_buf/fifo_line_buf.v(line number: 160)] Elaborating instance U_ipm2l_fifo_fifo_line_buf
I: Verilog-0003: [D:/ZGTC/Work/ccc/ipcore/fifo_line_buf/rtl/ipm2l_fifo_v1_10_fifo_line_buf.v(line number: 19)] Elaborating module ipm2l_fifo_v1_10_fifo_line_buf
I: Module instance {hdmi_ddr_ov5640_top/u_video_process/u_matrix_3x3_y/fifo_line_buf1/U_ipm2l_fifo_fifo_line_buf} parameter value:
    c_CAS_MODE = 36K
    c_WR_DEPTH_WIDTH = 32'b00000000000000000000000000001100
    c_WR_DATA_WIDTH = 32'b00000000000000000000000000001000
    c_RD_DEPTH_WIDTH = 32'b00000000000000000000000000001100
    c_RD_DATA_WIDTH = 32'b00000000000000000000000000001000
    c_OUTPUT_REG = 32'b00000000000000000000000000000000
    c_RD_OCE_EN = 32'b00000000000000000000000000000000
    c_FAB_REG = 32'b00000000000000000000000000000000
    c_RESET_TYPE = ASYNC
    c_POWER_OPT = 32'b00000000000000000000000000000000
    c_RD_CLK_OR_POL_INV = 32'b00000000000000000000000000000000
    c_WR_BYTE_EN = 32'b00000000000000000000000000000000
    c_BE_WIDTH = 32'b00000000000000000000000000000001
    c_FIFO_TYPE = ASYN
    c_ALMOST_FULL_NUM = 32'b00000000000000000000001111111100
    c_ALMOST_EMPTY_NUM = 32'b00000000000000000000000000000100
I: Verilog-0004: [D:/ZGTC/Work/ccc/ipcore/fifo_line_buf/rtl/ipm2l_fifo_v1_10_fifo_line_buf.v(line number: 84)] Elaborating instance U_ipm2l_sdpram
I: Verilog-0003: [D:/ZGTC/Work/ccc/ipcore/fifo_line_buf/rtl/ipm2l_sdpram_v1_10_fifo_line_buf.v(line number: 18)] Elaborating module ipm2l_sdpram_v1_10_fifo_line_buf
I: Module instance {hdmi_ddr_ov5640_top/u_video_process/u_matrix_3x3_y/fifo_line_buf1/U_ipm2l_fifo_fifo_line_buf/U_ipm2l_sdpram} parameter value:
    c_CAS_MODE = 36K
    c_WR_ADDR_WIDTH = 32'b00000000000000000000000000001100
    c_WR_DATA_WIDTH = 32'b00000000000000000000000000001000
    c_RD_ADDR_WIDTH = 32'b00000000000000000000000000001100
    c_RD_DATA_WIDTH = 32'b00000000000000000000000000001000
    c_WR_ADDR_STROBE_EN = 32'b00000000000000000000000000000000
    c_WR_CLK_EN = 32'b00000000000000000000000000000001
    c_OUTPUT_REG = 32'b00000000000000000000000000000000
    c_RD_OCE_EN = 32'b00000000000000000000000000000000
    c_FAB_REG = 32'b00000000000000000000000000000000
    c_RD_ADDR_STROBE_EN = 32'b00000000000000000000000000000000
    c_RD_CLK_EN = 32'b00000000000000000000000000000001
    c_RESET_TYPE = ASYNC
    c_RD_CLK_OR_POL_INV = 32'b00000000000000000000000000000000
    c_POWER_OPT = 32'b00000000000000000000000000000000
    c_INIT_FILE = NONE
    c_INIT_FORMAT = BIN
    c_WR_BYTE_EN = 32'b00000000000000000000000000000000
    c_BE_WIDTH = 32'b00000000000000000000000000000001
W: Verilog-2039: [D:/ZGTC/Work/ccc/ipcore/fifo_line_buf/rtl/ipm2l_sdpram_v1_10_fifo_line_buf.v(line number: 516)] Repeat multiplier in concatenation evaluates to 0
W: Verilog-2039: [D:/ZGTC/Work/ccc/ipcore/fifo_line_buf/rtl/ipm2l_sdpram_v1_10_fifo_line_buf.v(line number: 517)] Repeat multiplier in concatenation evaluates to 0
W: Verilog-2038: [D:/ZGTC/Work/ccc/ipcore/fifo_line_buf/rtl/ipm2l_sdpram_v1_10_fifo_line_buf.v(line number: 538)] Case condition never applies
W: Verilog-2038: [D:/ZGTC/Work/ccc/ipcore/fifo_line_buf/rtl/ipm2l_sdpram_v1_10_fifo_line_buf.v(line number: 539)] Case condition never applies
W: Verilog-2038: [D:/ZGTC/Work/ccc/ipcore/fifo_line_buf/rtl/ipm2l_sdpram_v1_10_fifo_line_buf.v(line number: 540)] Case condition never applies
W: Verilog-2039: [D:/ZGTC/Work/ccc/ipcore/fifo_line_buf/rtl/ipm2l_sdpram_v1_10_fifo_line_buf.v(line number: 670)] Repeat multiplier in concatenation evaluates to 0
W: Verilog-2038: [D:/ZGTC/Work/ccc/ipcore/fifo_line_buf/rtl/ipm2l_sdpram_v1_10_fifo_line_buf.v(line number: 687)] Case condition never applies
W: Verilog-2038: [D:/ZGTC/Work/ccc/ipcore/fifo_line_buf/rtl/ipm2l_sdpram_v1_10_fifo_line_buf.v(line number: 688)] Case condition never applies
W: Verilog-2038: [D:/ZGTC/Work/ccc/ipcore/fifo_line_buf/rtl/ipm2l_sdpram_v1_10_fifo_line_buf.v(line number: 689)] Case condition never applies
I: Verilog-0004: [D:/ZGTC/Work/ccc/ipcore/fifo_line_buf/rtl/ipm2l_sdpram_v1_10_fifo_line_buf.v(line number: 869)] Elaborating instance U_GTP_DRM36K_E1
W: Verilog-2023: [D:/ZGTC/Work/ccc/ipcore/fifo_line_buf/rtl/ipm2l_sdpram_v1_10_fifo_line_buf.v(line number: 869)] Give initial value 0 for the no drive pin INJECT_SBITERR in module instance hdmi_ddr_ov5640_top/u_video_process/u_matrix_3x3_y/fifo_line_buf1/U_ipm2l_fifo_fifo_line_buf/U_ipm2l_sdpram.ADDR_LOOP[0].DATA_LOOP[0].U_GTP_DRM36K_E1
W: Verilog-2023: [D:/ZGTC/Work/ccc/ipcore/fifo_line_buf/rtl/ipm2l_sdpram_v1_10_fifo_line_buf.v(line number: 869)] Give initial value 0 for the no drive pin INJECT_DBITERR in module instance hdmi_ddr_ov5640_top/u_video_process/u_matrix_3x3_y/fifo_line_buf1/U_ipm2l_fifo_fifo_line_buf/U_ipm2l_sdpram.ADDR_LOOP[0].DATA_LOOP[0].U_GTP_DRM36K_E1
W: Verilog-2020: [D:/ZGTC/Work/ccc/ipcore/fifo_line_buf/rtl/ipm2l_sdpram_v1_10_fifo_line_buf.v(line number: 779)] Net DA_bus[8] in ipm2l_sdpram_v1_10_fifo_line_buf(original module ipm2l_sdpram_v1_10_fifo_line_buf) does not have a driver, tie it to 0
W: Verilog-2020: [D:/ZGTC/Work/ccc/ipcore/fifo_line_buf/rtl/ipm2l_sdpram_v1_10_fifo_line_buf.v(line number: 779)] Net DA_bus[9] in ipm2l_sdpram_v1_10_fifo_line_buf(original module ipm2l_sdpram_v1_10_fifo_line_buf) does not have a driver, tie it to 0
W: Verilog-2020: [D:/ZGTC/Work/ccc/ipcore/fifo_line_buf/rtl/ipm2l_sdpram_v1_10_fifo_line_buf.v(line number: 779)] Net DA_bus[10] in ipm2l_sdpram_v1_10_fifo_line_buf(original module ipm2l_sdpram_v1_10_fifo_line_buf) does not have a driver, tie it to 0
W: Verilog-2020: [D:/ZGTC/Work/ccc/ipcore/fifo_line_buf/rtl/ipm2l_sdpram_v1_10_fifo_line_buf.v(line number: 779)] Net DA_bus[11] in ipm2l_sdpram_v1_10_fifo_line_buf(original module ipm2l_sdpram_v1_10_fifo_line_buf) does not have a driver, tie it to 0
W: Verilog-2020: [D:/ZGTC/Work/ccc/ipcore/fifo_line_buf/rtl/ipm2l_sdpram_v1_10_fifo_line_buf.v(line number: 779)] Net DA_bus[12] in ipm2l_sdpram_v1_10_fifo_line_buf(original module ipm2l_sdpram_v1_10_fifo_line_buf) does not have a driver, tie it to 0
W: Verilog-2020: [D:/ZGTC/Work/ccc/ipcore/fifo_line_buf/rtl/ipm2l_sdpram_v1_10_fifo_line_buf.v(line number: 779)] Net DA_bus[13] in ipm2l_sdpram_v1_10_fifo_line_buf(original module ipm2l_sdpram_v1_10_fifo_line_buf) does not have a driver, tie it to 0
W: Verilog-2020: [D:/ZGTC/Work/ccc/ipcore/fifo_line_buf/rtl/ipm2l_sdpram_v1_10_fifo_line_buf.v(line number: 779)] Net DA_bus[14] in ipm2l_sdpram_v1_10_fifo_line_buf(original module ipm2l_sdpram_v1_10_fifo_line_buf) does not have a driver, tie it to 0
W: Verilog-2020: [D:/ZGTC/Work/ccc/ipcore/fifo_line_buf/rtl/ipm2l_sdpram_v1_10_fifo_line_buf.v(line number: 779)] Net DA_bus[15] in ipm2l_sdpram_v1_10_fifo_line_buf(original module ipm2l_sdpram_v1_10_fifo_line_buf) does not have a driver, tie it to 0
W: Verilog-2020: [D:/ZGTC/Work/ccc/ipcore/fifo_line_buf/rtl/ipm2l_sdpram_v1_10_fifo_line_buf.v(line number: 779)] Net DA_bus[16] in ipm2l_sdpram_v1_10_fifo_line_buf(original module ipm2l_sdpram_v1_10_fifo_line_buf) does not have a driver, tie it to 0
W: Verilog-2020: [D:/ZGTC/Work/ccc/ipcore/fifo_line_buf/rtl/ipm2l_sdpram_v1_10_fifo_line_buf.v(line number: 779)] Net DA_bus[17] in ipm2l_sdpram_v1_10_fifo_line_buf(original module ipm2l_sdpram_v1_10_fifo_line_buf) does not have a driver, tie it to 0
W: Verilog-2020: [D:/ZGTC/Work/ccc/ipcore/fifo_line_buf/rtl/ipm2l_sdpram_v1_10_fifo_line_buf.v(line number: 779)] Net DA_bus[18] in ipm2l_sdpram_v1_10_fifo_line_buf(original module ipm2l_sdpram_v1_10_fifo_line_buf) does not have a driver, tie it to 0
W: Verilog-2020: [D:/ZGTC/Work/ccc/ipcore/fifo_line_buf/rtl/ipm2l_sdpram_v1_10_fifo_line_buf.v(line number: 779)] Net DA_bus[19] in ipm2l_sdpram_v1_10_fifo_line_buf(original module ipm2l_sdpram_v1_10_fifo_line_buf) does not have a driver, tie it to 0
W: Verilog-2020: [D:/ZGTC/Work/ccc/ipcore/fifo_line_buf/rtl/ipm2l_sdpram_v1_10_fifo_line_buf.v(line number: 779)] Net DA_bus[20] in ipm2l_sdpram_v1_10_fifo_line_buf(original module ipm2l_sdpram_v1_10_fifo_line_buf) does not have a driver, tie it to 0
W: Verilog-2020: [D:/ZGTC/Work/ccc/ipcore/fifo_line_buf/rtl/ipm2l_sdpram_v1_10_fifo_line_buf.v(line number: 779)] Net DA_bus[21] in ipm2l_sdpram_v1_10_fifo_line_buf(original module ipm2l_sdpram_v1_10_fifo_line_buf) does not have a driver, tie it to 0
W: Verilog-2020: [D:/ZGTC/Work/ccc/ipcore/fifo_line_buf/rtl/ipm2l_sdpram_v1_10_fifo_line_buf.v(line number: 779)] Net DA_bus[22] in ipm2l_sdpram_v1_10_fifo_line_buf(original module ipm2l_sdpram_v1_10_fifo_line_buf) does not have a driver, tie it to 0
W: Verilog-2020: [D:/ZGTC/Work/ccc/ipcore/fifo_line_buf/rtl/ipm2l_sdpram_v1_10_fifo_line_buf.v(line number: 779)] Net DA_bus[23] in ipm2l_sdpram_v1_10_fifo_line_buf(original module ipm2l_sdpram_v1_10_fifo_line_buf) does not have a driver, tie it to 0
W: Verilog-2020: [D:/ZGTC/Work/ccc/ipcore/fifo_line_buf/rtl/ipm2l_sdpram_v1_10_fifo_line_buf.v(line number: 779)] Net DA_bus[24] in ipm2l_sdpram_v1_10_fifo_line_buf(original module ipm2l_sdpram_v1_10_fifo_line_buf) does not have a driver, tie it to 0
W: Verilog-2020: [D:/ZGTC/Work/ccc/ipcore/fifo_line_buf/rtl/ipm2l_sdpram_v1_10_fifo_line_buf.v(line number: 779)] Net DA_bus[25] in ipm2l_sdpram_v1_10_fifo_line_buf(original module ipm2l_sdpram_v1_10_fifo_line_buf) does not have a driver, tie it to 0
W: Verilog-2020: [D:/ZGTC/Work/ccc/ipcore/fifo_line_buf/rtl/ipm2l_sdpram_v1_10_fifo_line_buf.v(line number: 779)] Net DA_bus[26] in ipm2l_sdpram_v1_10_fifo_line_buf(original module ipm2l_sdpram_v1_10_fifo_line_buf) does not have a driver, tie it to 0
W: Verilog-2020: [D:/ZGTC/Work/ccc/ipcore/fifo_line_buf/rtl/ipm2l_sdpram_v1_10_fifo_line_buf.v(line number: 779)] Net DA_bus[27] in ipm2l_sdpram_v1_10_fifo_line_buf(original module ipm2l_sdpram_v1_10_fifo_line_buf) does not have a driver, tie it to 0
W: Verilog-2020: [D:/ZGTC/Work/ccc/ipcore/fifo_line_buf/rtl/ipm2l_sdpram_v1_10_fifo_line_buf.v(line number: 779)] Net DA_bus[28] in ipm2l_sdpram_v1_10_fifo_line_buf(original module ipm2l_sdpram_v1_10_fifo_line_buf) does not have a driver, tie it to 0
W: Verilog-2020: [D:/ZGTC/Work/ccc/ipcore/fifo_line_buf/rtl/ipm2l_sdpram_v1_10_fifo_line_buf.v(line number: 779)] Net DA_bus[29] in ipm2l_sdpram_v1_10_fifo_line_buf(original module ipm2l_sdpram_v1_10_fifo_line_buf) does not have a driver, tie it to 0
W: Verilog-2020: [D:/ZGTC/Work/ccc/ipcore/fifo_line_buf/rtl/ipm2l_sdpram_v1_10_fifo_line_buf.v(line number: 779)] Net DA_bus[30] in ipm2l_sdpram_v1_10_fifo_line_buf(original module ipm2l_sdpram_v1_10_fifo_line_buf) does not have a driver, tie it to 0
W: Verilog-2020: [D:/ZGTC/Work/ccc/ipcore/fifo_line_buf/rtl/ipm2l_sdpram_v1_10_fifo_line_buf.v(line number: 779)] Net DA_bus[31] in ipm2l_sdpram_v1_10_fifo_line_buf(original module ipm2l_sdpram_v1_10_fifo_line_buf) does not have a driver, tie it to 0
W: Verilog-2020: [D:/ZGTC/Work/ccc/ipcore/fifo_line_buf/rtl/ipm2l_sdpram_v1_10_fifo_line_buf.v(line number: 779)] Net DA_bus[32] in ipm2l_sdpram_v1_10_fifo_line_buf(original module ipm2l_sdpram_v1_10_fifo_line_buf) does not have a driver, tie it to 0
W: Verilog-2020: [D:/ZGTC/Work/ccc/ipcore/fifo_line_buf/rtl/ipm2l_sdpram_v1_10_fifo_line_buf.v(line number: 779)] Net DA_bus[33] in ipm2l_sdpram_v1_10_fifo_line_buf(original module ipm2l_sdpram_v1_10_fifo_line_buf) does not have a driver, tie it to 0
W: Verilog-2020: [D:/ZGTC/Work/ccc/ipcore/fifo_line_buf/rtl/ipm2l_sdpram_v1_10_fifo_line_buf.v(line number: 779)] Net DA_bus[34] in ipm2l_sdpram_v1_10_fifo_line_buf(original module ipm2l_sdpram_v1_10_fifo_line_buf) does not have a driver, tie it to 0
W: Verilog-2020: [D:/ZGTC/Work/ccc/ipcore/fifo_line_buf/rtl/ipm2l_sdpram_v1_10_fifo_line_buf.v(line number: 779)] Net DA_bus[35] in ipm2l_sdpram_v1_10_fifo_line_buf(original module ipm2l_sdpram_v1_10_fifo_line_buf) does not have a driver, tie it to 0
W: Verilog-2020: [D:/ZGTC/Work/ccc/ipcore/fifo_line_buf/rtl/ipm2l_sdpram_v1_10_fifo_line_buf.v(line number: 780)] Net DB_bus[8] in ipm2l_sdpram_v1_10_fifo_line_buf(original module ipm2l_sdpram_v1_10_fifo_line_buf) does not have a driver, tie it to 0
W: Verilog-2020: [D:/ZGTC/Work/ccc/ipcore/fifo_line_buf/rtl/ipm2l_sdpram_v1_10_fifo_line_buf.v(line number: 780)] Net DB_bus[9] in ipm2l_sdpram_v1_10_fifo_line_buf(original module ipm2l_sdpram_v1_10_fifo_line_buf) does not have a driver, tie it to 0
W: Verilog-2020: [D:/ZGTC/Work/ccc/ipcore/fifo_line_buf/rtl/ipm2l_sdpram_v1_10_fifo_line_buf.v(line number: 780)] Net DB_bus[10] in ipm2l_sdpram_v1_10_fifo_line_buf(original module ipm2l_sdpram_v1_10_fifo_line_buf) does not have a driver, tie it to 0
W: Verilog-2020: [D:/ZGTC/Work/ccc/ipcore/fifo_line_buf/rtl/ipm2l_sdpram_v1_10_fifo_line_buf.v(line number: 780)] Net DB_bus[11] in ipm2l_sdpram_v1_10_fifo_line_buf(original module ipm2l_sdpram_v1_10_fifo_line_buf) does not have a driver, tie it to 0
W: Verilog-2020: [D:/ZGTC/Work/ccc/ipcore/fifo_line_buf/rtl/ipm2l_sdpram_v1_10_fifo_line_buf.v(line number: 780)] Net DB_bus[12] in ipm2l_sdpram_v1_10_fifo_line_buf(original module ipm2l_sdpram_v1_10_fifo_line_buf) does not have a driver, tie it to 0
W: Verilog-2020: [D:/ZGTC/Work/ccc/ipcore/fifo_line_buf/rtl/ipm2l_sdpram_v1_10_fifo_line_buf.v(line number: 780)] Net DB_bus[13] in ipm2l_sdpram_v1_10_fifo_line_buf(original module ipm2l_sdpram_v1_10_fifo_line_buf) does not have a driver, tie it to 0
W: Verilog-2020: [D:/ZGTC/Work/ccc/ipcore/fifo_line_buf/rtl/ipm2l_sdpram_v1_10_fifo_line_buf.v(line number: 780)] Net DB_bus[14] in ipm2l_sdpram_v1_10_fifo_line_buf(original module ipm2l_sdpram_v1_10_fifo_line_buf) does not have a driver, tie it to 0
W: Verilog-2020: [D:/ZGTC/Work/ccc/ipcore/fifo_line_buf/rtl/ipm2l_sdpram_v1_10_fifo_line_buf.v(line number: 780)] Net DB_bus[15] in ipm2l_sdpram_v1_10_fifo_line_buf(original module ipm2l_sdpram_v1_10_fifo_line_buf) does not have a driver, tie it to 0
W: Verilog-2020: [D:/ZGTC/Work/ccc/ipcore/fifo_line_buf/rtl/ipm2l_sdpram_v1_10_fifo_line_buf.v(line number: 780)] Net DB_bus[16] in ipm2l_sdpram_v1_10_fifo_line_buf(original module ipm2l_sdpram_v1_10_fifo_line_buf) does not have a driver, tie it to 0
W: Verilog-2020: [D:/ZGTC/Work/ccc/ipcore/fifo_line_buf/rtl/ipm2l_sdpram_v1_10_fifo_line_buf.v(line number: 780)] Net DB_bus[17] in ipm2l_sdpram_v1_10_fifo_line_buf(original module ipm2l_sdpram_v1_10_fifo_line_buf) does not have a driver, tie it to 0
W: Verilog-2020: [D:/ZGTC/Work/ccc/ipcore/fifo_line_buf/rtl/ipm2l_sdpram_v1_10_fifo_line_buf.v(line number: 780)] Net DB_bus[18] in ipm2l_sdpram_v1_10_fifo_line_buf(original module ipm2l_sdpram_v1_10_fifo_line_buf) does not have a driver, tie it to 0
W: Verilog-2020: [D:/ZGTC/Work/ccc/ipcore/fifo_line_buf/rtl/ipm2l_sdpram_v1_10_fifo_line_buf.v(line number: 780)] Net DB_bus[19] in ipm2l_sdpram_v1_10_fifo_line_buf(original module ipm2l_sdpram_v1_10_fifo_line_buf) does not have a driver, tie it to 0
W: Verilog-2020: [D:/ZGTC/Work/ccc/ipcore/fifo_line_buf/rtl/ipm2l_sdpram_v1_10_fifo_line_buf.v(line number: 780)] Net DB_bus[20] in ipm2l_sdpram_v1_10_fifo_line_buf(original module ipm2l_sdpram_v1_10_fifo_line_buf) does not have a driver, tie it to 0
W: Verilog-2020: [D:/ZGTC/Work/ccc/ipcore/fifo_line_buf/rtl/ipm2l_sdpram_v1_10_fifo_line_buf.v(line number: 780)] Net DB_bus[21] in ipm2l_sdpram_v1_10_fifo_line_buf(original module ipm2l_sdpram_v1_10_fifo_line_buf) does not have a driver, tie it to 0
W: Verilog-2020: [D:/ZGTC/Work/ccc/ipcore/fifo_line_buf/rtl/ipm2l_sdpram_v1_10_fifo_line_buf.v(line number: 780)] Net DB_bus[22] in ipm2l_sdpram_v1_10_fifo_line_buf(original module ipm2l_sdpram_v1_10_fifo_line_buf) does not have a driver, tie it to 0
W: Verilog-2020: [D:/ZGTC/Work/ccc/ipcore/fifo_line_buf/rtl/ipm2l_sdpram_v1_10_fifo_line_buf.v(line number: 780)] Net DB_bus[23] in ipm2l_sdpram_v1_10_fifo_line_buf(original module ipm2l_sdpram_v1_10_fifo_line_buf) does not have a driver, tie it to 0
W: Verilog-2020: [D:/ZGTC/Work/ccc/ipcore/fifo_line_buf/rtl/ipm2l_sdpram_v1_10_fifo_line_buf.v(line number: 780)] Net DB_bus[24] in ipm2l_sdpram_v1_10_fifo_line_buf(original module ipm2l_sdpram_v1_10_fifo_line_buf) does not have a driver, tie it to 0
W: Verilog-2020: [D:/ZGTC/Work/ccc/ipcore/fifo_line_buf/rtl/ipm2l_sdpram_v1_10_fifo_line_buf.v(line number: 780)] Net DB_bus[25] in ipm2l_sdpram_v1_10_fifo_line_buf(original module ipm2l_sdpram_v1_10_fifo_line_buf) does not have a driver, tie it to 0
W: Verilog-2020: [D:/ZGTC/Work/ccc/ipcore/fifo_line_buf/rtl/ipm2l_sdpram_v1_10_fifo_line_buf.v(line number: 780)] Net DB_bus[26] in ipm2l_sdpram_v1_10_fifo_line_buf(original module ipm2l_sdpram_v1_10_fifo_line_buf) does not have a driver, tie it to 0
W: Verilog-2020: [D:/ZGTC/Work/ccc/ipcore/fifo_line_buf/rtl/ipm2l_sdpram_v1_10_fifo_line_buf.v(line number: 780)] Net DB_bus[27] in ipm2l_sdpram_v1_10_fifo_line_buf(original module ipm2l_sdpram_v1_10_fifo_line_buf) does not have a driver, tie it to 0
W: Verilog-2020: [D:/ZGTC/Work/ccc/ipcore/fifo_line_buf/rtl/ipm2l_sdpram_v1_10_fifo_line_buf.v(line number: 780)] Net DB_bus[28] in ipm2l_sdpram_v1_10_fifo_line_buf(original module ipm2l_sdpram_v1_10_fifo_line_buf) does not have a driver, tie it to 0
W: Verilog-2020: [D:/ZGTC/Work/ccc/ipcore/fifo_line_buf/rtl/ipm2l_sdpram_v1_10_fifo_line_buf.v(line number: 780)] Net DB_bus[29] in ipm2l_sdpram_v1_10_fifo_line_buf(original module ipm2l_sdpram_v1_10_fifo_line_buf) does not have a driver, tie it to 0
W: Verilog-2020: [D:/ZGTC/Work/ccc/ipcore/fifo_line_buf/rtl/ipm2l_sdpram_v1_10_fifo_line_buf.v(line number: 780)] Net DB_bus[30] in ipm2l_sdpram_v1_10_fifo_line_buf(original module ipm2l_sdpram_v1_10_fifo_line_buf) does not have a driver, tie it to 0
W: Verilog-2020: [D:/ZGTC/Work/ccc/ipcore/fifo_line_buf/rtl/ipm2l_sdpram_v1_10_fifo_line_buf.v(line number: 780)] Net DB_bus[31] in ipm2l_sdpram_v1_10_fifo_line_buf(original module ipm2l_sdpram_v1_10_fifo_line_buf) does not have a driver, tie it to 0
W: Verilog-2020: [D:/ZGTC/Work/ccc/ipcore/fifo_line_buf/rtl/ipm2l_sdpram_v1_10_fifo_line_buf.v(line number: 780)] Net DB_bus[32] in ipm2l_sdpram_v1_10_fifo_line_buf(original module ipm2l_sdpram_v1_10_fifo_line_buf) does not have a driver, tie it to 0
W: Verilog-2020: [D:/ZGTC/Work/ccc/ipcore/fifo_line_buf/rtl/ipm2l_sdpram_v1_10_fifo_line_buf.v(line number: 780)] Net DB_bus[33] in ipm2l_sdpram_v1_10_fifo_line_buf(original module ipm2l_sdpram_v1_10_fifo_line_buf) does not have a driver, tie it to 0
W: Verilog-2020: [D:/ZGTC/Work/ccc/ipcore/fifo_line_buf/rtl/ipm2l_sdpram_v1_10_fifo_line_buf.v(line number: 780)] Net DB_bus[34] in ipm2l_sdpram_v1_10_fifo_line_buf(original module ipm2l_sdpram_v1_10_fifo_line_buf) does not have a driver, tie it to 0
W: Verilog-2020: [D:/ZGTC/Work/ccc/ipcore/fifo_line_buf/rtl/ipm2l_sdpram_v1_10_fifo_line_buf.v(line number: 780)] Net DB_bus[35] in ipm2l_sdpram_v1_10_fifo_line_buf(original module ipm2l_sdpram_v1_10_fifo_line_buf) does not have a driver, tie it to 0
I: Verilog-0004: [D:/ZGTC/Work/ccc/ipcore/fifo_line_buf/rtl/ipm2l_fifo_v1_10_fifo_line_buf.v(line number: 109)] Elaborating instance U_ipm2l_fifo_ctrl
I: Verilog-0003: [D:/ZGTC/Work/ccc/ipcore/fifo_line_buf/rtl/ipm2l_fifo_ctrl_v1_1_fifo_line_buf.v(line number: 18)] Elaborating module ipm2l_fifo_ctrl_v1_1_fifo_line_buf
I: Module instance {hdmi_ddr_ov5640_top/u_video_process/u_matrix_3x3_y/fifo_line_buf1/U_ipm2l_fifo_fifo_line_buf/U_ipm2l_fifo_ctrl} parameter value:
    c_WR_DEPTH_WIDTH = 32'b00000000000000000000000000001100
    c_RD_DEPTH_WIDTH = 32'b00000000000000000000000000001100
    c_FIFO_TYPE = ASYN
    c_ALMOST_FULL_NUM = 32'b00000000000000000000001111111100
    c_ALMOST_EMPTY_NUM = 32'b00000000000000000000000000000100
W: Verilog-2039: [D:/ZGTC/Work/ccc/ipcore/fifo_line_buf/rtl/ipm2l_fifo_ctrl_v1_1_fifo_line_buf.v(line number: 195)] Repeat multiplier in concatenation evaluates to 0
I: Verilog-0004: [D:/ZGTC/Work/ccc/source/aaa_video_process/matrix_3x3.v(line number: 106)] Elaborating instance fifo_line_buf2
I: Verilog-0003: [D:/ZGTC/Work/ccc/ipcore/fifo_line_buf/fifo_line_buf.v(line number: 16)] Elaborating module fifo_line_buf
I: Verilog-0004: [D:/ZGTC/Work/ccc/source/aaa_video_process/video_process.v(line number: 97)] Elaborating instance u_median_filter_y
I: Verilog-0003: [D:/ZGTC/Work/ccc/source/aaa_video_process/median_filter_3x3.v(line number: 2)] Elaborating module median_filter_3x3
I: Verilog-0004: [D:/ZGTC/Work/ccc/source/aaa_video_process/median_filter_3x3.v(line number: 59)] Elaborating instance u_sort3_1
I: Verilog-0003: [D:/ZGTC/Work/ccc/source/aaa_video_process/sort3.v(line number: 1)] Elaborating module sort3
I: Verilog-0004: [D:/ZGTC/Work/ccc/source/aaa_video_process/median_filter_3x3.v(line number: 72)] Elaborating instance u_sort3_2
I: Verilog-0003: [D:/ZGTC/Work/ccc/source/aaa_video_process/sort3.v(line number: 1)] Elaborating module sort3
I: Verilog-0004: [D:/ZGTC/Work/ccc/source/aaa_video_process/median_filter_3x3.v(line number: 85)] Elaborating instance u_sort3_3
I: Verilog-0003: [D:/ZGTC/Work/ccc/source/aaa_video_process/sort3.v(line number: 1)] Elaborating module sort3
I: Verilog-0004: [D:/ZGTC/Work/ccc/source/aaa_video_process/median_filter_3x3.v(line number: 99)] Elaborating instance u_sort3_4
I: Verilog-0003: [D:/ZGTC/Work/ccc/source/aaa_video_process/sort3.v(line number: 1)] Elaborating module sort3
I: Verilog-0004: [D:/ZGTC/Work/ccc/source/aaa_video_process/median_filter_3x3.v(line number: 112)] Elaborating instance u_sort3_5
I: Verilog-0003: [D:/ZGTC/Work/ccc/source/aaa_video_process/sort3.v(line number: 1)] Elaborating module sort3
I: Verilog-0004: [D:/ZGTC/Work/ccc/source/aaa_video_process/median_filter_3x3.v(line number: 125)] Elaborating instance u_sort3_6
I: Verilog-0003: [D:/ZGTC/Work/ccc/source/aaa_video_process/sort3.v(line number: 1)] Elaborating module sort3
I: Verilog-0004: [D:/ZGTC/Work/ccc/source/aaa_video_process/median_filter_3x3.v(line number: 139)] Elaborating instance u_sort3_7
I: Verilog-0003: [D:/ZGTC/Work/ccc/source/aaa_video_process/sort3.v(line number: 1)] Elaborating module sort3
I: Verilog-0004: [D:/ZGTC/Work/ccc/source/aaa_video_process/video_process.v(line number: 133)] Elaborating instance u_matrix_3x3_u
I: Verilog-0003: [D:/ZGTC/Work/ccc/source/aaa_video_process/matrix_3x3.v(line number: 2)] Elaborating module matrix_3x3
I: Module instance {hdmi_ddr_ov5640_top/u_video_process/u_matrix_3x3_u} parameter value:
    IMG_WIDTH = 32'b00000000000000000000011110000000
    IMG_HEIGHT = 32'b00000000000000000000010000111000
I: Verilog-0004: [D:/ZGTC/Work/ccc/source/aaa_video_process/video_process.v(line number: 151)] Elaborating instance u_median_filter_u
I: Verilog-0003: [D:/ZGTC/Work/ccc/source/aaa_video_process/median_filter_3x3.v(line number: 2)] Elaborating module median_filter_3x3
I: Verilog-0004: [D:/ZGTC/Work/ccc/source/aaa_video_process/video_process.v(line number: 187)] Elaborating instance u_matrix_3x3_v
I: Verilog-0003: [D:/ZGTC/Work/ccc/source/aaa_video_process/matrix_3x3.v(line number: 2)] Elaborating module matrix_3x3
I: Module instance {hdmi_ddr_ov5640_top/u_video_process/u_matrix_3x3_v} parameter value:
    IMG_WIDTH = 32'b00000000000000000000011110000000
    IMG_HEIGHT = 32'b00000000000000000000010000111000
I: Verilog-0004: [D:/ZGTC/Work/ccc/source/aaa_video_process/video_process.v(line number: 205)] Elaborating instance u_median_filter_v
I: Verilog-0003: [D:/ZGTC/Work/ccc/source/aaa_video_process/median_filter_3x3.v(line number: 2)] Elaborating module median_filter_3x3
I: Verilog-0004: [D:/ZGTC/Work/ccc/source/aaa_video_process/video_process.v(line number: 229)] Elaborating instance u_yuv2rgb
I: Verilog-0003: [D:/ZGTC/Work/ccc/source/aaa_video_process/yuv2rgb.v(line number: 1)] Elaborating module yuv2rgb
I: Verilog-0004: [D:/ZGTC/Work/ccc/source/aaa_top/hdmi_ddr_ov5640_top.v(line number: 1152)] Elaborating instance ref_clock
I: Verilog-0003: [D:/ZGTC/Work/ccc/ipcore/ref_clock/ref_clock.v(line number: 18)] Elaborating module ref_clock
I: Verilog-0004: [D:/ZGTC/Work/ccc/ipcore/ref_clock/ref_clock.v(line number: 300)] Elaborating instance u_gpll
I: Verilog-0004: [D:/ZGTC/Work/ccc/source/aaa_top/hdmi_ddr_ov5640_top.v(line number: 1158)] Elaborating instance watch_clock
I: Verilog-0003: [D:/ZGTC/Work/ccc/ipcore/watch_clk/watch_clk.v(line number: 18)] Elaborating module watch_clk
I: Verilog-0004: [D:/ZGTC/Work/ccc/ipcore/watch_clk/watch_clk.v(line number: 300)] Elaborating instance u_gpll
I: Verilog-0004: [D:/ZGTC/Work/ccc/source/aaa_top/hdmi_ddr_ov5640_top.v(line number: 1171)] Elaborating instance eth0_img_rec
I: Verilog-0003: [D:/ZGTC/Work/ccc/source/fei_eth/eth_img_rec.v(line number: 1)] Elaborating module eth_img_rec
I: Module instance {hdmi_ddr_ov5640_top/eth0_img_rec} parameter value:
    PIXEL_WIDTH = 32'b00000000000000000000000000100000
    VIDEO_LENGTH = 16'b0000001111000000
    VIDEO_HIGTH = 16'b0000001000011100
    ETH_RX_WAIT_HEAD_0 = 2'b00
    ETH_RX_WAIT_HEAD_1 = 2'b01
    ETH_RX_RECV_DATA = 2'b10
I: Verilog-0004: [D:/ZGTC/Work/ccc/source/aaa_top/hdmi_ddr_ov5640_top.v(line number: 1184)] Elaborating instance eth0_img_pkt
I: Verilog-0003: [D:/ZGTC/Work/ccc/source/fei_eth/eth_img_pkt.v(line number: 1)] Elaborating module eth_img_pkt
I: Module instance {hdmi_ddr_ov5640_top/eth0_img_pkt} parameter value:
    CMOS_H_PIXEL = 16'b0000011110111100
    CMOS_V_PIXEL = 16'b0000010000111000
    UDP_DATA_SIZE = 16'b0000011110111100
    ETH_TRAN_DELAY = 11'b01100100000
    IMG_FRAME_HEAD = 32'b11110000010110101010010100001111
I: Verilog-0004: [D:/ZGTC/Work/ccc/source/fei_eth/eth_img_pkt.v(line number: 243)] Elaborating instance u_eth_pkt_fifo
I: Verilog-0003: [D:/ZGTC/Work/ccc/ipcore/eth_pkt_fifo/eth_pkt_fifo.v(line number: 16)] Elaborating module eth_pkt_fifo
I: Verilog-0004: [D:/ZGTC/Work/ccc/ipcore/eth_pkt_fifo/eth_pkt_fifo.v(line number: 168)] Elaborating instance U_ipm2l_fifo_eth_pkt_fifo
I: Verilog-0003: [D:/ZGTC/Work/ccc/ipcore/eth_pkt_fifo/rtl/ipm2l_fifo_v1_10_eth_pkt_fifo.v(line number: 19)] Elaborating module ipm2l_fifo_v1_10_eth_pkt_fifo
I: Module instance {hdmi_ddr_ov5640_top/eth0_img_pkt/u_eth_pkt_fifo/U_ipm2l_fifo_eth_pkt_fifo} parameter value:
    c_CAS_MODE = 36K
    c_WR_DEPTH_WIDTH = 32'b00000000000000000000000000001010
    c_WR_DATA_WIDTH = 32'b00000000000000000000000000100000
    c_RD_DEPTH_WIDTH = 32'b00000000000000000000000000001010
    c_RD_DATA_WIDTH = 32'b00000000000000000000000000100000
    c_OUTPUT_REG = 32'b00000000000000000000000000000000
    c_RD_OCE_EN = 32'b00000000000000000000000000000000
    c_FAB_REG = 32'b00000000000000000000000000000000
    c_RESET_TYPE = ASYNC
    c_POWER_OPT = 32'b00000000000000000000000000000000
    c_RD_CLK_OR_POL_INV = 32'b00000000000000000000000000000000
    c_WR_BYTE_EN = 32'b00000000000000000000000000000000
    c_BE_WIDTH = 32'b00000000000000000000000000000001
    c_FIFO_TYPE = ASYN
    c_ALMOST_FULL_NUM = 32'b00000000000000000000000111111100
    c_ALMOST_EMPTY_NUM = 32'b00000000000000000000000000000100
I: Verilog-0004: [D:/ZGTC/Work/ccc/ipcore/eth_pkt_fifo/rtl/ipm2l_fifo_v1_10_eth_pkt_fifo.v(line number: 84)] Elaborating instance U_ipm2l_sdpram
I: Verilog-0003: [D:/ZGTC/Work/ccc/ipcore/eth_pkt_fifo/rtl/ipm2l_sdpram_v1_10_eth_pkt_fifo.v(line number: 18)] Elaborating module ipm2l_sdpram_v1_10_eth_pkt_fifo
I: Module instance {hdmi_ddr_ov5640_top/eth0_img_pkt/u_eth_pkt_fifo/U_ipm2l_fifo_eth_pkt_fifo/U_ipm2l_sdpram} parameter value:
    c_CAS_MODE = 36K
    c_WR_ADDR_WIDTH = 32'b00000000000000000000000000001010
    c_WR_DATA_WIDTH = 32'b00000000000000000000000000100000
    c_RD_ADDR_WIDTH = 32'b00000000000000000000000000001010
    c_RD_DATA_WIDTH = 32'b00000000000000000000000000100000
    c_WR_ADDR_STROBE_EN = 32'b00000000000000000000000000000000
    c_WR_CLK_EN = 32'b00000000000000000000000000000001
    c_OUTPUT_REG = 32'b00000000000000000000000000000000
    c_RD_OCE_EN = 32'b00000000000000000000000000000000
    c_FAB_REG = 32'b00000000000000000000000000000000
    c_RD_ADDR_STROBE_EN = 32'b00000000000000000000000000000000
    c_RD_CLK_EN = 32'b00000000000000000000000000000001
    c_RESET_TYPE = ASYNC
    c_RD_CLK_OR_POL_INV = 32'b00000000000000000000000000000000
    c_POWER_OPT = 32'b00000000000000000000000000000000
    c_INIT_FILE = NONE
    c_INIT_FORMAT = BIN
    c_WR_BYTE_EN = 32'b00000000000000000000000000000000
    c_BE_WIDTH = 32'b00000000000000000000000000000001
W: Verilog-2039: [D:/ZGTC/Work/ccc/ipcore/eth_pkt_fifo/rtl/ipm2l_sdpram_v1_10_eth_pkt_fifo.v(line number: 516)] Repeat multiplier in concatenation evaluates to 0
W: Verilog-2039: [D:/ZGTC/Work/ccc/ipcore/eth_pkt_fifo/rtl/ipm2l_sdpram_v1_10_eth_pkt_fifo.v(line number: 517)] Repeat multiplier in concatenation evaluates to 0
W: Verilog-2038: [D:/ZGTC/Work/ccc/ipcore/eth_pkt_fifo/rtl/ipm2l_sdpram_v1_10_eth_pkt_fifo.v(line number: 538)] Case condition never applies
W: Verilog-2038: [D:/ZGTC/Work/ccc/ipcore/eth_pkt_fifo/rtl/ipm2l_sdpram_v1_10_eth_pkt_fifo.v(line number: 539)] Case condition never applies
W: Verilog-2038: [D:/ZGTC/Work/ccc/ipcore/eth_pkt_fifo/rtl/ipm2l_sdpram_v1_10_eth_pkt_fifo.v(line number: 540)] Case condition never applies
W: Verilog-2038: [D:/ZGTC/Work/ccc/ipcore/eth_pkt_fifo/rtl/ipm2l_sdpram_v1_10_eth_pkt_fifo.v(line number: 541)] Case condition never applies
W: Verilog-2038: [D:/ZGTC/Work/ccc/ipcore/eth_pkt_fifo/rtl/ipm2l_sdpram_v1_10_eth_pkt_fifo.v(line number: 541)] Case condition never applies
W: Verilog-2038: [D:/ZGTC/Work/ccc/ipcore/eth_pkt_fifo/rtl/ipm2l_sdpram_v1_10_eth_pkt_fifo.v(line number: 542)] Case condition never applies
W: Verilog-2038: [D:/ZGTC/Work/ccc/ipcore/eth_pkt_fifo/rtl/ipm2l_sdpram_v1_10_eth_pkt_fifo.v(line number: 542)] Case condition never applies
W: Verilog-2039: [D:/ZGTC/Work/ccc/ipcore/eth_pkt_fifo/rtl/ipm2l_sdpram_v1_10_eth_pkt_fifo.v(line number: 670)] Repeat multiplier in concatenation evaluates to 0
W: Verilog-2038: [D:/ZGTC/Work/ccc/ipcore/eth_pkt_fifo/rtl/ipm2l_sdpram_v1_10_eth_pkt_fifo.v(line number: 687)] Case condition never applies
W: Verilog-2038: [D:/ZGTC/Work/ccc/ipcore/eth_pkt_fifo/rtl/ipm2l_sdpram_v1_10_eth_pkt_fifo.v(line number: 688)] Case condition never applies
W: Verilog-2038: [D:/ZGTC/Work/ccc/ipcore/eth_pkt_fifo/rtl/ipm2l_sdpram_v1_10_eth_pkt_fifo.v(line number: 689)] Case condition never applies
W: Verilog-2038: [D:/ZGTC/Work/ccc/ipcore/eth_pkt_fifo/rtl/ipm2l_sdpram_v1_10_eth_pkt_fifo.v(line number: 690)] Case condition never applies
W: Verilog-2038: [D:/ZGTC/Work/ccc/ipcore/eth_pkt_fifo/rtl/ipm2l_sdpram_v1_10_eth_pkt_fifo.v(line number: 690)] Case condition never applies
W: Verilog-2038: [D:/ZGTC/Work/ccc/ipcore/eth_pkt_fifo/rtl/ipm2l_sdpram_v1_10_eth_pkt_fifo.v(line number: 691)] Case condition never applies
W: Verilog-2038: [D:/ZGTC/Work/ccc/ipcore/eth_pkt_fifo/rtl/ipm2l_sdpram_v1_10_eth_pkt_fifo.v(line number: 691)] Case condition never applies
I: Verilog-0004: [D:/ZGTC/Work/ccc/ipcore/eth_pkt_fifo/rtl/ipm2l_sdpram_v1_10_eth_pkt_fifo.v(line number: 869)] Elaborating instance U_GTP_DRM36K_E1
W: Verilog-2023: [D:/ZGTC/Work/ccc/ipcore/eth_pkt_fifo/rtl/ipm2l_sdpram_v1_10_eth_pkt_fifo.v(line number: 869)] Give initial value 0 for the no drive pin INJECT_SBITERR in module instance hdmi_ddr_ov5640_top/eth0_img_pkt/u_eth_pkt_fifo/U_ipm2l_fifo_eth_pkt_fifo/U_ipm2l_sdpram.ADDR_LOOP[0].DATA_LOOP[0].U_GTP_DRM36K_E1
W: Verilog-2023: [D:/ZGTC/Work/ccc/ipcore/eth_pkt_fifo/rtl/ipm2l_sdpram_v1_10_eth_pkt_fifo.v(line number: 869)] Give initial value 0 for the no drive pin INJECT_DBITERR in module instance hdmi_ddr_ov5640_top/eth0_img_pkt/u_eth_pkt_fifo/U_ipm2l_fifo_eth_pkt_fifo/U_ipm2l_sdpram.ADDR_LOOP[0].DATA_LOOP[0].U_GTP_DRM36K_E1
W: Verilog-2020: [D:/ZGTC/Work/ccc/ipcore/eth_pkt_fifo/rtl/ipm2l_sdpram_v1_10_eth_pkt_fifo.v(line number: 779)] Net DA_bus[8] in ipm2l_sdpram_v1_10_eth_pkt_fifo(original module ipm2l_sdpram_v1_10_eth_pkt_fifo) does not have a driver, tie it to 0
W: Verilog-2020: [D:/ZGTC/Work/ccc/ipcore/eth_pkt_fifo/rtl/ipm2l_sdpram_v1_10_eth_pkt_fifo.v(line number: 779)] Net DA_bus[17] in ipm2l_sdpram_v1_10_eth_pkt_fifo(original module ipm2l_sdpram_v1_10_eth_pkt_fifo) does not have a driver, tie it to 0
W: Verilog-2020: [D:/ZGTC/Work/ccc/ipcore/eth_pkt_fifo/rtl/ipm2l_sdpram_v1_10_eth_pkt_fifo.v(line number: 779)] Net DA_bus[26] in ipm2l_sdpram_v1_10_eth_pkt_fifo(original module ipm2l_sdpram_v1_10_eth_pkt_fifo) does not have a driver, tie it to 0
W: Verilog-2020: [D:/ZGTC/Work/ccc/ipcore/eth_pkt_fifo/rtl/ipm2l_sdpram_v1_10_eth_pkt_fifo.v(line number: 779)] Net DA_bus[35] in ipm2l_sdpram_v1_10_eth_pkt_fifo(original module ipm2l_sdpram_v1_10_eth_pkt_fifo) does not have a driver, tie it to 0
W: Verilog-2020: [D:/ZGTC/Work/ccc/ipcore/eth_pkt_fifo/rtl/ipm2l_sdpram_v1_10_eth_pkt_fifo.v(line number: 780)] Net DB_bus[8] in ipm2l_sdpram_v1_10_eth_pkt_fifo(original module ipm2l_sdpram_v1_10_eth_pkt_fifo) does not have a driver, tie it to 0
W: Verilog-2020: [D:/ZGTC/Work/ccc/ipcore/eth_pkt_fifo/rtl/ipm2l_sdpram_v1_10_eth_pkt_fifo.v(line number: 780)] Net DB_bus[17] in ipm2l_sdpram_v1_10_eth_pkt_fifo(original module ipm2l_sdpram_v1_10_eth_pkt_fifo) does not have a driver, tie it to 0
W: Verilog-2020: [D:/ZGTC/Work/ccc/ipcore/eth_pkt_fifo/rtl/ipm2l_sdpram_v1_10_eth_pkt_fifo.v(line number: 780)] Net DB_bus[26] in ipm2l_sdpram_v1_10_eth_pkt_fifo(original module ipm2l_sdpram_v1_10_eth_pkt_fifo) does not have a driver, tie it to 0
W: Verilog-2020: [D:/ZGTC/Work/ccc/ipcore/eth_pkt_fifo/rtl/ipm2l_sdpram_v1_10_eth_pkt_fifo.v(line number: 780)] Net DB_bus[35] in ipm2l_sdpram_v1_10_eth_pkt_fifo(original module ipm2l_sdpram_v1_10_eth_pkt_fifo) does not have a driver, tie it to 0
I: Verilog-0004: [D:/ZGTC/Work/ccc/ipcore/eth_pkt_fifo/rtl/ipm2l_fifo_v1_10_eth_pkt_fifo.v(line number: 109)] Elaborating instance U_ipm2l_fifo_ctrl
I: Verilog-0003: [D:/ZGTC/Work/ccc/ipcore/eth_pkt_fifo/rtl/ipm2l_fifo_ctrl_v1_1_eth_pkt_fifo.v(line number: 18)] Elaborating module ipm2l_fifo_ctrl_v1_1_eth_pkt_fifo
I: Module instance {hdmi_ddr_ov5640_top/eth0_img_pkt/u_eth_pkt_fifo/U_ipm2l_fifo_eth_pkt_fifo/U_ipm2l_fifo_ctrl} parameter value:
    c_WR_DEPTH_WIDTH = 32'b00000000000000000000000000001010
    c_RD_DEPTH_WIDTH = 32'b00000000000000000000000000001010
    c_FIFO_TYPE = ASYN
    c_ALMOST_FULL_NUM = 32'b00000000000000000000000111111100
    c_ALMOST_EMPTY_NUM = 32'b00000000000000000000000000000100
W: Verilog-2039: [D:/ZGTC/Work/ccc/ipcore/eth_pkt_fifo/rtl/ipm2l_fifo_ctrl_v1_1_eth_pkt_fifo.v(line number: 195)] Repeat multiplier in concatenation evaluates to 0
W: Verilog-2019: [D:/ZGTC/Work/ccc/source/aaa_top/hdmi_ddr_ov5640_top.v(line number: 1184)] Width mismatch between port transfer_flag and signal bound to it for instantiated module eth_img_pkt
I: Verilog-0004: [D:/ZGTC/Work/ccc/source/aaa_top/hdmi_ddr_ov5640_top.v(line number: 1212)] Elaborating instance u_rgmii_interface
I: Verilog-0003: [D:/ZGTC/Work/ccc/source/fei_eth/rgmii_interface.v(line number: 5)] Elaborating module rgmii_interface
I: Module instance {hdmi_ddr_ov5640_top/u_rgmii_interface} parameter value:
    delay_step_b = 8'b10110100
    DELAY_STEP = 8'b11100110
I: Verilog-0004: [D:/ZGTC/Work/ccc/source/fei_eth/rgmii_interface.v(line number: 46)] Elaborating instance rgmii_txd_ddr
I: Verilog-0004: [D:/ZGTC/Work/ccc/source/fei_eth/rgmii_interface.v(line number: 59)] Elaborating instance u_rgmii_txd_obuf
I: Verilog-0004: [D:/ZGTC/Work/ccc/source/fei_eth/rgmii_interface.v(line number: 46)] Elaborating instance rgmii_txd_ddr
I: Verilog-0004: [D:/ZGTC/Work/ccc/source/fei_eth/rgmii_interface.v(line number: 59)] Elaborating instance u_rgmii_txd_obuf
I: Verilog-0004: [D:/ZGTC/Work/ccc/source/fei_eth/rgmii_interface.v(line number: 46)] Elaborating instance rgmii_txd_ddr
I: Verilog-0004: [D:/ZGTC/Work/ccc/source/fei_eth/rgmii_interface.v(line number: 59)] Elaborating instance u_rgmii_txd_obuf
I: Verilog-0004: [D:/ZGTC/Work/ccc/source/fei_eth/rgmii_interface.v(line number: 46)] Elaborating instance rgmii_txd_ddr
I: Verilog-0004: [D:/ZGTC/Work/ccc/source/fei_eth/rgmii_interface.v(line number: 59)] Elaborating instance u_rgmii_txd_obuf
I: Verilog-0004: [D:/ZGTC/Work/ccc/source/fei_eth/rgmii_interface.v(line number: 71)] Elaborating instance rgmii_tdv_ddr
I: Verilog-0004: [D:/ZGTC/Work/ccc/source/fei_eth/rgmii_interface.v(line number: 84)] Elaborating instance u_rgmii_tx_ctl_obuf
I: Verilog-0004: [D:/ZGTC/Work/ccc/source/fei_eth/rgmii_interface.v(line number: 93)] Elaborating instance rgmii_txc_ddr
I: Verilog-0004: [D:/ZGTC/Work/ccc/source/fei_eth/rgmii_interface.v(line number: 112)] Elaborating instance tx_clk_delay
I: Verilog-0004: [D:/ZGTC/Work/ccc/source/fei_eth/rgmii_interface.v(line number: 124)] Elaborating instance u_rgmii_txc_obuf
I: Verilog-0004: [D:/ZGTC/Work/ccc/source/fei_eth/rgmii_interface.v(line number: 165)] Elaborating instance GTP_CLKBUFG_RXSHFT
I: Verilog-0004: [D:/ZGTC/Work/ccc/source/fei_eth/rgmii_interface.v(line number: 173)] Elaborating instance u_rgmii_rx_ctl_ibuf
I: Verilog-0004: [D:/ZGTC/Work/ccc/source/fei_eth/rgmii_interface.v(line number: 184)] Elaborating instance delay_rgmii_rx_ctl
I: Verilog-0004: [D:/ZGTC/Work/ccc/source/fei_eth/rgmii_interface.v(line number: 196)] Elaborating instance rgmii_rx_ctl_in
I: Verilog-0004: [D:/ZGTC/Work/ccc/source/fei_eth/rgmii_interface.v(line number: 227)] Elaborating instance u_rgmii_rxd_ibuf
I: Verilog-0004: [D:/ZGTC/Work/ccc/source/fei_eth/rgmii_interface.v(line number: 236)] Elaborating instance delay_rgmii_rxd
I: Verilog-0004: [D:/ZGTC/Work/ccc/source/fei_eth/rgmii_interface.v(line number: 248)] Elaborating instance rgmii_rx_ctl_in
I: Verilog-0004: [D:/ZGTC/Work/ccc/source/fei_eth/rgmii_interface.v(line number: 227)] Elaborating instance u_rgmii_rxd_ibuf
I: Verilog-0004: [D:/ZGTC/Work/ccc/source/fei_eth/rgmii_interface.v(line number: 236)] Elaborating instance delay_rgmii_rxd
I: Verilog-0004: [D:/ZGTC/Work/ccc/source/fei_eth/rgmii_interface.v(line number: 248)] Elaborating instance rgmii_rx_ctl_in
I: Verilog-0004: [D:/ZGTC/Work/ccc/source/fei_eth/rgmii_interface.v(line number: 227)] Elaborating instance u_rgmii_rxd_ibuf
I: Verilog-0004: [D:/ZGTC/Work/ccc/source/fei_eth/rgmii_interface.v(line number: 236)] Elaborating instance delay_rgmii_rxd
I: Verilog-0004: [D:/ZGTC/Work/ccc/source/fei_eth/rgmii_interface.v(line number: 248)] Elaborating instance rgmii_rx_ctl_in
I: Verilog-0004: [D:/ZGTC/Work/ccc/source/fei_eth/rgmii_interface.v(line number: 227)] Elaborating instance u_rgmii_rxd_ibuf
I: Verilog-0004: [D:/ZGTC/Work/ccc/source/fei_eth/rgmii_interface.v(line number: 236)] Elaborating instance delay_rgmii_rxd
I: Verilog-0004: [D:/ZGTC/Work/ccc/source/fei_eth/rgmii_interface.v(line number: 248)] Elaborating instance rgmii_rx_ctl_in
I: Verilog-0004: [D:/ZGTC/Work/ccc/source/aaa_top/hdmi_ddr_ov5640_top.v(line number: 1264)] Elaborating instance u_udp
I: Verilog-0003: [D:/ZGTC/Work/ccc/source/fei_eth/udp_top.v(line number: 1)] Elaborating module udp_top
I: Module instance {hdmi_ddr_ov5640_top/u_udp} parameter value:
    BOARD_MAC = 48'b101000001011000111000010110100111110000111100001
    BOARD_IP = 32'b11000000101010000000000101101110
    DES_MAC = 48'b011101000101110100100010000000001101000001101110
    DES_IP = 32'b11000000101010000000000101101001
I: Verilog-0004: [D:/ZGTC/Work/ccc/source/fei_eth/udp_top.v(line number: 60)] Elaborating instance u_udp_rx
I: Verilog-0003: [D:/ZGTC/Work/ccc/source/fei_eth/udp_rx.v(line number: 1)] Elaborating module udp_rx
I: Module instance {hdmi_ddr_ov5640_top/u_udp/u_udp_rx} parameter value:
    BOARD_MAC = 48'b101000001011000111000010110100111110000111100001
    BOARD_IP = 32'b11000000101010000000000101101110
I: Verilog-0004: [D:/ZGTC/Work/ccc/source/fei_eth/udp_top.v(line number: 80)] Elaborating instance u_udp_tx
I: Verilog-0003: [D:/ZGTC/Work/ccc/source/fei_eth/udp_tx.v(line number: 1)] Elaborating module udp_tx
I: Module instance {hdmi_ddr_ov5640_top/u_udp/u_udp_tx} parameter value:
    BOARD_MAC = 48'b101000001011000111000010110100111110000111100001
    BOARD_IP = 32'b11000000101010000000000101101110
    DES_MAC = 48'b011101000101110100100010000000001101000001101110
    DES_IP = 32'b11000000101010000000000101101001
I: Verilog-0004: [D:/ZGTC/Work/ccc/source/fei_eth/udp_top.v(line number: 99)] Elaborating instance u_crc32_d8
I: Verilog-0003: [D:/ZGTC/Work/ccc/source/fei_eth/crc32_d8.v(line number: 22)] Elaborating module crc32_d8
I: Verilog-0004: [D:/ZGTC/Work/ccc/source/aaa_top/hdmi_ddr_ov5640_top.v(line number: 1289)] Elaborating instance u_rgmii_delay_calib
I: Verilog-0003: [D:/ZGTC/Work/ccc/source/dynamic_delay.v(line number: 1)] Elaborating module rgmii_delay_calib
W: Verilog-2019: [D:/ZGTC/Work/ccc/source/aaa_top/hdmi_ddr_ov5640_top.v(line number: 1289)] Width mismatch between port start and signal bound to it for instantiated module rgmii_delay_calib
W: Verilog-2019: [D:/ZGTC/Work/ccc/source/aaa_top/hdmi_ddr_ov5640_top.v(line number: 1289)] Width mismatch between port delay_step_b and signal bound to it for instantiated module rgmii_delay_calib
W: Verilog-2019: [D:/ZGTC/Work/ccc/source/aaa_top/hdmi_ddr_ov5640_top.v(line number: 1289)] Width mismatch between port best_delay and signal bound to it for instantiated module rgmii_delay_calib
W: Verilog-2036: [D:/ZGTC/Work/ccc/source/aaa_top/hdmi_ddr_ov5640_top.v(line number: 1025)] Net video_enhance_lightdown_num connected to input port of module instance hdmi_ddr_ov5640_top.u_video_process has no driver, tie it to 0
W: Verilog-2036: [D:/ZGTC/Work/ccc/source/aaa_top/hdmi_ddr_ov5640_top.v(line number: 1025)] Net video_enhance_lightdown_sw connected to input port of module instance hdmi_ddr_ov5640_top.u_video_process has no driver, tie it to 0
W: Verilog-2036: [D:/ZGTC/Work/ccc/source/aaa_top/hdmi_ddr_ov5640_top.v(line number: 1025)] Net video_enhance_darkup_num connected to input port of module instance hdmi_ddr_ov5640_top.u_video_process has no driver, tie it to 0
W: Verilog-2036: [D:/ZGTC/Work/ccc/source/aaa_top/hdmi_ddr_ov5640_top.v(line number: 1025)] Net video_enhance_darkup_sw connected to input port of module instance hdmi_ddr_ov5640_top.u_video_process has no driver, tie it to 0
W: Verilog-2023: [D:/ZGTC/Work/ccc/source/aaa_top/hdmi_ddr_ov5640_top.v(line number: 1212)] Give initial value 0 for the no drive pin rgmii_clk_90p in module instance hdmi_ddr_ov5640_top.u_rgmii_interface
W: Verilog-2024: [D:/ZGTC/Work/ccc/source/aaa_top/hdmi_ddr_ov5640_top.v(line number: 7)] Give an initial value for the no drive output pin led_test in graph of sdm module hdmi_ddr_ov5640_top
Executing : rtl-elaborate successfully. Time elapsed: 0.433s wall, 0.266s user + 0.156s system = 0.422s CPU (97.5%)

Start rtl-prep.
Executing : rtl-prep successfully. Time elapsed: 0.369s wall, 0.359s user + 0.016s system = 0.375s CPU (101.5%)

Start rtl-infer.
Start DFF-inference.
W: Sdm-2000: [D:/ZGTC/Work/ccc/source/aaa_top/hdmi_ddr_ov5640_top.v(line number: 1084)] Removed register node cnt[26] that is stuck at constant 0.
W: Sdm-2000: [D:/ZGTC/Work/ccc/source/aaa_top/hdmi_ddr_ov5640_top.v(line number: 1084)] Removed register node cnt[25] that is stuck at constant 0.
W: Sdm-2000: [D:/ZGTC/Work/ccc/source/cmos/reg_config.v(line number: 51)] Removed register node coms2_reg_config/clock_20k_cnt[15] that is stuck at constant 0.
W: Sdm-2000: [D:/ZGTC/Work/ccc/source/cmos/reg_config.v(line number: 51)] Removed register node coms2_reg_config/clock_20k_cnt[14] that is stuck at constant 0.
W: Sdm-2000: [D:/ZGTC/Work/ccc/source/cmos/reg_config.v(line number: 51)] Removed register node coms2_reg_config/clock_20k_cnt[13] that is stuck at constant 0.
W: Sdm-2000: [D:/ZGTC/Work/ccc/source/cmos/reg_config.v(line number: 51)] Removed register node coms2_reg_config/clock_20k_cnt[12] that is stuck at constant 0.
W: Sdm-2000: [D:/ZGTC/Work/ccc/source/cmos/reg_config.v(line number: 51)] Removed register node coms2_reg_config/clock_20k_cnt[11] that is stuck at constant 0.
W: Sdm-2000: [D:/ZGTC/Work/ccc/source/cmos/reg_config.v(line number: 51)] Removed register node coms1_reg_config/clock_20k_cnt[15] that is stuck at constant 0.
W: Sdm-2000: [D:/ZGTC/Work/ccc/source/cmos/reg_config.v(line number: 51)] Removed register node coms1_reg_config/clock_20k_cnt[14] that is stuck at constant 0.
W: Sdm-2000: [D:/ZGTC/Work/ccc/source/cmos/reg_config.v(line number: 51)] Removed register node coms1_reg_config/clock_20k_cnt[13] that is stuck at constant 0.
W: Sdm-2000: [D:/ZGTC/Work/ccc/source/cmos/reg_config.v(line number: 51)] Removed register node coms1_reg_config/clock_20k_cnt[12] that is stuck at constant 0.
W: Sdm-2000: [D:/ZGTC/Work/ccc/source/cmos/reg_config.v(line number: 51)] Removed register node coms1_reg_config/clock_20k_cnt[11] that is stuck at constant 0.
W: Sdm-2004: [D:/ZGTC/Work/ccc/source/cmos/reg_config.v(line number: 36)] Latch is generated for signal reg_data, possible missing assignment in an if or case statement.
I: Removed inst r_ram1_rd_addr that is redundant to r_ram0_rd_addr[10:0].
W: Sdm-2014: Feedback mux created for signal 'ip_head[6] [31]'. It is possible a async set/reset assignment for this is signal missing. To improve timing and area, specify a set/reset value. 
W: Sdm-2014: Feedback mux created for signal 'ip_head[6] [30]'. It is possible a async set/reset assignment for this is signal missing. To improve timing and area, specify a set/reset value. 
W: Sdm-2014: Feedback mux created for signal 'ip_head[0] [0]'. It is possible a async set/reset assignment for this is signal missing. To improve timing and area, specify a set/reset value. 
W: Sdm-2014: Feedback mux created for signal 'ip_head[0] [1]'. It is possible a async set/reset assignment for this is signal missing. To improve timing and area, specify a set/reset value. 
W: Sdm-2014: Feedback mux created for signal 'ip_head[0] [2]'. It is possible a async set/reset assignment for this is signal missing. To improve timing and area, specify a set/reset value. 
W: Sdm-2014: Feedback mux created for signal 'ip_head[0] [3]'. It is possible a async set/reset assignment for this is signal missing. To improve timing and area, specify a set/reset value. 
W: Sdm-2014: Feedback mux created for signal 'ip_head[0] [4]'. It is possible a async set/reset assignment for this is signal missing. To improve timing and area, specify a set/reset value. 
W: Sdm-2014: Feedback mux created for signal 'ip_head[0] [5]'. It is possible a async set/reset assignment for this is signal missing. To improve timing and area, specify a set/reset value. 
W: Sdm-2014: Feedback mux created for signal 'ip_head[0] [6]'. It is possible a async set/reset assignment for this is signal missing. To improve timing and area, specify a set/reset value. 
W: Sdm-2014: Feedback mux created for signal 'ip_head[0] [7]'. It is possible a async set/reset assignment for this is signal missing. To improve timing and area, specify a set/reset value. 
W: Sdm-2014: Feedback mux created for signal 'ip_head[0] [8]'. It is possible a async set/reset assignment for this is signal missing. To improve timing and area, specify a set/reset value. 
W: Sdm-2014: Feedback mux created for signal 'ip_head[0] [9]'. It is possible a async set/reset assignment for this is signal missing. To improve timing and area, specify a set/reset value. 
W: Sdm-2014: Feedback mux created for signal 'ip_head[0] [10]'. It is possible a async set/reset assignment for this is signal missing. To improve timing and area, specify a set/reset value. 
W: Sdm-2014: Feedback mux created for signal 'ip_head[0] [11]'. It is possible a async set/reset assignment for this is signal missing. To improve timing and area, specify a set/reset value. 
W: Sdm-2014: Feedback mux created for signal 'ip_head[0] [12]'. It is possible a async set/reset assignment for this is signal missing. To improve timing and area, specify a set/reset value. 
W: Sdm-2014: Feedback mux created for signal 'ip_head[0] [13]'. It is possible a async set/reset assignment for this is signal missing. To improve timing and area, specify a set/reset value. 
W: Sdm-2014: Feedback mux created for signal 'ip_head[0] [14]'. It is possible a async set/reset assignment for this is signal missing. To improve timing and area, specify a set/reset value. 
W: Sdm-2014: Feedback mux created for signal 'ip_head[0] [15]'. It is possible a async set/reset assignment for this is signal missing. To improve timing and area, specify a set/reset value. 
W: Sdm-2014: Feedback mux created for signal 'ip_head[0] [16]'. It is possible a async set/reset assignment for this is signal missing. To improve timing and area, specify a set/reset value. 
W: Sdm-2014: Feedback mux created for signal 'ip_head[0] [17]'. It is possible a async set/reset assignment for this is signal missing. To improve timing and area, specify a set/reset value. 
W: Sdm-2014: Feedback mux created for signal 'ip_head[0] [18]'. It is possible a async set/reset assignment for this is signal missing. To improve timing and area, specify a set/reset value. 
W: Sdm-2014: Feedback mux created for signal 'ip_head[0] [19]'. It is possible a async set/reset assignment for this is signal missing. To improve timing and area, specify a set/reset value. 
W: Sdm-2014: Feedback mux created for signal 'ip_head[0] [20]'. It is possible a async set/reset assignment for this is signal missing. To improve timing and area, specify a set/reset value. 
W: Sdm-2014: Feedback mux created for signal 'ip_head[0] [21]'. It is possible a async set/reset assignment for this is signal missing. To improve timing and area, specify a set/reset value. 
W: Sdm-2014: Feedback mux created for signal 'ip_head[0] [22]'. It is possible a async set/reset assignment for this is signal missing. To improve timing and area, specify a set/reset value. 
W: Sdm-2014: Feedback mux created for signal 'ip_head[0] [23]'. It is possible a async set/reset assignment for this is signal missing. To improve timing and area, specify a set/reset value. 
W: Sdm-2014: Feedback mux created for signal 'ip_head[0] [24]'. It is possible a async set/reset assignment for this is signal missing. To improve timing and area, specify a set/reset value. 
W: Sdm-2014: Feedback mux created for signal 'ip_head[0] [25]'. It is possible a async set/reset assignment for this is signal missing. To improve timing and area, specify a set/reset value. 
W: Sdm-2014: Feedback mux created for signal 'ip_head[0] [26]'. It is possible a async set/reset assignment for this is signal missing. To improve timing and area, specify a set/reset value. 
W: Sdm-2014: Feedback mux created for signal 'ip_head[0] [27]'. It is possible a async set/reset assignment for this is signal missing. To improve timing and area, specify a set/reset value. 
W: Sdm-2014: Feedback mux created for signal 'ip_head[0] [28]'. It is possible a async set/reset assignment for this is signal missing. To improve timing and area, specify a set/reset value. 
W: Sdm-2014: Feedback mux created for signal 'ip_head[0] [29]'. It is possible a async set/reset assignment for this is signal missing. To improve timing and area, specify a set/reset value. 
W: Sdm-2014: Feedback mux created for signal 'ip_head[0] [30]'. It is possible a async set/reset assignment for this is signal missing. To improve timing and area, specify a set/reset value. 
W: Sdm-2014: Feedback mux created for signal 'ip_head[0] [31]'. It is possible a async set/reset assignment for this is signal missing. To improve timing and area, specify a set/reset value. 
W: Sdm-2014: Feedback mux created for signal 'ip_head[1] [0]'. It is possible a async set/reset assignment for this is signal missing. To improve timing and area, specify a set/reset value. 
W: Sdm-2014: Feedback mux created for signal 'ip_head[1] [1]'. It is possible a async set/reset assignment for this is signal missing. To improve timing and area, specify a set/reset value. 
W: Sdm-2014: Feedback mux created for signal 'ip_head[1] [2]'. It is possible a async set/reset assignment for this is signal missing. To improve timing and area, specify a set/reset value. 
W: Sdm-2014: Feedback mux created for signal 'ip_head[1] [3]'. It is possible a async set/reset assignment for this is signal missing. To improve timing and area, specify a set/reset value. 
W: Sdm-2014: Feedback mux created for signal 'ip_head[1] [4]'. It is possible a async set/reset assignment for this is signal missing. To improve timing and area, specify a set/reset value. 
W: Sdm-2014: Feedback mux created for signal 'ip_head[1] [5]'. It is possible a async set/reset assignment for this is signal missing. To improve timing and area, specify a set/reset value. 
W: Sdm-2014: Feedback mux created for signal 'ip_head[1] [6]'. It is possible a async set/reset assignment for this is signal missing. To improve timing and area, specify a set/reset value. 
W: Sdm-2014: Feedback mux created for signal 'ip_head[1] [7]'. It is possible a async set/reset assignment for this is signal missing. To improve timing and area, specify a set/reset value. 
W: Sdm-2014: Feedback mux created for signal 'ip_head[1] [8]'. It is possible a async set/reset assignment for this is signal missing. To improve timing and area, specify a set/reset value. 
W: Sdm-2014: Feedback mux created for signal 'ip_head[1] [9]'. It is possible a async set/reset assignment for this is signal missing. To improve timing and area, specify a set/reset value. 
W: Sdm-2014: Feedback mux created for signal 'ip_head[1] [10]'. It is possible a async set/reset assignment for this is signal missing. To improve timing and area, specify a set/reset value. 
W: Sdm-2014: Feedback mux created for signal 'ip_head[1] [11]'. It is possible a async set/reset assignment for this is signal missing. To improve timing and area, specify a set/reset value. 
W: Sdm-2014: Feedback mux created for signal 'ip_head[1] [12]'. It is possible a async set/reset assignment for this is signal missing. To improve timing and area, specify a set/reset value. 
W: Sdm-2014: Feedback mux created for signal 'ip_head[1] [13]'. It is possible a async set/reset assignment for this is signal missing. To improve timing and area, specify a set/reset value. 
W: Sdm-2014: Feedback mux created for signal 'ip_head[1] [14]'. It is possible a async set/reset assignment for this is signal missing. To improve timing and area, specify a set/reset value. 
W: Sdm-2014: Feedback mux created for signal 'ip_head[1] [15]'. It is possible a async set/reset assignment for this is signal missing. To improve timing and area, specify a set/reset value. 
W: Sdm-2014: Feedback mux created for signal 'ip_head[2] [0]'. It is possible a async set/reset assignment for this is signal missing. To improve timing and area, specify a set/reset value. 
W: Sdm-2014: Feedback mux created for signal 'ip_head[2] [1]'. It is possible a async set/reset assignment for this is signal missing. To improve timing and area, specify a set/reset value. 
W: Sdm-2014: Feedback mux created for signal 'ip_head[2] [2]'. It is possible a async set/reset assignment for this is signal missing. To improve timing and area, specify a set/reset value. 
W: Sdm-2014: Feedback mux created for signal 'ip_head[2] [3]'. It is possible a async set/reset assignment for this is signal missing. To improve timing and area, specify a set/reset value. 
W: Sdm-2014: Feedback mux created for signal 'ip_head[2] [4]'. It is possible a async set/reset assignment for this is signal missing. To improve timing and area, specify a set/reset value. 
W: Sdm-2014: Feedback mux created for signal 'ip_head[2] [5]'. It is possible a async set/reset assignment for this is signal missing. To improve timing and area, specify a set/reset value. 
W: Sdm-2014: Feedback mux created for signal 'ip_head[2] [6]'. It is possible a async set/reset assignment for this is signal missing. To improve timing and area, specify a set/reset value. 
W: Sdm-2014: Feedback mux created for signal 'ip_head[2] [7]'. It is possible a async set/reset assignment for this is signal missing. To improve timing and area, specify a set/reset value. 
W: Sdm-2014: Feedback mux created for signal 'ip_head[2] [8]'. It is possible a async set/reset assignment for this is signal missing. To improve timing and area, specify a set/reset value. 
W: Sdm-2014: Feedback mux created for signal 'ip_head[2] [9]'. It is possible a async set/reset assignment for this is signal missing. To improve timing and area, specify a set/reset value. 
W: Sdm-2014: Feedback mux created for signal 'ip_head[2] [10]'. It is possible a async set/reset assignment for this is signal missing. To improve timing and area, specify a set/reset value. 
W: Sdm-2014: Feedback mux created for signal 'ip_head[2] [11]'. It is possible a async set/reset assignment for this is signal missing. To improve timing and area, specify a set/reset value. 
W: Sdm-2014: Feedback mux created for signal 'ip_head[2] [12]'. It is possible a async set/reset assignment for this is signal missing. To improve timing and area, specify a set/reset value. 
W: Sdm-2014: Feedback mux created for signal 'ip_head[2] [13]'. It is possible a async set/reset assignment for this is signal missing. To improve timing and area, specify a set/reset value. 
W: Sdm-2014: Feedback mux created for signal 'ip_head[2] [14]'. It is possible a async set/reset assignment for this is signal missing. To improve timing and area, specify a set/reset value. 
W: Sdm-2014: Feedback mux created for signal 'ip_head[2] [15]'. It is possible a async set/reset assignment for this is signal missing. To improve timing and area, specify a set/reset value. 
W: Sdm-2014: Feedback mux created for signal 'ip_head[2] [16]'. It is possible a async set/reset assignment for this is signal missing. To improve timing and area, specify a set/reset value. 
W: Sdm-2014: Feedback mux created for signal 'ip_head[2] [17]'. It is possible a async set/reset assignment for this is signal missing. To improve timing and area, specify a set/reset value. 
W: Sdm-2014: Feedback mux created for signal 'ip_head[2] [18]'. It is possible a async set/reset assignment for this is signal missing. To improve timing and area, specify a set/reset value. 
W: Sdm-2014: Feedback mux created for signal 'ip_head[2] [19]'. It is possible a async set/reset assignment for this is signal missing. To improve timing and area, specify a set/reset value. 
W: Sdm-2014: Feedback mux created for signal 'ip_head[2] [20]'. It is possible a async set/reset assignment for this is signal missing. To improve timing and area, specify a set/reset value. 
W: Sdm-2014: Feedback mux created for signal 'ip_head[2] [21]'. It is possible a async set/reset assignment for this is signal missing. To improve timing and area, specify a set/reset value. 
W: Sdm-2014: Feedback mux created for signal 'ip_head[2] [22]'. It is possible a async set/reset assignment for this is signal missing. To improve timing and area, specify a set/reset value. 
W: Sdm-2014: Feedback mux created for signal 'ip_head[2] [23]'. It is possible a async set/reset assignment for this is signal missing. To improve timing and area, specify a set/reset value. 
W: Sdm-2014: Feedback mux created for signal 'ip_head[2] [24]'. It is possible a async set/reset assignment for this is signal missing. To improve timing and area, specify a set/reset value. 
W: Sdm-2014: Feedback mux created for signal 'ip_head[2] [25]'. It is possible a async set/reset assignment for this is signal missing. To improve timing and area, specify a set/reset value. 
W: Sdm-2014: Feedback mux created for signal 'ip_head[2] [26]'. It is possible a async set/reset assignment for this is signal missing. To improve timing and area, specify a set/reset value. 
W: Sdm-2014: Feedback mux created for signal 'ip_head[2] [27]'. It is possible a async set/reset assignment for this is signal missing. To improve timing and area, specify a set/reset value. 
W: Sdm-2014: Feedback mux created for signal 'ip_head[2] [28]'. It is possible a async set/reset assignment for this is signal missing. To improve timing and area, specify a set/reset value. 
W: Sdm-2014: Feedback mux created for signal 'ip_head[2] [29]'. It is possible a async set/reset assignment for this is signal missing. To improve timing and area, specify a set/reset value. 
W: Sdm-2014: Feedback mux created for signal 'ip_head[2] [30]'. It is possible a async set/reset assignment for this is signal missing. To improve timing and area, specify a set/reset value. 
W: Sdm-2014: Feedback mux created for signal 'ip_head[2] [31]'. It is possible a async set/reset assignment for this is signal missing. To improve timing and area, specify a set/reset value. 
W: Sdm-2014: Feedback mux created for signal 'ip_head[3] [0]'. It is possible a async set/reset assignment for this is signal missing. To improve timing and area, specify a set/reset value. 
W: Sdm-2014: Feedback mux created for signal 'ip_head[3] [1]'. It is possible a async set/reset assignment for this is signal missing. To improve timing and area, specify a set/reset value. 
W: Sdm-2014: Feedback mux created for signal 'ip_head[3] [2]'. It is possible a async set/reset assignment for this is signal missing. To improve timing and area, specify a set/reset value. 
W: Sdm-2014: Feedback mux created for signal 'ip_head[3] [3]'. It is possible a async set/reset assignment for this is signal missing. To improve timing and area, specify a set/reset value. 
W: Sdm-2014: Feedback mux created for signal 'ip_head[3] [4]'. It is possible a async set/reset assignment for this is signal missing. To improve timing and area, specify a set/reset value. 
W: Sdm-2014: Feedback mux created for signal 'ip_head[3] [5]'. It is possible a async set/reset assignment for this is signal missing. To improve timing and area, specify a set/reset value. 
W: Sdm-2014: Feedback mux created for signal 'ip_head[3] [6]'. It is possible a async set/reset assignment for this is signal missing. To improve timing and area, specify a set/reset value. 
W: Sdm-2014: Feedback mux created for signal 'ip_head[3] [7]'. It is possible a async set/reset assignment for this is signal missing. To improve timing and area, specify a set/reset value. 
W: Sdm-2014: Feedback mux created for signal 'ip_head[3] [8]'. It is possible a async set/reset assignment for this is signal missing. To improve timing and area, specify a set/reset value. 
W: Sdm-2014: Feedback mux created for signal 'ip_head[3] [9]'. It is possible a async set/reset assignment for this is signal missing. To improve timing and area, specify a set/reset value. 
W: Sdm-2014: Feedback mux created for signal 'ip_head[3] [10]'. It is possible a async set/reset assignment for this is signal missing. To improve timing and area, specify a set/reset value. 
W: Sdm-2014: Feedback mux created for signal 'ip_head[3] [11]'. It is possible a async set/reset assignment for this is signal missing. To improve timing and area, specify a set/reset value. 
W: Sdm-2014: Feedback mux created for signal 'ip_head[3] [12]'. It is possible a async set/reset assignment for this is signal missing. To improve timing and area, specify a set/reset value. 
W: Sdm-2014: Feedback mux created for signal 'ip_head[3] [13]'. It is possible a async set/reset assignment for this is signal missing. To improve timing and area, specify a set/reset value. 
W: Sdm-2014: Feedback mux created for signal 'ip_head[3] [14]'. It is possible a async set/reset assignment for this is signal missing. To improve timing and area, specify a set/reset value. 
W: Sdm-2014: Feedback mux created for signal 'ip_head[3] [15]'. It is possible a async set/reset assignment for this is signal missing. To improve timing and area, specify a set/reset value. 
W: Sdm-2014: Feedback mux created for signal 'ip_head[3] [16]'. It is possible a async set/reset assignment for this is signal missing. To improve timing and area, specify a set/reset value. 
W: Sdm-2014: Feedback mux created for signal 'ip_head[3] [17]'. It is possible a async set/reset assignment for this is signal missing. To improve timing and area, specify a set/reset value. 
W: Sdm-2014: Feedback mux created for signal 'ip_head[3] [18]'. It is possible a async set/reset assignment for this is signal missing. To improve timing and area, specify a set/reset value. 
W: Sdm-2014: Feedback mux created for signal 'ip_head[3] [19]'. It is possible a async set/reset assignment for this is signal missing. To improve timing and area, specify a set/reset value. 
W: Sdm-2014: Feedback mux created for signal 'ip_head[3] [20]'. It is possible a async set/reset assignment for this is signal missing. To improve timing and area, specify a set/reset value. 
W: Sdm-2014: Feedback mux created for signal 'ip_head[3] [21]'. It is possible a async set/reset assignment for this is signal missing. To improve timing and area, specify a set/reset value. 
W: Sdm-2014: Feedback mux created for signal 'ip_head[3] [22]'. It is possible a async set/reset assignment for this is signal missing. To improve timing and area, specify a set/reset value. 
W: Sdm-2014: Feedback mux created for signal 'ip_head[3] [23]'. It is possible a async set/reset assignment for this is signal missing. To improve timing and area, specify a set/reset value. 
W: Sdm-2014: Feedback mux created for signal 'ip_head[3] [24]'. It is possible a async set/reset assignment for this is signal missing. To improve timing and area, specify a set/reset value. 
W: Sdm-2014: Feedback mux created for signal 'ip_head[3] [25]'. It is possible a async set/reset assignment for this is signal missing. To improve timing and area, specify a set/reset value. 
W: Sdm-2014: Feedback mux created for signal 'ip_head[3] [26]'. It is possible a async set/reset assignment for this is signal missing. To improve timing and area, specify a set/reset value. 
W: Sdm-2014: Feedback mux created for signal 'ip_head[3] [27]'. It is possible a async set/reset assignment for this is signal missing. To improve timing and area, specify a set/reset value. 
W: Sdm-2014: Feedback mux created for signal 'ip_head[3] [28]'. It is possible a async set/reset assignment for this is signal missing. To improve timing and area, specify a set/reset value. 
W: Sdm-2014: Feedback mux created for signal 'ip_head[3] [29]'. It is possible a async set/reset assignment for this is signal missing. To improve timing and area, specify a set/reset value. 
W: Sdm-2014: Feedback mux created for signal 'ip_head[3] [30]'. It is possible a async set/reset assignment for this is signal missing. To improve timing and area, specify a set/reset value. 
W: Sdm-2014: Feedback mux created for signal 'ip_head[3] [31]'. It is possible a async set/reset assignment for this is signal missing. To improve timing and area, specify a set/reset value. 
W: Sdm-2014: Feedback mux created for signal 'ip_head[4] [0]'. It is possible a async set/reset assignment for this is signal missing. To improve timing and area, specify a set/reset value. 
W: Sdm-2014: Feedback mux created for signal 'ip_head[4] [1]'. It is possible a async set/reset assignment for this is signal missing. To improve timing and area, specify a set/reset value. 
W: Sdm-2014: Feedback mux created for signal 'ip_head[4] [2]'. It is possible a async set/reset assignment for this is signal missing. To improve timing and area, specify a set/reset value. 
W: Sdm-2014: Feedback mux created for signal 'ip_head[4] [3]'. It is possible a async set/reset assignment for this is signal missing. To improve timing and area, specify a set/reset value. 
W: Sdm-2014: Feedback mux created for signal 'ip_head[4] [4]'. It is possible a async set/reset assignment for this is signal missing. To improve timing and area, specify a set/reset value. 
W: Sdm-2014: Feedback mux created for signal 'ip_head[4] [5]'. It is possible a async set/reset assignment for this is signal missing. To improve timing and area, specify a set/reset value. 
W: Sdm-2014: Feedback mux created for signal 'ip_head[4] [6]'. It is possible a async set/reset assignment for this is signal missing. To improve timing and area, specify a set/reset value. 
W: Sdm-2014: Feedback mux created for signal 'ip_head[4] [7]'. It is possible a async set/reset assignment for this is signal missing. To improve timing and area, specify a set/reset value. 
W: Sdm-2014: Feedback mux created for signal 'ip_head[4] [8]'. It is possible a async set/reset assignment for this is signal missing. To improve timing and area, specify a set/reset value. 
W: Sdm-2014: Feedback mux created for signal 'ip_head[4] [9]'. It is possible a async set/reset assignment for this is signal missing. To improve timing and area, specify a set/reset value. 
W: Sdm-2014: Feedback mux created for signal 'ip_head[4] [10]'. It is possible a async set/reset assignment for this is signal missing. To improve timing and area, specify a set/reset value. 
W: Sdm-2014: Feedback mux created for signal 'ip_head[4] [11]'. It is possible a async set/reset assignment for this is signal missing. To improve timing and area, specify a set/reset value. 
W: Sdm-2014: Feedback mux created for signal 'ip_head[4] [12]'. It is possible a async set/reset assignment for this is signal missing. To improve timing and area, specify a set/reset value. 
W: Sdm-2014: Feedback mux created for signal 'ip_head[4] [13]'. It is possible a async set/reset assignment for this is signal missing. To improve timing and area, specify a set/reset value. 
W: Sdm-2014: Feedback mux created for signal 'ip_head[4] [14]'. It is possible a async set/reset assignment for this is signal missing. To improve timing and area, specify a set/reset value. 
W: Sdm-2014: Feedback mux created for signal 'ip_head[4] [15]'. It is possible a async set/reset assignment for this is signal missing. To improve timing and area, specify a set/reset value. 
W: Sdm-2014: Feedback mux created for signal 'ip_head[4] [16]'. It is possible a async set/reset assignment for this is signal missing. To improve timing and area, specify a set/reset value. 
W: Sdm-2014: Feedback mux created for signal 'ip_head[4] [17]'. It is possible a async set/reset assignment for this is signal missing. To improve timing and area, specify a set/reset value. 
W: Sdm-2014: Feedback mux created for signal 'ip_head[4] [18]'. It is possible a async set/reset assignment for this is signal missing. To improve timing and area, specify a set/reset value. 
W: Sdm-2014: Feedback mux created for signal 'ip_head[4] [19]'. It is possible a async set/reset assignment for this is signal missing. To improve timing and area, specify a set/reset value. 
W: Sdm-2014: Feedback mux created for signal 'ip_head[4] [20]'. It is possible a async set/reset assignment for this is signal missing. To improve timing and area, specify a set/reset value. 
W: Sdm-2014: Feedback mux created for signal 'ip_head[4] [21]'. It is possible a async set/reset assignment for this is signal missing. To improve timing and area, specify a set/reset value. 
W: Sdm-2014: Feedback mux created for signal 'ip_head[4] [22]'. It is possible a async set/reset assignment for this is signal missing. To improve timing and area, specify a set/reset value. 
W: Sdm-2014: Feedback mux created for signal 'ip_head[4] [23]'. It is possible a async set/reset assignment for this is signal missing. To improve timing and area, specify a set/reset value. 
W: Sdm-2014: Feedback mux created for signal 'ip_head[4] [24]'. It is possible a async set/reset assignment for this is signal missing. To improve timing and area, specify a set/reset value. 
W: Sdm-2014: Feedback mux created for signal 'ip_head[4] [25]'. It is possible a async set/reset assignment for this is signal missing. To improve timing and area, specify a set/reset value. 
W: Sdm-2014: Feedback mux created for signal 'ip_head[4] [26]'. It is possible a async set/reset assignment for this is signal missing. To improve timing and area, specify a set/reset value. 
W: Sdm-2014: Feedback mux created for signal 'ip_head[4] [27]'. It is possible a async set/reset assignment for this is signal missing. To improve timing and area, specify a set/reset value. 
W: Sdm-2014: Feedback mux created for signal 'ip_head[4] [28]'. It is possible a async set/reset assignment for this is signal missing. To improve timing and area, specify a set/reset value. 
W: Sdm-2014: Feedback mux created for signal 'ip_head[4] [29]'. It is possible a async set/reset assignment for this is signal missing. To improve timing and area, specify a set/reset value. 
W: Sdm-2014: Feedback mux created for signal 'ip_head[4] [30]'. It is possible a async set/reset assignment for this is signal missing. To improve timing and area, specify a set/reset value. 
W: Sdm-2014: Feedback mux created for signal 'ip_head[4] [31]'. It is possible a async set/reset assignment for this is signal missing. To improve timing and area, specify a set/reset value. 
W: Sdm-2014: Feedback mux created for signal 'ip_head[5] [0]'. It is possible a async set/reset assignment for this is signal missing. To improve timing and area, specify a set/reset value. 
W: Sdm-2014: Feedback mux created for signal 'ip_head[5] [1]'. It is possible a async set/reset assignment for this is signal missing. To improve timing and area, specify a set/reset value. 
W: Sdm-2014: Feedback mux created for signal 'ip_head[5] [2]'. It is possible a async set/reset assignment for this is signal missing. To improve timing and area, specify a set/reset value. 
W: Sdm-2014: Feedback mux created for signal 'ip_head[5] [3]'. It is possible a async set/reset assignment for this is signal missing. To improve timing and area, specify a set/reset value. 
W: Sdm-2014: Feedback mux created for signal 'ip_head[5] [4]'. It is possible a async set/reset assignment for this is signal missing. To improve timing and area, specify a set/reset value. 
W: Sdm-2014: Feedback mux created for signal 'ip_head[5] [5]'. It is possible a async set/reset assignment for this is signal missing. To improve timing and area, specify a set/reset value. 
W: Sdm-2014: Feedback mux created for signal 'ip_head[5] [6]'. It is possible a async set/reset assignment for this is signal missing. To improve timing and area, specify a set/reset value. 
W: Sdm-2014: Feedback mux created for signal 'ip_head[5] [7]'. It is possible a async set/reset assignment for this is signal missing. To improve timing and area, specify a set/reset value. 
W: Sdm-2014: Feedback mux created for signal 'ip_head[5] [8]'. It is possible a async set/reset assignment for this is signal missing. To improve timing and area, specify a set/reset value. 
W: Sdm-2014: Feedback mux created for signal 'ip_head[5] [9]'. It is possible a async set/reset assignment for this is signal missing. To improve timing and area, specify a set/reset value. 
W: Sdm-2014: Feedback mux created for signal 'ip_head[5] [10]'. It is possible a async set/reset assignment for this is signal missing. To improve timing and area, specify a set/reset value. 
W: Sdm-2014: Feedback mux created for signal 'ip_head[5] [11]'. It is possible a async set/reset assignment for this is signal missing. To improve timing and area, specify a set/reset value. 
W: Sdm-2014: Feedback mux created for signal 'ip_head[5] [12]'. It is possible a async set/reset assignment for this is signal missing. To improve timing and area, specify a set/reset value. 
W: Sdm-2014: Feedback mux created for signal 'ip_head[5] [13]'. It is possible a async set/reset assignment for this is signal missing. To improve timing and area, specify a set/reset value. 
W: Sdm-2014: Feedback mux created for signal 'ip_head[5] [14]'. It is possible a async set/reset assignment for this is signal missing. To improve timing and area, specify a set/reset value. 
W: Sdm-2014: Feedback mux created for signal 'ip_head[5] [15]'. It is possible a async set/reset assignment for this is signal missing. To improve timing and area, specify a set/reset value. 
W: Sdm-2014: Feedback mux created for signal 'ip_head[5] [16]'. It is possible a async set/reset assignment for this is signal missing. To improve timing and area, specify a set/reset value. 
W: Sdm-2014: Feedback mux created for signal 'ip_head[5] [17]'. It is possible a async set/reset assignment for this is signal missing. To improve timing and area, specify a set/reset value. 
W: Sdm-2014: Feedback mux created for signal 'ip_head[5] [18]'. It is possible a async set/reset assignment for this is signal missing. To improve timing and area, specify a set/reset value. 
W: Sdm-2014: Feedback mux created for signal 'ip_head[5] [19]'. It is possible a async set/reset assignment for this is signal missing. To improve timing and area, specify a set/reset value. 
W: Sdm-2014: Feedback mux created for signal 'ip_head[5] [20]'. It is possible a async set/reset assignment for this is signal missing. To improve timing and area, specify a set/reset value. 
W: Sdm-2014: Feedback mux created for signal 'ip_head[5] [21]'. It is possible a async set/reset assignment for this is signal missing. To improve timing and area, specify a set/reset value. 
W: Sdm-2014: Feedback mux created for signal 'ip_head[5] [22]'. It is possible a async set/reset assignment for this is signal missing. To improve timing and area, specify a set/reset value. 
W: Sdm-2014: Feedback mux created for signal 'ip_head[5] [23]'. It is possible a async set/reset assignment for this is signal missing. To improve timing and area, specify a set/reset value. 
W: Sdm-2014: Feedback mux created for signal 'ip_head[5] [24]'. It is possible a async set/reset assignment for this is signal missing. To improve timing and area, specify a set/reset value. 
W: Sdm-2014: Feedback mux created for signal 'ip_head[5] [25]'. It is possible a async set/reset assignment for this is signal missing. To improve timing and area, specify a set/reset value. 
W: Sdm-2014: Feedback mux created for signal 'ip_head[5] [26]'. It is possible a async set/reset assignment for this is signal missing. To improve timing and area, specify a set/reset value. 
W: Sdm-2014: Feedback mux created for signal 'ip_head[5] [27]'. It is possible a async set/reset assignment for this is signal missing. To improve timing and area, specify a set/reset value. 
W: Sdm-2014: Feedback mux created for signal 'ip_head[5] [28]'. It is possible a async set/reset assignment for this is signal missing. To improve timing and area, specify a set/reset value. 
W: Sdm-2014: Feedback mux created for signal 'ip_head[5] [29]'. It is possible a async set/reset assignment for this is signal missing. To improve timing and area, specify a set/reset value. 
W: Sdm-2014: Feedback mux created for signal 'ip_head[5] [30]'. It is possible a async set/reset assignment for this is signal missing. To improve timing and area, specify a set/reset value. 
W: Sdm-2014: Feedback mux created for signal 'ip_head[5] [31]'. It is possible a async set/reset assignment for this is signal missing. To improve timing and area, specify a set/reset value. 
W: Sdm-2014: Feedback mux created for signal 'ip_head[6] [0]'. It is possible a async set/reset assignment for this is signal missing. To improve timing and area, specify a set/reset value. 
W: Sdm-2014: Feedback mux created for signal 'ip_head[6] [1]'. It is possible a async set/reset assignment for this is signal missing. To improve timing and area, specify a set/reset value. 
W: Sdm-2014: Feedback mux created for signal 'ip_head[6] [2]'. It is possible a async set/reset assignment for this is signal missing. To improve timing and area, specify a set/reset value. 
W: Sdm-2014: Feedback mux created for signal 'ip_head[6] [3]'. It is possible a async set/reset assignment for this is signal missing. To improve timing and area, specify a set/reset value. 
W: Sdm-2014: Feedback mux created for signal 'ip_head[6] [4]'. It is possible a async set/reset assignment for this is signal missing. To improve timing and area, specify a set/reset value. 
W: Sdm-2014: Feedback mux created for signal 'ip_head[6] [5]'. It is possible a async set/reset assignment for this is signal missing. To improve timing and area, specify a set/reset value. 
W: Sdm-2014: Feedback mux created for signal 'ip_head[6] [6]'. It is possible a async set/reset assignment for this is signal missing. To improve timing and area, specify a set/reset value. 
W: Sdm-2014: Feedback mux created for signal 'ip_head[6] [7]'. It is possible a async set/reset assignment for this is signal missing. To improve timing and area, specify a set/reset value. 
W: Sdm-2014: Feedback mux created for signal 'ip_head[6] [8]'. It is possible a async set/reset assignment for this is signal missing. To improve timing and area, specify a set/reset value. 
W: Sdm-2014: Feedback mux created for signal 'ip_head[6] [9]'. It is possible a async set/reset assignment for this is signal missing. To improve timing and area, specify a set/reset value. 
W: Sdm-2014: Feedback mux created for signal 'ip_head[6] [10]'. It is possible a async set/reset assignment for this is signal missing. To improve timing and area, specify a set/reset value. 
W: Sdm-2014: Feedback mux created for signal 'ip_head[6] [11]'. It is possible a async set/reset assignment for this is signal missing. To improve timing and area, specify a set/reset value. 
W: Sdm-2014: Feedback mux created for signal 'ip_head[6] [12]'. It is possible a async set/reset assignment for this is signal missing. To improve timing and area, specify a set/reset value. 
W: Sdm-2014: Feedback mux created for signal 'ip_head[6] [13]'. It is possible a async set/reset assignment for this is signal missing. To improve timing and area, specify a set/reset value. 
W: Sdm-2014: Feedback mux created for signal 'ip_head[6] [14]'. It is possible a async set/reset assignment for this is signal missing. To improve timing and area, specify a set/reset value. 
W: Sdm-2014: Feedback mux created for signal 'ip_head[6] [15]'. It is possible a async set/reset assignment for this is signal missing. To improve timing and area, specify a set/reset value. 
W: Sdm-2014: Feedback mux created for signal 'ip_head[6] [16]'. It is possible a async set/reset assignment for this is signal missing. To improve timing and area, specify a set/reset value. 
W: Sdm-2014: Feedback mux created for signal 'ip_head[6] [17]'. It is possible a async set/reset assignment for this is signal missing. To improve timing and area, specify a set/reset value. 
W: Sdm-2014: Feedback mux created for signal 'ip_head[6] [18]'. It is possible a async set/reset assignment for this is signal missing. To improve timing and area, specify a set/reset value. 
W: Sdm-2014: Feedback mux created for signal 'ip_head[6] [19]'. It is possible a async set/reset assignment for this is signal missing. To improve timing and area, specify a set/reset value. 
W: Sdm-2014: Feedback mux created for signal 'ip_head[6] [20]'. It is possible a async set/reset assignment for this is signal missing. To improve timing and area, specify a set/reset value. 
W: Sdm-2014: Feedback mux created for signal 'ip_head[6] [21]'. It is possible a async set/reset assignment for this is signal missing. To improve timing and area, specify a set/reset value. 
W: Sdm-2014: Feedback mux created for signal 'ip_head[6] [22]'. It is possible a async set/reset assignment for this is signal missing. To improve timing and area, specify a set/reset value. 
W: Sdm-2014: Feedback mux created for signal 'ip_head[6] [23]'. It is possible a async set/reset assignment for this is signal missing. To improve timing and area, specify a set/reset value. 
W: Sdm-2014: Feedback mux created for signal 'ip_head[6] [24]'. It is possible a async set/reset assignment for this is signal missing. To improve timing and area, specify a set/reset value. 
W: Sdm-2014: Feedback mux created for signal 'ip_head[6] [25]'. It is possible a async set/reset assignment for this is signal missing. To improve timing and area, specify a set/reset value. 
W: Sdm-2014: Feedback mux created for signal 'ip_head[6] [26]'. It is possible a async set/reset assignment for this is signal missing. To improve timing and area, specify a set/reset value. 
W: Sdm-2014: Feedback mux created for signal 'ip_head[6] [27]'. It is possible a async set/reset assignment for this is signal missing. To improve timing and area, specify a set/reset value. 
W: Sdm-2014: Feedback mux created for signal 'ip_head[6] [28]'. It is possible a async set/reset assignment for this is signal missing. To improve timing and area, specify a set/reset value. 
W: Sdm-2014: Feedback mux created for signal 'ip_head[6] [29]'. It is possible a async set/reset assignment for this is signal missing. To improve timing and area, specify a set/reset value. 
I: Removed inst tx_done that is redundant to crc_clr.
I: Removed inst mult_y_for_g_18b that is redundant to mult_y_for_b_18b[17:0].
I: Removed inst ddrphy_update_req that is redundant to update_start.
W: Sdm-2000: [D:/ZGTC/Work/ccc/ipcore/ddr3_test/rtl/mcdq_ctrl/ips2l_mcdq_dcp_buf_v1_2.vp(line number: 372)] Removed register node u_ddr3_test_h/u_ips_ddrc_top/mcdq_dcp_top/mcdq_dcp_buf/cnt[6] that is stuck at constant 0.
I: Removed inst wrlvl_cs_n that is redundant to wrlvl_cas_n.
I: Removed inst wrlvl_we_n that is redundant to wrlvl_cas_n.
I: Removed inst genblk2.init_ras_n that is redundant to genblk2.init_cas_n.
W: Sdm-2000: [D:/ZGTC/Work/ccc/ipcore/ddr3_test/rtl/ddrphy/ips2l_ddrphy_data_slice_wrcal_v1_10.vp(line number: 354)] Removed register node u_ddr3_test_h/u_ddrphy_top/ddrphy_slice_top/i_dqs_group[0].ddrphy_data_slice/ddrphy_data_slice_wrcal/delay_cnt[3] that is stuck at constant 0.
W: Sdm-2000: [D:/ZGTC/Work/ccc/ipcore/ddr3_test/rtl/ddrphy/ips2l_ddrphy_data_slice_wrcal_v1_10.vp(line number: 354)] Removed register node u_ddr3_test_h/u_ddrphy_top/ddrphy_slice_top/i_dqs_group[0].ddrphy_data_slice/ddrphy_data_slice_wrcal/delay_cnt[2] that is stuck at constant 0.
W: Sdm-2000: [D:/ZGTC/Work/ccc/ipcore/ddr3_test/rtl/ddrphy/ips2l_ddrphy_data_slice_wrcal_v1_10.vp(line number: 354)] Removed register node u_ddr3_test_h/u_ddrphy_top/ddrphy_slice_top/i_dqs_group[1].ddrphy_data_slice/ddrphy_data_slice_wrcal/delay_cnt[3] that is stuck at constant 0.
W: Sdm-2000: [D:/ZGTC/Work/ccc/ipcore/ddr3_test/rtl/ddrphy/ips2l_ddrphy_data_slice_wrcal_v1_10.vp(line number: 354)] Removed register node u_ddr3_test_h/u_ddrphy_top/ddrphy_slice_top/i_dqs_group[1].ddrphy_data_slice/ddrphy_data_slice_wrcal/delay_cnt[2] that is stuck at constant 0.
W: Sdm-2000: [D:/ZGTC/Work/ccc/ipcore/ddr3_test/rtl/ddrphy/ips2l_ddrphy_data_slice_wrcal_v1_10.vp(line number: 354)] Removed register node u_ddr3_test_h/u_ddrphy_top/ddrphy_slice_top/i_dqs_group[2].ddrphy_data_slice/ddrphy_data_slice_wrcal/delay_cnt[3] that is stuck at constant 0.
W: Sdm-2000: [D:/ZGTC/Work/ccc/ipcore/ddr3_test/rtl/ddrphy/ips2l_ddrphy_data_slice_wrcal_v1_10.vp(line number: 354)] Removed register node u_ddr3_test_h/u_ddrphy_top/ddrphy_slice_top/i_dqs_group[2].ddrphy_data_slice/ddrphy_data_slice_wrcal/delay_cnt[2] that is stuck at constant 0.
W: Sdm-2000: [D:/ZGTC/Work/ccc/ipcore/ddr3_test/rtl/ddrphy/ips2l_ddrphy_data_slice_wrcal_v1_10.vp(line number: 354)] Removed register node u_ddr3_test_h/u_ddrphy_top/ddrphy_slice_top/i_dqs_group[3].ddrphy_data_slice/ddrphy_data_slice_wrcal/delay_cnt[3] that is stuck at constant 0.
W: Sdm-2000: [D:/ZGTC/Work/ccc/ipcore/ddr3_test/rtl/ddrphy/ips2l_ddrphy_data_slice_wrcal_v1_10.vp(line number: 354)] Removed register node u_ddr3_test_h/u_ddrphy_top/ddrphy_slice_top/i_dqs_group[3].ddrphy_data_slice/ddrphy_data_slice_wrcal/delay_cnt[2] that is stuck at constant 0.
I: Removed inst dqs_gate_comp_en_r that is redundant to dqs_gate_comp_done.
Executing : DFF-inference successfully.
W: Sdm-2000: [D:/ZGTC/Work/ccc/source/fei_eth/eth_img_rec.v(line number: 42)] Removed register node eth0_img_rec/skip_en that is stuck at constant 0.
W: Sdm-2000: [D:/ZGTC/Work/ccc/source/fei_eth/eth_img_rec.v(line number: 42)] Removed register node eth0_img_rec/error_en that is stuck at constant 0.
W: Sdm-2000: [D:/ZGTC/Work/ccc/source/aaa_video_process/video_zoom.v(line number: 223)] Removed register node hdmi_video_zoom/r_ram0_wr_data[1] that is stuck at constant 0.
W: Sdm-2000: [D:/ZGTC/Work/ccc/source/aaa_video_process/video_zoom.v(line number: 223)] Removed register node hdmi_video_zoom/r_ram0_wr_data[0] that is stuck at constant 0.
W: Sdm-2000: [D:/ZGTC/Work/ccc/source/aaa_video_process/video_zoom.v(line number: 223)] Removed register node hdmi_video_zoom/r_ram1_wr_data[1] that is stuck at constant 0.
W: Sdm-2000: [D:/ZGTC/Work/ccc/source/aaa_video_process/video_zoom.v(line number: 223)] Removed register node hdmi_video_zoom/r_ram1_wr_data[0] that is stuck at constant 0.
W: Sdm-2000: [D:/ZGTC/Work/ccc/source/fei_eth/udp_tx.v(line number: 180)] Removed register node u_udp/u_udp_tx/ip_head[0][16] that is stuck at constant 0.
W: Sdm-2000: [D:/ZGTC/Work/ccc/source/fei_eth/udp_tx.v(line number: 180)] Removed register node u_udp/u_udp_tx/ip_head[0][17] that is stuck at constant 0.
W: Sdm-2000: [D:/ZGTC/Work/ccc/source/fei_eth/udp_tx.v(line number: 180)] Removed register node u_udp/u_udp_tx/ip_head[0][18] that is stuck at constant 0.
W: Sdm-2000: [D:/ZGTC/Work/ccc/source/fei_eth/udp_tx.v(line number: 180)] Removed register node u_udp/u_udp_tx/ip_head[0][19] that is stuck at constant 0.
W: Sdm-2000: [D:/ZGTC/Work/ccc/source/fei_eth/udp_tx.v(line number: 180)] Removed register node u_udp/u_udp_tx/ip_head[0][20] that is stuck at constant 0.
W: Sdm-2000: [D:/ZGTC/Work/ccc/source/fei_eth/udp_tx.v(line number: 180)] Removed register node u_udp/u_udp_tx/ip_head[0][21] that is stuck at constant 0.
W: Sdm-2000: [D:/ZGTC/Work/ccc/source/fei_eth/udp_tx.v(line number: 180)] Removed register node u_udp/u_udp_tx/ip_head[0][22] that is stuck at constant 0.
W: Sdm-2000: [D:/ZGTC/Work/ccc/source/fei_eth/udp_tx.v(line number: 180)] Removed register node u_udp/u_udp_tx/ip_head[0][23] that is stuck at constant 0.
W: Sdm-2000: [D:/ZGTC/Work/ccc/source/fei_eth/udp_tx.v(line number: 180)] Removed register node u_udp/u_udp_tx/ip_head[0][24] that is stuck at constant 1.
W: Sdm-2000: [D:/ZGTC/Work/ccc/source/fei_eth/udp_tx.v(line number: 180)] Removed register node u_udp/u_udp_tx/ip_head[0][25] that is stuck at constant 0.
W: Sdm-2000: [D:/ZGTC/Work/ccc/source/fei_eth/udp_tx.v(line number: 180)] Removed register node u_udp/u_udp_tx/ip_head[0][26] that is stuck at constant 1.
W: Sdm-2000: [D:/ZGTC/Work/ccc/source/fei_eth/udp_tx.v(line number: 180)] Removed register node u_udp/u_udp_tx/ip_head[0][27] that is stuck at constant 0.
W: Sdm-2000: [D:/ZGTC/Work/ccc/source/fei_eth/udp_tx.v(line number: 180)] Removed register node u_udp/u_udp_tx/ip_head[0][28] that is stuck at constant 0.
W: Sdm-2000: [D:/ZGTC/Work/ccc/source/fei_eth/udp_tx.v(line number: 180)] Removed register node u_udp/u_udp_tx/ip_head[0][29] that is stuck at constant 0.
W: Sdm-2000: [D:/ZGTC/Work/ccc/source/fei_eth/udp_tx.v(line number: 180)] Removed register node u_udp/u_udp_tx/ip_head[0][30] that is stuck at constant 1.
W: Sdm-2000: [D:/ZGTC/Work/ccc/source/fei_eth/udp_tx.v(line number: 180)] Removed register node u_udp/u_udp_tx/ip_head[0][31] that is stuck at constant 0.
W: Sdm-2000: [D:/ZGTC/Work/ccc/source/fei_eth/udp_tx.v(line number: 180)] Removed register node u_udp/u_udp_tx/ip_head[1][0] that is stuck at constant 0.
W: Sdm-2000: [D:/ZGTC/Work/ccc/source/fei_eth/udp_tx.v(line number: 180)] Removed register node u_udp/u_udp_tx/ip_head[1][1] that is stuck at constant 0.
W: Sdm-2000: [D:/ZGTC/Work/ccc/source/fei_eth/udp_tx.v(line number: 180)] Removed register node u_udp/u_udp_tx/ip_head[1][2] that is stuck at constant 0.
W: Sdm-2000: [D:/ZGTC/Work/ccc/source/fei_eth/udp_tx.v(line number: 180)] Removed register node u_udp/u_udp_tx/ip_head[1][3] that is stuck at constant 0.
W: Sdm-2000: [D:/ZGTC/Work/ccc/source/fei_eth/udp_tx.v(line number: 180)] Removed register node u_udp/u_udp_tx/ip_head[1][4] that is stuck at constant 0.
W: Sdm-2000: [D:/ZGTC/Work/ccc/source/fei_eth/udp_tx.v(line number: 180)] Removed register node u_udp/u_udp_tx/ip_head[1][5] that is stuck at constant 0.
W: Sdm-2000: [D:/ZGTC/Work/ccc/source/fei_eth/udp_tx.v(line number: 180)] Removed register node u_udp/u_udp_tx/ip_head[1][6] that is stuck at constant 0.
W: Sdm-2000: [D:/ZGTC/Work/ccc/source/fei_eth/udp_tx.v(line number: 180)] Removed register node u_udp/u_udp_tx/ip_head[1][7] that is stuck at constant 0.
W: Sdm-2000: [D:/ZGTC/Work/ccc/source/fei_eth/udp_tx.v(line number: 180)] Removed register node u_udp/u_udp_tx/ip_head[1][8] that is stuck at constant 0.
W: Sdm-2000: [D:/ZGTC/Work/ccc/source/fei_eth/udp_tx.v(line number: 180)] Removed register node u_udp/u_udp_tx/ip_head[1][9] that is stuck at constant 0.
W: Sdm-2000: [D:/ZGTC/Work/ccc/source/fei_eth/udp_tx.v(line number: 180)] Removed register node u_udp/u_udp_tx/ip_head[1][10] that is stuck at constant 0.
W: Sdm-2000: [D:/ZGTC/Work/ccc/source/fei_eth/udp_tx.v(line number: 180)] Removed register node u_udp/u_udp_tx/ip_head[1][11] that is stuck at constant 0.
W: Sdm-2000: [D:/ZGTC/Work/ccc/source/fei_eth/udp_tx.v(line number: 180)] Removed register node u_udp/u_udp_tx/ip_head[1][12] that is stuck at constant 0.
W: Sdm-2000: [D:/ZGTC/Work/ccc/source/fei_eth/udp_tx.v(line number: 180)] Removed register node u_udp/u_udp_tx/ip_head[1][13] that is stuck at constant 0.
W: Sdm-2000: [D:/ZGTC/Work/ccc/source/fei_eth/udp_tx.v(line number: 180)] Removed register node u_udp/u_udp_tx/ip_head[1][14] that is stuck at constant 1.
W: Sdm-2000: [D:/ZGTC/Work/ccc/source/fei_eth/udp_tx.v(line number: 180)] Removed register node u_udp/u_udp_tx/ip_head[1][15] that is stuck at constant 0.
W: Sdm-2000: [D:/ZGTC/Work/ccc/source/fei_eth/udp_tx.v(line number: 180)] Removed register node u_udp/u_udp_tx/ip_head[2][16] that is stuck at constant 1.
W: Sdm-2000: [D:/ZGTC/Work/ccc/source/fei_eth/udp_tx.v(line number: 180)] Removed register node u_udp/u_udp_tx/ip_head[2][17] that is stuck at constant 0.
W: Sdm-2000: [D:/ZGTC/Work/ccc/source/fei_eth/udp_tx.v(line number: 180)] Removed register node u_udp/u_udp_tx/ip_head[2][18] that is stuck at constant 0.
W: Sdm-2000: [D:/ZGTC/Work/ccc/source/fei_eth/udp_tx.v(line number: 180)] Removed register node u_udp/u_udp_tx/ip_head[2][19] that is stuck at constant 0.
W: Sdm-2000: [D:/ZGTC/Work/ccc/source/fei_eth/udp_tx.v(line number: 180)] Removed register node u_udp/u_udp_tx/ip_head[2][20] that is stuck at constant 1.
W: Sdm-2000: [D:/ZGTC/Work/ccc/source/fei_eth/udp_tx.v(line number: 180)] Removed register node u_udp/u_udp_tx/ip_head[2][21] that is stuck at constant 0.
W: Sdm-2000: [D:/ZGTC/Work/ccc/source/fei_eth/udp_tx.v(line number: 180)] Removed register node u_udp/u_udp_tx/ip_head[2][22] that is stuck at constant 0.
W: Sdm-2000: [D:/ZGTC/Work/ccc/source/fei_eth/udp_tx.v(line number: 180)] Removed register node u_udp/u_udp_tx/ip_head[2][23] that is stuck at constant 0.
W: Sdm-2000: [D:/ZGTC/Work/ccc/source/fei_eth/udp_tx.v(line number: 180)] Removed register node u_udp/u_udp_tx/ip_head[2][24] that is stuck at constant 0.
W: Sdm-2000: [D:/ZGTC/Work/ccc/source/fei_eth/udp_tx.v(line number: 180)] Removed register node u_udp/u_udp_tx/ip_head[2][25] that is stuck at constant 0.
W: Sdm-2000: [D:/ZGTC/Work/ccc/source/fei_eth/udp_tx.v(line number: 180)] Removed register node u_udp/u_udp_tx/ip_head[2][26] that is stuck at constant 0.
W: Sdm-2000: [D:/ZGTC/Work/ccc/source/fei_eth/udp_tx.v(line number: 180)] Removed register node u_udp/u_udp_tx/ip_head[2][27] that is stuck at constant 0.
W: Sdm-2000: [D:/ZGTC/Work/ccc/source/fei_eth/udp_tx.v(line number: 180)] Removed register node u_udp/u_udp_tx/ip_head[2][28] that is stuck at constant 0.
W: Sdm-2000: [D:/ZGTC/Work/ccc/source/fei_eth/udp_tx.v(line number: 180)] Removed register node u_udp/u_udp_tx/ip_head[2][29] that is stuck at constant 0.
W: Sdm-2000: [D:/ZGTC/Work/ccc/source/fei_eth/udp_tx.v(line number: 180)] Removed register node u_udp/u_udp_tx/ip_head[2][30] that is stuck at constant 1.
W: Sdm-2000: [D:/ZGTC/Work/ccc/source/fei_eth/udp_tx.v(line number: 180)] Removed register node u_udp/u_udp_tx/ip_head[2][31] that is stuck at constant 0.
W: Sdm-2000: [D:/ZGTC/Work/ccc/source/fei_eth/udp_tx.v(line number: 180)] Removed register node u_udp/u_udp_tx/ip_head[3][16] that is stuck at constant 0.
W: Sdm-2000: [D:/ZGTC/Work/ccc/source/fei_eth/udp_tx.v(line number: 180)] Removed register node u_udp/u_udp_tx/ip_head[3][17] that is stuck at constant 0.
W: Sdm-2000: [D:/ZGTC/Work/ccc/source/fei_eth/udp_tx.v(line number: 180)] Removed register node u_udp/u_udp_tx/ip_head[3][18] that is stuck at constant 0.
W: Sdm-2000: [D:/ZGTC/Work/ccc/source/fei_eth/udp_tx.v(line number: 180)] Removed register node u_udp/u_udp_tx/ip_head[3][19] that is stuck at constant 1.
W: Sdm-2000: [D:/ZGTC/Work/ccc/source/fei_eth/udp_tx.v(line number: 180)] Removed register node u_udp/u_udp_tx/ip_head[3][20] that is stuck at constant 0.
W: Sdm-2000: [D:/ZGTC/Work/ccc/source/fei_eth/udp_tx.v(line number: 180)] Removed register node u_udp/u_udp_tx/ip_head[3][21] that is stuck at constant 1.
W: Sdm-2000: [D:/ZGTC/Work/ccc/source/fei_eth/udp_tx.v(line number: 180)] Removed register node u_udp/u_udp_tx/ip_head[3][22] that is stuck at constant 0.
W: Sdm-2000: [D:/ZGTC/Work/ccc/source/fei_eth/udp_tx.v(line number: 180)] Removed register node u_udp/u_udp_tx/ip_head[3][23] that is stuck at constant 1.
W: Sdm-2000: [D:/ZGTC/Work/ccc/source/fei_eth/udp_tx.v(line number: 180)] Removed register node u_udp/u_udp_tx/ip_head[3][24] that is stuck at constant 0.
W: Sdm-2000: [D:/ZGTC/Work/ccc/source/fei_eth/udp_tx.v(line number: 180)] Removed register node u_udp/u_udp_tx/ip_head[3][25] that is stuck at constant 0.
W: Sdm-2000: [D:/ZGTC/Work/ccc/source/fei_eth/udp_tx.v(line number: 180)] Removed register node u_udp/u_udp_tx/ip_head[3][26] that is stuck at constant 0.
W: Sdm-2000: [D:/ZGTC/Work/ccc/source/fei_eth/udp_tx.v(line number: 180)] Removed register node u_udp/u_udp_tx/ip_head[3][27] that is stuck at constant 0.
W: Sdm-2000: [D:/ZGTC/Work/ccc/source/fei_eth/udp_tx.v(line number: 180)] Removed register node u_udp/u_udp_tx/ip_head[3][28] that is stuck at constant 0.
W: Sdm-2000: [D:/ZGTC/Work/ccc/source/fei_eth/udp_tx.v(line number: 180)] Removed register node u_udp/u_udp_tx/ip_head[3][29] that is stuck at constant 0.
W: Sdm-2000: [D:/ZGTC/Work/ccc/source/fei_eth/udp_tx.v(line number: 180)] Removed register node u_udp/u_udp_tx/ip_head[3][30] that is stuck at constant 1.
W: Sdm-2000: [D:/ZGTC/Work/ccc/source/fei_eth/udp_tx.v(line number: 180)] Removed register node u_udp/u_udp_tx/ip_head[3][31] that is stuck at constant 1.
W: Sdm-2000: [D:/ZGTC/Work/ccc/source/fei_eth/udp_tx.v(line number: 180)] Removed register node u_udp/u_udp_tx/ip_head[3][0] that is stuck at constant 0.
W: Sdm-2000: [D:/ZGTC/Work/ccc/source/fei_eth/udp_tx.v(line number: 180)] Removed register node u_udp/u_udp_tx/ip_head[3][1] that is stuck at constant 1.
W: Sdm-2000: [D:/ZGTC/Work/ccc/source/fei_eth/udp_tx.v(line number: 180)] Removed register node u_udp/u_udp_tx/ip_head[3][2] that is stuck at constant 1.
W: Sdm-2000: [D:/ZGTC/Work/ccc/source/fei_eth/udp_tx.v(line number: 180)] Removed register node u_udp/u_udp_tx/ip_head[3][3] that is stuck at constant 1.
W: Sdm-2000: [D:/ZGTC/Work/ccc/source/fei_eth/udp_tx.v(line number: 180)] Removed register node u_udp/u_udp_tx/ip_head[3][4] that is stuck at constant 0.
W: Sdm-2000: [D:/ZGTC/Work/ccc/source/fei_eth/udp_tx.v(line number: 180)] Removed register node u_udp/u_udp_tx/ip_head[3][5] that is stuck at constant 1.
W: Sdm-2000: [D:/ZGTC/Work/ccc/source/fei_eth/udp_tx.v(line number: 180)] Removed register node u_udp/u_udp_tx/ip_head[3][6] that is stuck at constant 1.
W: Sdm-2000: [D:/ZGTC/Work/ccc/source/fei_eth/udp_tx.v(line number: 180)] Removed register node u_udp/u_udp_tx/ip_head[3][7] that is stuck at constant 0.
W: Sdm-2000: [D:/ZGTC/Work/ccc/source/fei_eth/udp_tx.v(line number: 180)] Removed register node u_udp/u_udp_tx/ip_head[3][8] that is stuck at constant 1.
W: Sdm-2000: [D:/ZGTC/Work/ccc/source/fei_eth/udp_tx.v(line number: 180)] Removed register node u_udp/u_udp_tx/ip_head[3][9] that is stuck at constant 0.
W: Sdm-2000: [D:/ZGTC/Work/ccc/source/fei_eth/udp_tx.v(line number: 180)] Removed register node u_udp/u_udp_tx/ip_head[3][10] that is stuck at constant 0.
W: Sdm-2000: [D:/ZGTC/Work/ccc/source/fei_eth/udp_tx.v(line number: 180)] Removed register node u_udp/u_udp_tx/ip_head[3][11] that is stuck at constant 0.
W: Sdm-2000: [D:/ZGTC/Work/ccc/source/fei_eth/udp_tx.v(line number: 180)] Removed register node u_udp/u_udp_tx/ip_head[3][12] that is stuck at constant 0.
W: Sdm-2000: [D:/ZGTC/Work/ccc/source/fei_eth/udp_tx.v(line number: 180)] Removed register node u_udp/u_udp_tx/ip_head[3][13] that is stuck at constant 0.
W: Sdm-2000: [D:/ZGTC/Work/ccc/source/fei_eth/udp_tx.v(line number: 180)] Removed register node u_udp/u_udp_tx/ip_head[3][14] that is stuck at constant 0.
W: Sdm-2000: [D:/ZGTC/Work/ccc/source/fei_eth/udp_tx.v(line number: 180)] Removed register node u_udp/u_udp_tx/ip_head[3][15] that is stuck at constant 0.
W: Sdm-2000: [D:/ZGTC/Work/ccc/source/fei_eth/udp_tx.v(line number: 180)] Removed register node u_udp/u_udp_tx/ip_head[5][0] that is stuck at constant 0.
W: Sdm-2000: [D:/ZGTC/Work/ccc/source/fei_eth/udp_tx.v(line number: 180)] Removed register node u_udp/u_udp_tx/ip_head[5][1] that is stuck at constant 1.
W: Sdm-2000: [D:/ZGTC/Work/ccc/source/fei_eth/udp_tx.v(line number: 180)] Removed register node u_udp/u_udp_tx/ip_head[5][2] that is stuck at constant 0.
W: Sdm-2000: [D:/ZGTC/Work/ccc/source/fei_eth/udp_tx.v(line number: 180)] Removed register node u_udp/u_udp_tx/ip_head[5][3] that is stuck at constant 0.
W: Sdm-2000: [D:/ZGTC/Work/ccc/source/fei_eth/udp_tx.v(line number: 180)] Removed register node u_udp/u_udp_tx/ip_head[5][4] that is stuck at constant 1.
W: Sdm-2000: [D:/ZGTC/Work/ccc/source/fei_eth/udp_tx.v(line number: 180)] Removed register node u_udp/u_udp_tx/ip_head[5][5] that is stuck at constant 0.
W: Sdm-2000: [D:/ZGTC/Work/ccc/source/fei_eth/udp_tx.v(line number: 180)] Removed register node u_udp/u_udp_tx/ip_head[5][6] that is stuck at constant 1.
W: Sdm-2000: [D:/ZGTC/Work/ccc/source/fei_eth/udp_tx.v(line number: 180)] Removed register node u_udp/u_udp_tx/ip_head[5][7] that is stuck at constant 1.
W: Sdm-2000: [D:/ZGTC/Work/ccc/source/fei_eth/udp_tx.v(line number: 180)] Removed register node u_udp/u_udp_tx/ip_head[5][8] that is stuck at constant 0.
W: Sdm-2000: [D:/ZGTC/Work/ccc/source/fei_eth/udp_tx.v(line number: 180)] Removed register node u_udp/u_udp_tx/ip_head[5][9] that is stuck at constant 0.
W: Sdm-2000: [D:/ZGTC/Work/ccc/source/fei_eth/udp_tx.v(line number: 180)] Removed register node u_udp/u_udp_tx/ip_head[5][10] that is stuck at constant 1.
W: Sdm-2000: [D:/ZGTC/Work/ccc/source/fei_eth/udp_tx.v(line number: 180)] Removed register node u_udp/u_udp_tx/ip_head[5][11] that is stuck at constant 0.
W: Sdm-2000: [D:/ZGTC/Work/ccc/source/fei_eth/udp_tx.v(line number: 180)] Removed register node u_udp/u_udp_tx/ip_head[5][12] that is stuck at constant 0.
W: Sdm-2000: [D:/ZGTC/Work/ccc/source/fei_eth/udp_tx.v(line number: 180)] Removed register node u_udp/u_udp_tx/ip_head[5][13] that is stuck at constant 0.
W: Sdm-2000: [D:/ZGTC/Work/ccc/source/fei_eth/udp_tx.v(line number: 180)] Removed register node u_udp/u_udp_tx/ip_head[5][14] that is stuck at constant 0.
W: Sdm-2000: [D:/ZGTC/Work/ccc/source/fei_eth/udp_tx.v(line number: 180)] Removed register node u_udp/u_udp_tx/ip_head[5][15] that is stuck at constant 0.
W: Sdm-2000: [D:/ZGTC/Work/ccc/source/fei_eth/udp_tx.v(line number: 180)] Removed register node u_udp/u_udp_tx/ip_head[5][16] that is stuck at constant 0.
W: Sdm-2000: [D:/ZGTC/Work/ccc/source/fei_eth/udp_tx.v(line number: 180)] Removed register node u_udp/u_udp_tx/ip_head[5][17] that is stuck at constant 1.
W: Sdm-2000: [D:/ZGTC/Work/ccc/source/fei_eth/udp_tx.v(line number: 180)] Removed register node u_udp/u_udp_tx/ip_head[5][18] that is stuck at constant 0.
W: Sdm-2000: [D:/ZGTC/Work/ccc/source/fei_eth/udp_tx.v(line number: 180)] Removed register node u_udp/u_udp_tx/ip_head[5][19] that is stuck at constant 0.
W: Sdm-2000: [D:/ZGTC/Work/ccc/source/fei_eth/udp_tx.v(line number: 180)] Removed register node u_udp/u_udp_tx/ip_head[5][20] that is stuck at constant 1.
W: Sdm-2000: [D:/ZGTC/Work/ccc/source/fei_eth/udp_tx.v(line number: 180)] Removed register node u_udp/u_udp_tx/ip_head[5][21] that is stuck at constant 0.
W: Sdm-2000: [D:/ZGTC/Work/ccc/source/fei_eth/udp_tx.v(line number: 180)] Removed register node u_udp/u_udp_tx/ip_head[5][22] that is stuck at constant 1.
W: Sdm-2000: [D:/ZGTC/Work/ccc/source/fei_eth/udp_tx.v(line number: 180)] Removed register node u_udp/u_udp_tx/ip_head[5][23] that is stuck at constant 1.
W: Sdm-2000: [D:/ZGTC/Work/ccc/source/fei_eth/udp_tx.v(line number: 180)] Removed register node u_udp/u_udp_tx/ip_head[5][24] that is stuck at constant 0.
W: Sdm-2000: [D:/ZGTC/Work/ccc/source/fei_eth/udp_tx.v(line number: 180)] Removed register node u_udp/u_udp_tx/ip_head[5][25] that is stuck at constant 0.
W: Sdm-2000: [D:/ZGTC/Work/ccc/source/fei_eth/udp_tx.v(line number: 180)] Removed register node u_udp/u_udp_tx/ip_head[5][26] that is stuck at constant 1.
W: Sdm-2000: [D:/ZGTC/Work/ccc/source/fei_eth/udp_tx.v(line number: 180)] Removed register node u_udp/u_udp_tx/ip_head[5][27] that is stuck at constant 0.
W: Sdm-2000: [D:/ZGTC/Work/ccc/source/fei_eth/udp_tx.v(line number: 180)] Removed register node u_udp/u_udp_tx/ip_head[5][28] that is stuck at constant 0.
W: Sdm-2000: [D:/ZGTC/Work/ccc/source/fei_eth/udp_tx.v(line number: 180)] Removed register node u_udp/u_udp_tx/ip_head[5][29] that is stuck at constant 0.
W: Sdm-2000: [D:/ZGTC/Work/ccc/source/fei_eth/udp_tx.v(line number: 180)] Removed register node u_udp/u_udp_tx/ip_head[5][30] that is stuck at constant 0.
W: Sdm-2000: [D:/ZGTC/Work/ccc/source/fei_eth/udp_tx.v(line number: 180)] Removed register node u_udp/u_udp_tx/ip_head[5][31] that is stuck at constant 0.
W: Sdm-2000: [D:/ZGTC/Work/ccc/source/fei_eth/udp_tx.v(line number: 180)] Removed register node u_udp/u_udp_tx/ip_head[6][0] that is stuck at constant 0.
W: Sdm-2000: [D:/ZGTC/Work/ccc/source/fei_eth/udp_tx.v(line number: 180)] Removed register node u_udp/u_udp_tx/ip_head[6][1] that is stuck at constant 0.
W: Sdm-2000: [D:/ZGTC/Work/ccc/source/fei_eth/udp_tx.v(line number: 180)] Removed register node u_udp/u_udp_tx/ip_head[6][2] that is stuck at constant 0.
W: Sdm-2000: [D:/ZGTC/Work/ccc/source/fei_eth/udp_tx.v(line number: 180)] Removed register node u_udp/u_udp_tx/ip_head[6][3] that is stuck at constant 0.
W: Sdm-2000: [D:/ZGTC/Work/ccc/source/fei_eth/udp_tx.v(line number: 180)] Removed register node u_udp/u_udp_tx/ip_head[6][4] that is stuck at constant 0.
W: Sdm-2000: [D:/ZGTC/Work/ccc/source/fei_eth/udp_tx.v(line number: 180)] Removed register node u_udp/u_udp_tx/ip_head[6][5] that is stuck at constant 0.
W: Sdm-2000: [D:/ZGTC/Work/ccc/source/fei_eth/udp_tx.v(line number: 180)] Removed register node u_udp/u_udp_tx/ip_head[6][6] that is stuck at constant 0.
W: Sdm-2000: [D:/ZGTC/Work/ccc/source/fei_eth/udp_tx.v(line number: 180)] Removed register node u_udp/u_udp_tx/ip_head[6][7] that is stuck at constant 0.
W: Sdm-2000: [D:/ZGTC/Work/ccc/source/fei_eth/udp_tx.v(line number: 180)] Removed register node u_udp/u_udp_tx/ip_head[6][8] that is stuck at constant 0.
W: Sdm-2000: [D:/ZGTC/Work/ccc/source/fei_eth/udp_tx.v(line number: 180)] Removed register node u_udp/u_udp_tx/ip_head[6][9] that is stuck at constant 0.
W: Sdm-2000: [D:/ZGTC/Work/ccc/source/fei_eth/udp_tx.v(line number: 180)] Removed register node u_udp/u_udp_tx/ip_head[6][10] that is stuck at constant 0.
W: Sdm-2000: [D:/ZGTC/Work/ccc/source/fei_eth/udp_tx.v(line number: 180)] Removed register node u_udp/u_udp_tx/ip_head[6][11] that is stuck at constant 0.
W: Sdm-2000: [D:/ZGTC/Work/ccc/source/fei_eth/udp_tx.v(line number: 180)] Removed register node u_udp/u_udp_tx/ip_head[6][12] that is stuck at constant 0.
W: Sdm-2000: [D:/ZGTC/Work/ccc/source/fei_eth/udp_tx.v(line number: 180)] Removed register node u_udp/u_udp_tx/ip_head[6][13] that is stuck at constant 0.
W: Sdm-2000: [D:/ZGTC/Work/ccc/source/fei_eth/udp_tx.v(line number: 180)] Removed register node u_udp/u_udp_tx/ip_head[6][14] that is stuck at constant 0.
W: Sdm-2000: [D:/ZGTC/Work/ccc/source/fei_eth/udp_tx.v(line number: 180)] Removed register node u_udp/u_udp_tx/ip_head[6][15] that is stuck at constant 0.
W: Sdm-2000: [D:/ZGTC/Work/ccc/source/aaa_video_process/yuv2rgb.v(line number: 69)] Removed register node u_video_process/u_yuv2rgb/mult_v_for_b_18b[17] that is stuck at constant 0.
W: Sdm-2000: [D:/ZGTC/Work/ccc/source/aaa_video_process/yuv2rgb.v(line number: 69)] Removed register node u_video_process/u_yuv2rgb/mult_v_for_b_18b[16] that is stuck at constant 0.
W: Sdm-2000: [D:/ZGTC/Work/ccc/source/aaa_video_process/yuv2rgb.v(line number: 69)] Removed register node u_video_process/u_yuv2rgb/mult_v_for_b_18b[15] that is stuck at constant 0.
W: Sdm-2000: [D:/ZGTC/Work/ccc/source/aaa_video_process/yuv2rgb.v(line number: 69)] Removed register node u_video_process/u_yuv2rgb/mult_v_for_b_18b[14] that is stuck at constant 0.
W: Sdm-2000: [D:/ZGTC/Work/ccc/source/aaa_video_process/yuv2rgb.v(line number: 69)] Removed register node u_video_process/u_yuv2rgb/mult_v_for_b_18b[13] that is stuck at constant 0.
W: Sdm-2000: [D:/ZGTC/Work/ccc/source/aaa_video_process/yuv2rgb.v(line number: 69)] Removed register node u_video_process/u_yuv2rgb/mult_v_for_b_18b[12] that is stuck at constant 0.
W: Sdm-2000: [D:/ZGTC/Work/ccc/source/aaa_video_process/yuv2rgb.v(line number: 69)] Removed register node u_video_process/u_yuv2rgb/mult_v_for_b_18b[11] that is stuck at constant 0.
W: Sdm-2000: [D:/ZGTC/Work/ccc/source/aaa_video_process/yuv2rgb.v(line number: 69)] Removed register node u_video_process/u_yuv2rgb/mult_v_for_b_18b[10] that is stuck at constant 0.
W: Sdm-2000: [D:/ZGTC/Work/ccc/source/aaa_video_process/yuv2rgb.v(line number: 69)] Removed register node u_video_process/u_yuv2rgb/mult_v_for_b_18b[9] that is stuck at constant 0.
W: Sdm-2000: [D:/ZGTC/Work/ccc/source/aaa_video_process/yuv2rgb.v(line number: 69)] Removed register node u_video_process/u_yuv2rgb/mult_v_for_b_18b[8] that is stuck at constant 0.
W: Sdm-2000: [D:/ZGTC/Work/ccc/source/aaa_video_process/yuv2rgb.v(line number: 69)] Removed register node u_video_process/u_yuv2rgb/mult_v_for_b_18b[7] that is stuck at constant 0.
W: Sdm-2000: [D:/ZGTC/Work/ccc/source/aaa_video_process/yuv2rgb.v(line number: 69)] Removed register node u_video_process/u_yuv2rgb/mult_v_for_b_18b[6] that is stuck at constant 0.
W: Sdm-2000: [D:/ZGTC/Work/ccc/source/aaa_video_process/yuv2rgb.v(line number: 69)] Removed register node u_video_process/u_yuv2rgb/mult_v_for_b_18b[5] that is stuck at constant 0.
W: Sdm-2000: [D:/ZGTC/Work/ccc/source/aaa_video_process/yuv2rgb.v(line number: 69)] Removed register node u_video_process/u_yuv2rgb/mult_v_for_b_18b[4] that is stuck at constant 0.
W: Sdm-2000: [D:/ZGTC/Work/ccc/source/aaa_video_process/yuv2rgb.v(line number: 69)] Removed register node u_video_process/u_yuv2rgb/mult_v_for_b_18b[3] that is stuck at constant 0.
W: Sdm-2000: [D:/ZGTC/Work/ccc/source/aaa_video_process/yuv2rgb.v(line number: 69)] Removed register node u_video_process/u_yuv2rgb/mult_v_for_b_18b[2] that is stuck at constant 0.
W: Sdm-2000: [D:/ZGTC/Work/ccc/source/aaa_video_process/yuv2rgb.v(line number: 69)] Removed register node u_video_process/u_yuv2rgb/mult_v_for_b_18b[1] that is stuck at constant 0.
W: Sdm-2000: [D:/ZGTC/Work/ccc/source/aaa_video_process/yuv2rgb.v(line number: 69)] Removed register node u_video_process/u_yuv2rgb/mult_v_for_b_18b[0] that is stuck at constant 0.
W: Sdm-2000: [D:/ZGTC/Work/ccc/source/aaa_video_process/yuv2rgb.v(line number: 63)] Removed register node u_video_process/u_yuv2rgb/mult_u_for_r_18b[17] that is stuck at constant 0.
W: Sdm-2000: [D:/ZGTC/Work/ccc/source/aaa_video_process/yuv2rgb.v(line number: 63)] Removed register node u_video_process/u_yuv2rgb/mult_u_for_r_18b[16] that is stuck at constant 0.
W: Sdm-2000: [D:/ZGTC/Work/ccc/source/aaa_video_process/yuv2rgb.v(line number: 63)] Removed register node u_video_process/u_yuv2rgb/mult_u_for_r_18b[15] that is stuck at constant 0.
W: Sdm-2000: [D:/ZGTC/Work/ccc/source/aaa_video_process/yuv2rgb.v(line number: 63)] Removed register node u_video_process/u_yuv2rgb/mult_u_for_r_18b[14] that is stuck at constant 0.
W: Sdm-2000: [D:/ZGTC/Work/ccc/source/aaa_video_process/yuv2rgb.v(line number: 63)] Removed register node u_video_process/u_yuv2rgb/mult_u_for_r_18b[13] that is stuck at constant 0.
W: Sdm-2000: [D:/ZGTC/Work/ccc/source/aaa_video_process/yuv2rgb.v(line number: 63)] Removed register node u_video_process/u_yuv2rgb/mult_u_for_r_18b[12] that is stuck at constant 0.
W: Sdm-2000: [D:/ZGTC/Work/ccc/source/aaa_video_process/yuv2rgb.v(line number: 63)] Removed register node u_video_process/u_yuv2rgb/mult_u_for_r_18b[11] that is stuck at constant 0.
W: Sdm-2000: [D:/ZGTC/Work/ccc/source/aaa_video_process/yuv2rgb.v(line number: 63)] Removed register node u_video_process/u_yuv2rgb/mult_u_for_r_18b[10] that is stuck at constant 0.
W: Sdm-2000: [D:/ZGTC/Work/ccc/source/aaa_video_process/yuv2rgb.v(line number: 63)] Removed register node u_video_process/u_yuv2rgb/mult_u_for_r_18b[9] that is stuck at constant 0.
W: Sdm-2000: [D:/ZGTC/Work/ccc/source/aaa_video_process/yuv2rgb.v(line number: 63)] Removed register node u_video_process/u_yuv2rgb/mult_u_for_r_18b[8] that is stuck at constant 0.
W: Sdm-2000: [D:/ZGTC/Work/ccc/source/aaa_video_process/yuv2rgb.v(line number: 63)] Removed register node u_video_process/u_yuv2rgb/mult_u_for_r_18b[7] that is stuck at constant 0.
W: Sdm-2000: [D:/ZGTC/Work/ccc/source/aaa_video_process/yuv2rgb.v(line number: 63)] Removed register node u_video_process/u_yuv2rgb/mult_u_for_r_18b[6] that is stuck at constant 0.
W: Sdm-2000: [D:/ZGTC/Work/ccc/source/aaa_video_process/yuv2rgb.v(line number: 63)] Removed register node u_video_process/u_yuv2rgb/mult_u_for_r_18b[5] that is stuck at constant 0.
W: Sdm-2000: [D:/ZGTC/Work/ccc/source/aaa_video_process/yuv2rgb.v(line number: 63)] Removed register node u_video_process/u_yuv2rgb/mult_u_for_r_18b[4] that is stuck at constant 0.
W: Sdm-2000: [D:/ZGTC/Work/ccc/source/aaa_video_process/yuv2rgb.v(line number: 63)] Removed register node u_video_process/u_yuv2rgb/mult_u_for_r_18b[3] that is stuck at constant 0.
W: Sdm-2000: [D:/ZGTC/Work/ccc/source/aaa_video_process/yuv2rgb.v(line number: 63)] Removed register node u_video_process/u_yuv2rgb/mult_u_for_r_18b[2] that is stuck at constant 0.
W: Sdm-2000: [D:/ZGTC/Work/ccc/source/aaa_video_process/yuv2rgb.v(line number: 63)] Removed register node u_video_process/u_yuv2rgb/mult_u_for_r_18b[1] that is stuck at constant 0.
W: Sdm-2000: [D:/ZGTC/Work/ccc/source/aaa_video_process/yuv2rgb.v(line number: 63)] Removed register node u_video_process/u_yuv2rgb/mult_u_for_r_18b[0] that is stuck at constant 0.
W: Sdm-2000: [D:/ZGTC/Work/ccc/ipcore/ddr3_test/rtl/ddrphy/ips2l_ddrphy_rst_clk_phase_adj_v1_0.vp(line number: 217)] Removed register node u_ddr3_test_h/u_ddrphy_top/u_ips2l_ddrphy_rst_clk_phase_adj/rst_clk_adj_dir that is stuck at constant 0.
W: Sdm-2000: [D:/ZGTC/Work/ccc/ipcore/ddr3_test/rtl/ddrphy/ips2l_ddrphy_gate_update_ctrl_v1_3.vp(line number: 147)] Removed register node u_ddr3_test_h/u_ddrphy_top/ddrphy_gate_update_ctrl/update_start that is stuck at constant 0.
W: Sdm-2000: [D:/ZGTC/Work/ccc/ipcore/ddr3_test/rtl/ddrphy/ips2l_ddrphy_eyecal_v1_5.vp(line number: 427)] Removed register node u_ddr3_test_h/u_ddrphy_top/ddrphy_calib_top/ddrphy_eyecal/eyecal_ba[2] that is stuck at constant 0.
W: Sdm-2000: [D:/ZGTC/Work/ccc/ipcore/ddr3_test/rtl/ddrphy/ips2l_ddrphy_eyecal_v1_5.vp(line number: 427)] Removed register node u_ddr3_test_h/u_ddrphy_top/ddrphy_calib_top/ddrphy_eyecal/eyecal_ba[1] that is stuck at constant 0.
W: Sdm-2000: [D:/ZGTC/Work/ccc/ipcore/ddr3_test/rtl/ddrphy/ips2l_ddrphy_eyecal_v1_5.vp(line number: 427)] Removed register node u_ddr3_test_h/u_ddrphy_top/ddrphy_calib_top/ddrphy_eyecal/eyecal_ba[0] that is stuck at constant 0.
W: Sdm-2000: [D:/ZGTC/Work/ccc/ipcore/ddr3_test/rtl/ddrphy/ips2l_ddrphy_wrcal_v1_7.vp(line number: 732)] Removed register node u_ddr3_test_h/u_ddrphy_top/ddrphy_calib_top/ddrphy_wrcal/wrcal_ba[2] that is stuck at constant 0.
W: Sdm-2000: [D:/ZGTC/Work/ccc/ipcore/ddr3_test/rtl/ddrphy/ips2l_ddrphy_wrcal_v1_7.vp(line number: 732)] Removed register node u_ddr3_test_h/u_ddrphy_top/ddrphy_calib_top/ddrphy_wrcal/wrcal_ba[1] that is stuck at constant 0.
W: Sdm-2000: [D:/ZGTC/Work/ccc/ipcore/ddr3_test/rtl/ddrphy/ips2l_ddrphy_wrcal_v1_7.vp(line number: 732)] Removed register node u_ddr3_test_h/u_ddrphy_top/ddrphy_calib_top/ddrphy_wrcal/wrcal_ba[0] that is stuck at constant 0.
I: Removed inst ram1_rd_oce that is redundant to ram0_rd_oce.
I: Removed inst mrs2dfi_ras_n that is redundant to mrs2dfi_cs_n.
I: Removed inst lp_ras_n[1:0] that is redundant to lp_cs_n[1:0].
I: Sdm-0001: [D:/ZGTC/Work/ccc/ipcore/ddr3_test/rtl/mcdq_ctrl/distributed_fifo/rtl/ips2l_distributed_sdpram_v1_0_distributed_fifo_v1_0.vp(line number: 180)] Found Ram mem, depth=16, width=2.
I: Sdm-0001: [D:/ZGTC/Work/ccc/ipcore/ddr3_test/rtl/mcdq_ctrl/distributed_fifo/rtl/ips2l_distributed_sdpram_v1_0_distributed_fifo_v1_0.vp(line number: 180)] Found Ram mem, depth=16, width=43.
I: Sdm-0001: [D:/ZGTC/Work/ccc/ipcore/ddr3_test/rtl/mcdq_ctrl/distributed_fifo/rtl/ips2l_distributed_sdpram_v1_0_distributed_fifo_v1_0.vp(line number: 180)] Found Ram mem, depth=32, width=5.
Executing : rtl-infer successfully. Time elapsed: 4.550s wall, 3.250s user + 1.281s system = 4.531s CPU (99.6%)

Start rtl-control-opt.
W: Loop was found during constant probe.
W: Loop was found during constant probe.
W: Loop was found during constant probe.
W: Loop was found during constant probe.
W: Loop was found during constant probe.
W: Loop was found during constant probe.
W: Loop was found during constant probe.
W: Loop was found during constant probe.
W: Loop was found during constant probe.
W: Loop was found during constant probe.
W: Loop was found during constant probe.
W: Loop was found during constant probe.
W: Loop was found during constant probe.
W: Loop was found during constant probe.
W: Loop was found during constant probe.
W: Loop was found during constant probe.
W: Loop was found during constant probe.
W: Loop was found during constant probe.
W: Loop was found during constant probe.
W: Loop was found during constant probe.
W: Loop was found during constant probe.
W: Loop was found during constant probe.
W: Loop was found during constant probe.
W: Loop was found during constant probe.
W: Loop was found during constant probe.
W: Loop was found during constant probe.
Executing : rtl-control-opt successfully. Time elapsed: 0.058s wall, 0.047s user + 0.016s system = 0.062s CPU (107.0%)

Start rtl-data-opt.
W: Loop was found during constant probe.
W: Loop was found during constant probe.
W: Loop was found during constant probe.
W: Loop was found during constant probe.
W: Loop was found during constant probe.
W: Loop was found during constant probe.
W: Loop was found during constant probe.
W: Loop was found during constant probe.
W: Loop was found during constant probe.
W: Loop was found during constant probe.
W: Loop was found during constant probe.
W: Loop was found during constant probe.
W: Loop was found during constant probe.
W: Loop was found during constant probe.
W: Loop was found during constant probe.
W: Loop was found during constant probe.
W: Loop was found during constant probe.
W: Loop was found during constant probe.
W: Loop was found during constant probe.
W: Loop was found during constant probe.
W: Loop was found during constant probe.
W: Loop was found during constant probe.
W: Loop was found during constant probe.
W: Loop was found during constant probe.
W: Loop was found during constant probe.
W: Loop was found during constant probe.
W: Loop was found during constant probe.
W: Loop was found during constant probe.
W: Loop was found during constant probe.
W: Loop was found during constant probe.
W: Loop was found during constant probe.
W: Loop was found during constant probe.
W: Loop was found during constant probe.
W: Loop was found during constant probe.
W: Loop was found during constant probe.
Executing : rtl-data-opt successfully. Time elapsed: 0.403s wall, 0.391s user + 0.000s system = 0.391s CPU (97.0%)

Start FSM inference.
I: FSM de_out_state_fsm[3:0] inferred.
I: FSM eth_rx_state_fsm[3:0] inferred.
I: FSM state_fsm[1:0] inferred.
I: FSM config_step_fsm[1:0] inferred.
I: FSM arbitration_wr_state_fsm[4:0] inferred.
I: FSM arbitration_rd_state_fsm[2:0] inferred.
I: FSM interpolation_cnt_state_fsm[1:0] inferred.
I: FSM interpolation_data_state_fsm[1:0] inferred.
W: Loop was found during constant probe.
W: Loop was found during constant probe.
W: Loop was found during constant probe.
W: Loop was found during constant probe.
W: Loop was found during constant probe.
W: Loop was found during constant probe.
W: Loop was found during constant probe.
W: Loop was found during constant probe.
W: Loop was found during constant probe.
W: Loop was found during constant probe.
W: Loop was found during constant probe.
W: Loop was found during constant probe.
W: Loop was found during constant probe.
W: Loop was found during constant probe.
W: Loop was found during constant probe.
W: Loop was found during constant probe.
W: Loop was found during constant probe.
W: Loop was found during constant probe.
W: Loop was found during constant probe.
I: FSM cur_state_fsm[6:0] inferred.
I: FSM cur_state_fsm[6:0] inferred.
W: Loop was found during constant probe.
W: Loop was found during constant probe.
W: Loop was found during constant probe.
W: Loop was found during constant probe.
W: Loop was found during constant probe.
I: FSM state_fsm[6:0] inferred.
I: FSM state_fsm[5:0] inferred.
I: FSM state_fsm[2:0] inferred.
I: FSM r_fifo_state_fsm[1:0] inferred.
I: FSM w_fifo_state_fsm[1:0] inferred.
I: FSM r_fifo_state_fsm[1:0] inferred.
I: FSM w_fifo_state_fsm[1:0] inferred.
I: FSM r_fifo_state_fsm[1:0] inferred.
I: FSM w_fifo_state_fsm[1:0] inferred.
I: FSM r_fifo_state_fsm[1:0] inferred.
I: FSM w_fifo_state_fsm[1:0] inferred.
I: FSM dcp2dfi_odt_fsm[3:2] inferred.
I: FSM dcp2dfi_odt_fsm[1:0] inferred.
I: FSM mode_state_fsm[1:0] inferred.
I: FSM cstate_fsm[5:0] inferred.
I: FSM state_fsm[9:0] inferred.
I: FSM state_fsm[6:0] inferred.
I: FSM cpd_state_fsm[2:0] inferred.
I: FSM cpd_state_fsm[3:0] inferred.
I: FSM state_fsm[3:0] inferred.
I: FSM state_fsm[1:0] inferred.
I: FSM state_fsm[2:0] inferred.
I: FSM init_state_fsm[3:0] inferred.
I: FSM wrlvl_state_fsm[3:0] inferred.
W: Loop was found during constant probe.
I: FSM genblk1.rdcal_state_fsm[4:0] inferred.
I: FSM upcal_state_fsm[3:0] inferred.
I: FSM wrcal_state_fsm[3:0] inferred.
I: FSM eyecal_state_fsm[3:0] inferred.
I: FSM error_status_fsm[3:0] inferred.
I: FSM main_state_fsm[3:0] inferred.
W: Loop was found during constant probe.
W: Loop was found during constant probe.
W: Loop was found during constant probe.
W: Loop was found during constant probe.
W: Loop was found during constant probe.
I: FSM wl_state_fsm[2:0] inferred.
I: FSM state_fsm[3:0] inferred.
I: FSM state_fsm[3:0] inferred.
I: FSM gdet_state_fsm[2:0] inferred.
I: FSM rdchk_state0_fsm[3:0] inferred.
I: FSM rdchk_state1_fsm[3:0] inferred.
I: FSM gate_state_fsm[2:0] inferred.
Executing : FSM inference successfully. Time elapsed: 0.440s wall, 0.312s user + 0.125s system = 0.438s CPU (99.3%)

Start sdm2adm.
W: Loop was found during constant probe.
W: Loop was found during constant probe.
W: Loop was found during constant probe.
W: Loop was found during constant probe.
W: Loop was found during constant probe.
W: Loop was found during constant probe.
W: Loop was found during constant probe.
W: Loop was found during constant probe.
W: Loop was found during constant probe.
W: Loop was found during constant probe.
W: Loop was found during constant probe.
I: Constant propagation done on N248_1 (bmsWIDEMUX).
I: Constant propagation done on N21[0] (bmsWIDEMUX).
I: Constant propagation done on N1117 (bmsWIDEMUX).
W: Loop was found during constant probe.
W: Loop was found during constant probe.
W: Loop was found during constant probe.
W: Loop was found during constant probe.
W: Loop was found during constant probe.
W: Loop was found during constant probe.
W: Loop was found during constant probe.
W: Loop was found during constant probe.
W: Loop was found during constant probe.
I: Constant propagation done on N84_10 (bmsREDXOR).
I: Constant propagation done on N74 (bmsREDXOR).
I: Constant propagation done on N29 (bmsREDXOR).
I: Constant propagation done on N34 (bmsREDXOR).
I: Constant propagation done on N39 (bmsREDXOR).
I: Constant propagation done on N44 (bmsREDXOR).
I: Constant propagation done on N49 (bmsREDXOR).
W: Loop was found during constant probe.
W: Loop was found during constant probe.
W: Loop was found during constant probe.
W: Loop was found during constant probe.
W: Loop was found during constant probe.
W: Loop was found during constant probe.
W: Loop was found during constant probe.
W: Loop was found during constant probe.
W: Loop was found during constant probe.
W: Loop was found during constant probe.
W: Loop was found during constant probe.
W: Loop was found during constant probe.
W: Loop was found during constant probe.
W: Loop was found during constant probe.
W: Loop was found during constant probe.
W: Loop was found during constant probe.
W: Loop was found during constant probe.
W: Loop was found during constant probe.
W: Loop was found during constant probe.
W: Loop was found during constant probe.
W: Loop was found during constant probe.
C: DRC-2021: [D:/ZGTC/Work/ccc/source/fei_eth/eth_img_rec.v(line number: 24)] The net eth_rx_next_state[3] is un-driven, tie it to 0.
C: DRC-2021: [D:/ZGTC/Work/ccc/source/fei_eth/eth_img_rec.v(line number: 24)] The net eth_rx_next_state[2] is un-driven, tie it to 0.
C: DRC-2021: [D:/ZGTC/Work/ccc/source/fei_eth/eth_img_rec.v(line number: 24)] The net eth_rx_next_state[1] is un-driven, tie it to 0.
C: DRC-2021: [D:/ZGTC/Work/ccc/source/fei_eth/eth_img_rec.v(line number: 24)] The net eth_rx_next_state[0] is un-driven, tie it to 0.
W: Loop was found during constant probe.
W: Loop was found during constant probe.
W: Loop was found during constant probe.
W: Loop was found during constant probe.
W: Loop was found during constant probe.
C: DRC-2021: [D:/ZGTC/Work/ccc/source/aaa_video_process/video_zoom.v(line number: 85)] The net de_out_d0 is un-driven, tie it to 0.
C: DRC-2021: [D:/ZGTC/Work/ccc/source/aaa_video_process/video_zoom.v(line number: 86)] The net de_out_d1 is un-driven, tie it to 0.
C: DRC-2021: [D:/ZGTC/Work/ccc/source/aaa_video_process/video_zoom.v(line number: 87)] The net de_out_d2 is un-driven, tie it to 0.
C: DRC-2021: [D:/ZGTC/Work/ccc/source/aaa_video_process/video_zoom.v(line number: 88)] The net de_out_d3 is un-driven, tie it to 0.
C: DRC-2021: [D:/ZGTC/Work/ccc/source/aaa_video_process/video_zoom.v(line number: 89)] The net de_out_d4 is un-driven, tie it to 0.
C: DRC-2021: [D:/ZGTC/Work/ccc/source/aaa_video_process/video_zoom.v(line number: 90)] The net de_out_d5 is un-driven, tie it to 0.
C: DRC-2021: [D:/ZGTC/Work/ccc/source/aaa_video_process/video_zoom.v(line number: 91)] The net de_out_d6 is un-driven, tie it to 0.
C: DRC-2021: [D:/ZGTC/Work/ccc/source/aaa_video_process/video_zoom.v(line number: 92)] The net de_out_d7 is un-driven, tie it to 0.
C: DRC-2021: [D:/ZGTC/Work/ccc/source/aaa_video_process/video_zoom.v(line number: 93)] The net de_out_d8 is un-driven, tie it to 0.
C: DRC-2021: [D:/ZGTC/Work/ccc/source/aaa_video_process/video_zoom.v(line number: 94)] The net de_out_d9 is un-driven, tie it to 0.
C: DRC-2021: [D:/ZGTC/Work/ccc/source/aaa_video_process/video_zoom.v(line number: 95)] The net de_out_d10 is un-driven, tie it to 0.
C: DRC-2021: [D:/ZGTC/Work/ccc/source/aaa_video_process/video_zoom.v(line number: 96)] The net de_out_d11 is un-driven, tie it to 0.
W: Loop was found during constant probe.
W: Loop was found during constant probe.
W: Loop was found during constant probe.
W: Loop was found during constant probe.
W: Loop was found during constant probe.
W: Loop was found during constant probe.
W: Loop was found during constant probe.
W: Loop was found during constant probe.
W: Loop was found during constant probe.
W: Loop was found during constant probe.
W: Loop was found during constant probe.
W: Loop was found during constant probe.
W: Loop was found during constant probe.
W: Loop was found during constant probe.
W: Loop was found during constant probe.
W: Loop was found during constant probe.
W: Loop was found during constant probe.
W: Loop was found during constant probe.
W: Loop was found during constant probe.
W: Loop was found during constant probe.
W: Loop was found during constant probe.
W: Loop was found during constant probe.
W: Loop was found during constant probe.
W: Loop was found during constant probe.
W: Loop was found during constant probe.
W: Loop was found during constant probe.
W: Loop was found during constant probe.
W: Loop was found during constant probe.
W: Loop was found during constant probe.
W: Loop was found during constant probe.
W: Loop was found during constant probe.
W: Loop was found during constant probe.
W: Loop was found during constant probe.
W: Loop was found during constant probe.
W: Loop was found during constant probe.
W: Loop was found during constant probe.
W: Loop was found during constant probe.
W: Loop was found during constant probe.
W: Loop was found during constant probe.
W: Loop was found during constant probe.
W: Loop was found during constant probe.
W: Loop was found during constant probe.
W: Loop was found during constant probe.
W: Loop was found during constant probe.
W: Loop was found during constant probe.
W: Loop was found during constant probe.
W: Loop was found during constant probe.
W: Loop was found during constant probe.
W: Loop was found during constant probe.
W: Loop was found during constant probe.
W: Loop was found during constant probe.
W: Loop was found during constant probe.
W: Loop was found during constant probe.
W: Loop was found during constant probe.
W: Loop was found during constant probe.
W: Loop was found during constant probe.
W: Loop was found during constant probe.
W: Loop was found during constant probe.
W: Loop was found during constant probe.
W: Loop was found during constant probe.
W: Loop was found during constant probe.
W: Loop was found during constant probe.
W: Loop was found during constant probe.
W: Loop was found during constant probe.
W: Loop was found during constant probe.
W: Loop was found during constant probe.
W: Loop was found during constant probe.
W: Loop was found during constant probe.
W: Loop was found during constant probe.
W: Loop was found during constant probe.
W: Loop was found during constant probe.
W: Loop was found during constant probe.
W: Loop was found during constant probe.
W: Loop was found during constant probe.
W: Loop was found during constant probe.
W: Loop was found during constant probe.
W: Loop was found during constant probe.
W: Loop was found during constant probe.
W: Loop was found during constant probe.
W: Loop was found during constant probe.
W: Loop was found during constant probe.
W: Loop was found during constant probe.
W: Loop was found during constant probe.
W: Loop was found during constant probe.
W: Loop was found during constant probe.
W: Loop was found during constant probe.
W: Loop was found during constant probe.
W: Loop was found during constant probe.
W: Loop was found during constant probe.
W: Loop was found during constant probe.
W: Loop was found during constant probe.
W: Loop was found during constant probe.
W: Loop was found during constant probe.
W: Loop was found during constant probe.
W: Loop was found during constant probe.
W: Loop was found during constant probe.
W: Loop was found during constant probe.
W: Loop was found during constant probe.
W: Loop was found during constant probe.
W: Loop was found during constant probe.
W: Loop was found during constant probe.
W: Loop was found during constant probe.
W: Loop was found during constant probe.
W: Loop was found during constant probe.
W: Loop was found during constant probe.
W: Loop was found during constant probe.
W: Loop was found during constant probe.
W: Loop was found during constant probe.
W: Loop was found during constant probe.
W: Loop was found during constant probe.
W: Loop was found during constant probe.
W: Loop was found during constant probe.
W: Loop was found during constant probe.
W: Loop was found during constant probe.
W: Loop was found during constant probe.
W: Loop was found during constant probe.
W: Loop was found during constant probe.
W: Loop was found during constant probe.
W: Loop was found during constant probe.
W: Loop was found during constant probe.
W: Loop was found during constant probe.
W: Loop was found during constant probe.
W: Loop was found during constant probe.
W: Loop was found during constant probe.
W: Loop was found during constant probe.
W: Loop was found during constant probe.
W: Loop was found during constant probe.
W: Loop was found during constant probe.
W: Loop was found during constant probe.
W: Loop was found during constant probe.
W: Loop was found during constant probe.
W: Loop was found during constant probe.
W: Loop was found during constant probe.
W: Loop was found during constant probe.
W: Loop was found during constant probe.
W: Loop was found during constant probe.
W: Loop was found during constant probe.
W: Loop was found during constant probe.
W: Loop was found during constant probe.
W: Loop was found during constant probe.
W: Loop was found during constant probe.
W: Loop was found during constant probe.
W: Loop was found during constant probe.
W: Loop was found during constant probe.
W: Loop was found during constant probe.
W: Loop was found during constant probe.
W: Loop was found during constant probe.
W: Loop was found during constant probe.
W: Loop was found during constant probe.
W: Loop was found during constant probe.
W: Loop was found during constant probe.
W: Loop was found during constant probe.
W: Loop was found during constant probe.
W: Loop was found during constant probe.
W: Loop was found during constant probe.
W: Loop was found during constant probe.
W: Loop was found during constant probe.
W: Loop was found during constant probe.
W: Loop was found during constant probe.
W: Loop was found during constant probe.
W: Loop was found during constant probe.
W: Loop was found during constant probe.
W: Loop was found during constant probe.
W: Loop was found during constant probe.
W: Loop was found during constant probe.
W: Loop was found during constant probe.
W: Loop was found during constant probe.
W: Loop was found during constant probe.
W: Loop was found during constant probe.
W: Loop was found during constant probe.
W: Loop was found during constant probe.
W: Loop was found during constant probe.
W: Loop was found during constant probe.
W: Loop was found during constant probe.
W: Loop was found during constant probe.
W: Loop was found during constant probe.
W: Loop was found during constant probe.
W: Loop was found during constant probe.
W: Loop was found during constant probe.
W: Loop was found during constant probe.
W: Loop was found during constant probe.
W: Loop was found during constant probe.
W: Loop was found during constant probe.
W: Loop was found during constant probe.
W: Loop was found during constant probe.
W: Loop was found during constant probe.
W: Loop was found during constant probe.
W: Loop was found during constant probe.
W: Loop was found during constant probe.
W: Loop was found during constant probe.
W: Loop was found during constant probe.
W: Loop was found during constant probe.
W: Loop was found during constant probe.
W: Loop was found during constant probe.
W: Loop was found during constant probe.
W: Loop was found during constant probe.
W: Loop was found during constant probe.
W: Loop was found during constant probe.
W: Loop was found during constant probe.
W: Loop was found during constant probe.
W: Loop was found during constant probe.
W: Loop was found during constant probe.
W: Loop was found during constant probe.
W: Loop was found during constant probe.
W: Loop was found during constant probe.
W: Loop was found during constant probe.
W: Loop was found during constant probe.
W: Loop was found during constant probe.
W: Loop was found during constant probe.
C: DRC-2021: [D:/ZGTC/Work/ccc/source/aaa_top/hdmi_ddr_ov5640_top.v(line number: 1110)] The net eth0_img_de is un-driven, tie it to 0.
C: DRC-2021: [D:/ZGTC/Work/ccc/source/aaa_top/hdmi_ddr_ov5640_top.v(line number: 1109)] The net eth0_img_data[15] is un-driven, tie it to 0.
C: DRC-2021: [D:/ZGTC/Work/ccc/source/aaa_top/hdmi_ddr_ov5640_top.v(line number: 1109)] The net eth0_img_data[14] is un-driven, tie it to 0.
C: DRC-2021: [D:/ZGTC/Work/ccc/source/aaa_top/hdmi_ddr_ov5640_top.v(line number: 1109)] The net eth0_img_data[13] is un-driven, tie it to 0.
C: DRC-2021: [D:/ZGTC/Work/ccc/source/aaa_top/hdmi_ddr_ov5640_top.v(line number: 1109)] The net eth0_img_data[12] is un-driven, tie it to 0.
C: DRC-2021: [D:/ZGTC/Work/ccc/source/aaa_top/hdmi_ddr_ov5640_top.v(line number: 1109)] The net eth0_img_data[11] is un-driven, tie it to 0.
C: DRC-2021: [D:/ZGTC/Work/ccc/source/aaa_top/hdmi_ddr_ov5640_top.v(line number: 1109)] The net eth0_img_data[10] is un-driven, tie it to 0.
C: DRC-2021: [D:/ZGTC/Work/ccc/source/aaa_top/hdmi_ddr_ov5640_top.v(line number: 1109)] The net eth0_img_data[9] is un-driven, tie it to 0.
C: DRC-2021: [D:/ZGTC/Work/ccc/source/aaa_top/hdmi_ddr_ov5640_top.v(line number: 1109)] The net eth0_img_data[8] is un-driven, tie it to 0.
C: DRC-2021: [D:/ZGTC/Work/ccc/source/aaa_top/hdmi_ddr_ov5640_top.v(line number: 1109)] The net eth0_img_data[7] is un-driven, tie it to 0.
C: DRC-2021: [D:/ZGTC/Work/ccc/source/aaa_top/hdmi_ddr_ov5640_top.v(line number: 1109)] The net eth0_img_data[6] is un-driven, tie it to 0.
C: DRC-2021: [D:/ZGTC/Work/ccc/source/aaa_top/hdmi_ddr_ov5640_top.v(line number: 1109)] The net eth0_img_data[5] is un-driven, tie it to 0.
C: DRC-2021: [D:/ZGTC/Work/ccc/source/aaa_top/hdmi_ddr_ov5640_top.v(line number: 1109)] The net eth0_img_data[4] is un-driven, tie it to 0.
C: DRC-2021: [D:/ZGTC/Work/ccc/source/aaa_top/hdmi_ddr_ov5640_top.v(line number: 1109)] The net eth0_img_data[3] is un-driven, tie it to 0.
C: DRC-2021: [D:/ZGTC/Work/ccc/source/aaa_top/hdmi_ddr_ov5640_top.v(line number: 1109)] The net eth0_img_data[2] is un-driven, tie it to 0.
C: DRC-2021: [D:/ZGTC/Work/ccc/source/aaa_top/hdmi_ddr_ov5640_top.v(line number: 1109)] The net eth0_img_data[1] is un-driven, tie it to 0.
C: DRC-2021: [D:/ZGTC/Work/ccc/source/aaa_top/hdmi_ddr_ov5640_top.v(line number: 1109)] The net eth0_img_data[0] is un-driven, tie it to 0.
C: DRC-2021: [D:/ZGTC/Work/ccc/source/aaa_top/hdmi_ddr_ov5640_top.v(line number: 1137)] The net vesa_debug_data[15] is un-driven, tie it to 0.
C: DRC-2021: [D:/ZGTC/Work/ccc/source/aaa_top/hdmi_ddr_ov5640_top.v(line number: 1137)] The net vesa_debug_data[14] is un-driven, tie it to 0.
C: DRC-2021: [D:/ZGTC/Work/ccc/source/aaa_top/hdmi_ddr_ov5640_top.v(line number: 1137)] The net vesa_debug_data[13] is un-driven, tie it to 0.
C: DRC-2021: [D:/ZGTC/Work/ccc/source/aaa_top/hdmi_ddr_ov5640_top.v(line number: 1137)] The net vesa_debug_data[12] is un-driven, tie it to 0.
C: DRC-2021: [D:/ZGTC/Work/ccc/source/aaa_top/hdmi_ddr_ov5640_top.v(line number: 1137)] The net vesa_debug_data[11] is un-driven, tie it to 0.
C: DRC-2021: [D:/ZGTC/Work/ccc/source/aaa_top/hdmi_ddr_ov5640_top.v(line number: 1137)] The net vesa_debug_data[10] is un-driven, tie it to 0.
C: DRC-2021: [D:/ZGTC/Work/ccc/source/aaa_top/hdmi_ddr_ov5640_top.v(line number: 1137)] The net vesa_debug_data[9] is un-driven, tie it to 0.
C: DRC-2021: [D:/ZGTC/Work/ccc/source/aaa_top/hdmi_ddr_ov5640_top.v(line number: 1137)] The net vesa_debug_data[8] is un-driven, tie it to 0.
C: DRC-2021: [D:/ZGTC/Work/ccc/source/aaa_top/hdmi_ddr_ov5640_top.v(line number: 1137)] The net vesa_debug_data[7] is un-driven, tie it to 0.
C: DRC-2021: [D:/ZGTC/Work/ccc/source/aaa_top/hdmi_ddr_ov5640_top.v(line number: 1137)] The net vesa_debug_data[6] is un-driven, tie it to 0.
C: DRC-2021: [D:/ZGTC/Work/ccc/source/aaa_top/hdmi_ddr_ov5640_top.v(line number: 1137)] The net vesa_debug_data[5] is un-driven, tie it to 0.
C: DRC-2021: [D:/ZGTC/Work/ccc/source/aaa_top/hdmi_ddr_ov5640_top.v(line number: 1137)] The net vesa_debug_data[4] is un-driven, tie it to 0.
C: DRC-2021: [D:/ZGTC/Work/ccc/source/aaa_top/hdmi_ddr_ov5640_top.v(line number: 1137)] The net vesa_debug_data[3] is un-driven, tie it to 0.
C: DRC-2021: [D:/ZGTC/Work/ccc/source/aaa_top/hdmi_ddr_ov5640_top.v(line number: 1137)] The net vesa_debug_data[2] is un-driven, tie it to 0.
C: DRC-2021: [D:/ZGTC/Work/ccc/source/aaa_top/hdmi_ddr_ov5640_top.v(line number: 1137)] The net vesa_debug_data[1] is un-driven, tie it to 0.
C: DRC-2021: [D:/ZGTC/Work/ccc/source/aaa_top/hdmi_ddr_ov5640_top.v(line number: 1137)] The net vesa_debug_data[0] is un-driven, tie it to 0.
Executing : sdm2adm successfully. Time elapsed: 0.594s wall, 0.562s user + 0.031s system = 0.594s CPU (99.9%)

Saving design to DB.
Action compile: Real time elapsed is 0h:0m:14s
Action compile: CPU time elapsed is 0h:0m:8s
Action compile: Process CPU time elapsed is 0h:0m:8s
Current time: Mon Apr 27 19:05:10 2026
Action compile: Peak memory pool usage is 235 MB
