#Build: Fabric Compiler 2022.2-SP6.4, Build 146967, Jan 31 01:39 2024
#Install: D:\ZGTC\pango\PDS_2022.2-SP6.4\bin
#Application name: pds_shell.exe
#OS: Windows 10 10.0.26200
#Hostname: LAPTOP-F5RA6Q1A
Generated by Fabric Compiler (version 2022.2-SP6.4 build 146967) at Mon Apr 27 22:36:55 2026
License checkout: fabric_ads from D:\ZGTC\pango\PDS_2022.2-SP6.4\license\new_pds_F4A80DA47D72.lic
Compiling verification operator library.
Loading technology operator library.
Compiling technology operator library.
Compiling technology operator (valence) library.
I: Enable Verilog2k features and keywords
Start rtl-analyze.
Executing : .rtl_analyze -work work -include_path {D:/ZGTC/Work/ccc} D:/ZGTC/Work/ccc/source/aaa_top/hdmi_ddr_ov5640_top.v
I: Verilog-0001: Analyzing file D:/ZGTC/Work/ccc/source/aaa_top/hdmi_ddr_ov5640_top.v
I: Verilog-0002: [D:/ZGTC/Work/ccc/source/aaa_top/hdmi_ddr_ov5640_top.v(line number: 7)] Analyzing module hdmi_ddr_ov5640_top (library work)
W: Verilog-2015: [D:/ZGTC/Work/ccc/source/aaa_top/hdmi_ddr_ov5640_top.v(line number: 1119)] eth0_img_de is already declared in this scope
W: Verilog-2015: [D:/ZGTC/Work/ccc/source/aaa_top/hdmi_ddr_ov5640_top.v(line number: 1120)] eth0_img_data is already declared in this scope
W: Verilog-2006: [D:/ZGTC/Work/ccc/source/aaa_top/hdmi_ddr_ov5640_top.v(line number: 119)] Ansi_parameter force parameter in body to localparam
W: Verilog-2006: [D:/ZGTC/Work/ccc/source/aaa_top/hdmi_ddr_ov5640_top.v(line number: 123)] Ansi_parameter force parameter in body to localparam
W: Verilog-2006: [D:/ZGTC/Work/ccc/source/aaa_top/hdmi_ddr_ov5640_top.v(line number: 124)] Ansi_parameter force parameter in body to localparam
W: Verilog-2006: [D:/ZGTC/Work/ccc/source/aaa_top/hdmi_ddr_ov5640_top.v(line number: 125)] Ansi_parameter force parameter in body to localparam
W: Verilog-2006: [D:/ZGTC/Work/ccc/source/aaa_top/hdmi_ddr_ov5640_top.v(line number: 128)] Ansi_parameter force parameter in body to localparam
W: Verilog-2006: [D:/ZGTC/Work/ccc/source/aaa_top/hdmi_ddr_ov5640_top.v(line number: 129)] Ansi_parameter force parameter in body to localparam
W: Verilog-2006: [D:/ZGTC/Work/ccc/source/aaa_top/hdmi_ddr_ov5640_top.v(line number: 130)] Ansi_parameter force parameter in body to localparam
W: Verilog-2006: [D:/ZGTC/Work/ccc/source/aaa_top/hdmi_ddr_ov5640_top.v(line number: 133)] Ansi_parameter force parameter in body to localparam
W: Verilog-2006: [D:/ZGTC/Work/ccc/source/aaa_top/hdmi_ddr_ov5640_top.v(line number: 134)] Ansi_parameter force parameter in body to localparam
W: Verilog-2006: [D:/ZGTC/Work/ccc/source/aaa_top/hdmi_ddr_ov5640_top.v(line number: 135)] Ansi_parameter force parameter in body to localparam
W: Verilog-2006: [D:/ZGTC/Work/ccc/source/aaa_top/hdmi_ddr_ov5640_top.v(line number: 138)] Ansi_parameter force parameter in body to localparam
W: Verilog-2006: [D:/ZGTC/Work/ccc/source/aaa_top/hdmi_ddr_ov5640_top.v(line number: 139)] Ansi_parameter force parameter in body to localparam
W: Verilog-2006: [D:/ZGTC/Work/ccc/source/aaa_top/hdmi_ddr_ov5640_top.v(line number: 140)] Ansi_parameter force parameter in body to localparam
W: Verilog-2006: [D:/ZGTC/Work/ccc/source/aaa_top/hdmi_ddr_ov5640_top.v(line number: 638)] Ansi_parameter force parameter in body to localparam
Parsing done.
Executing : .rtl_analyze -work work -include_path {D:/ZGTC/Work/ccc} D:/ZGTC/Work/ccc/source/aaa_top/hdmi_ddr_ov5640_top.v successfully.
Executing : .rtl_analyze -work work -include_path {D:/ZGTC/Work/ccc} D:/ZGTC/Work/ccc/source/aaa_video_process/rgb2yuv.v
I: Verilog-0001: Analyzing file D:/ZGTC/Work/ccc/source/aaa_video_process/rgb2yuv.v
I: Verilog-0002: [D:/ZGTC/Work/ccc/source/aaa_video_process/rgb2yuv.v(line number: 1)] Analyzing module rgb2yuv (library work)
Parsing done.
Executing : .rtl_analyze -work work -include_path {D:/ZGTC/Work/ccc} D:/ZGTC/Work/ccc/source/aaa_video_process/rgb2yuv.v successfully.
Executing : .rtl_analyze -work work -include_path {D:/ZGTC/Work/ccc} D:/ZGTC/Work/ccc/source/aaa_video_process/sync_vg.v
I: Verilog-0001: Analyzing file D:/ZGTC/Work/ccc/source/aaa_video_process/sync_vg.v
I: Verilog-0002: [D:/ZGTC/Work/ccc/source/aaa_video_process/sync_vg.v(line number: 37)] Analyzing module sync_vg (library work)
Parsing done.
Executing : .rtl_analyze -work work -include_path {D:/ZGTC/Work/ccc} D:/ZGTC/Work/ccc/source/aaa_video_process/sync_vg.v successfully.
Executing : .rtl_analyze -work work -include_path {D:/ZGTC/Work/ccc} D:/ZGTC/Work/ccc/source/aaa_video_process/video_process.v
I: Verilog-0001: Analyzing file D:/ZGTC/Work/ccc/source/aaa_video_process/video_process.v
I: Verilog-0002: [D:/ZGTC/Work/ccc/source/aaa_video_process/video_process.v(line number: 1)] Analyzing module video_process (library work)
Parsing done.
Executing : .rtl_analyze -work work -include_path {D:/ZGTC/Work/ccc} D:/ZGTC/Work/ccc/source/aaa_video_process/video_process.v successfully.
Executing : .rtl_analyze -work work -include_path {D:/ZGTC/Work/ccc} D:/ZGTC/Work/ccc/source/aaa_video_process/video_zoom.v
I: Verilog-0001: Analyzing file D:/ZGTC/Work/ccc/source/aaa_video_process/video_zoom.v
I: Verilog-0002: [D:/ZGTC/Work/ccc/source/aaa_video_process/video_zoom.v(line number: 4)] Analyzing module video_zoom (library work)
W: Verilog-2006: [D:/ZGTC/Work/ccc/source/aaa_video_process/video_zoom.v(line number: 19)] Ansi_parameter force parameter in body to localparam
W: Verilog-2006: [D:/ZGTC/Work/ccc/source/aaa_video_process/video_zoom.v(line number: 20)] Ansi_parameter force parameter in body to localparam
W: Verilog-2006: [D:/ZGTC/Work/ccc/source/aaa_video_process/video_zoom.v(line number: 21)] Ansi_parameter force parameter in body to localparam
W: Verilog-2006: [D:/ZGTC/Work/ccc/source/aaa_video_process/video_zoom.v(line number: 23)] Ansi_parameter force parameter in body to localparam
W: Verilog-2006: [D:/ZGTC/Work/ccc/source/aaa_video_process/video_zoom.v(line number: 24)] Ansi_parameter force parameter in body to localparam
W: Verilog-2006: [D:/ZGTC/Work/ccc/source/aaa_video_process/video_zoom.v(line number: 25)] Ansi_parameter force parameter in body to localparam
W: Verilog-2006: [D:/ZGTC/Work/ccc/source/aaa_video_process/video_zoom.v(line number: 26)] Ansi_parameter force parameter in body to localparam
W: Verilog-2006: [D:/ZGTC/Work/ccc/source/aaa_video_process/video_zoom.v(line number: 28)] Ansi_parameter force parameter in body to localparam
W: Verilog-2006: [D:/ZGTC/Work/ccc/source/aaa_video_process/video_zoom.v(line number: 29)] Ansi_parameter force parameter in body to localparam
W: Verilog-2006: [D:/ZGTC/Work/ccc/source/aaa_video_process/video_zoom.v(line number: 30)] Ansi_parameter force parameter in body to localparam
W: Verilog-2006: [D:/ZGTC/Work/ccc/source/aaa_video_process/video_zoom.v(line number: 31)] Ansi_parameter force parameter in body to localparam
W: Verilog-2006: [D:/ZGTC/Work/ccc/source/aaa_video_process/video_zoom.v(line number: 34)] Ansi_parameter force parameter in body to localparam
W: Verilog-2006: [D:/ZGTC/Work/ccc/source/aaa_video_process/video_zoom.v(line number: 35)] Ansi_parameter force parameter in body to localparam
W: Verilog-2006: [D:/ZGTC/Work/ccc/source/aaa_video_process/video_zoom.v(line number: 37)] Ansi_parameter force parameter in body to localparam
W: Verilog-2006: [D:/ZGTC/Work/ccc/source/aaa_video_process/video_zoom.v(line number: 38)] Ansi_parameter force parameter in body to localparam
Parsing done.
Executing : .rtl_analyze -work work -include_path {D:/ZGTC/Work/ccc} D:/ZGTC/Work/ccc/source/aaa_video_process/video_zoom.v successfully.
Executing : .rtl_analyze -work work -include_path {D:/ZGTC/Work/ccc} D:/ZGTC/Work/ccc/source/aaa_video_process/yuv2rgb.v
I: Verilog-0001: Analyzing file D:/ZGTC/Work/ccc/source/aaa_video_process/yuv2rgb.v
I: Verilog-0002: [D:/ZGTC/Work/ccc/source/aaa_video_process/yuv2rgb.v(line number: 1)] Analyzing module yuv2rgb (library work)
Parsing done.
Executing : .rtl_analyze -work work -include_path {D:/ZGTC/Work/ccc} D:/ZGTC/Work/ccc/source/aaa_video_process/yuv2rgb.v successfully.
Executing : .rtl_analyze -work work -include_path {D:/ZGTC/Work/ccc} D:/ZGTC/Work/ccc/source/axi/axi_m.v
I: Verilog-0001: Analyzing file D:/ZGTC/Work/ccc/source/axi/axi_m.v
I: Verilog-0002: [D:/ZGTC/Work/ccc/source/axi/axi_m.v(line number: 19)] Analyzing module AXI_FULL_M (library work)
W: Verilog-2006: [D:/ZGTC/Work/ccc/source/axi/axi_m.v(line number: 71)] Ansi_parameter force parameter in body to localparam
Parsing done.
Executing : .rtl_analyze -work work -include_path {D:/ZGTC/Work/ccc} D:/ZGTC/Work/ccc/source/axi/axi_m.v successfully.
Executing : .rtl_analyze -work work -include_path {D:/ZGTC/Work/ccc} D:/ZGTC/Work/ccc/source/axi/axi_m_arbitration.v
I: Verilog-0001: Analyzing file D:/ZGTC/Work/ccc/source/axi/axi_m_arbitration.v
I: Verilog-0002: [D:/ZGTC/Work/ccc/source/axi/axi_m_arbitration.v(line number: 1)] Analyzing module axi_m_arbitration (library work)
W: Verilog-2006: [D:/ZGTC/Work/ccc/source/axi/axi_m_arbitration.v(line number: 84)] Ansi_parameter force parameter in body to localparam
W: Verilog-2006: [D:/ZGTC/Work/ccc/source/axi/axi_m_arbitration.v(line number: 85)] Ansi_parameter force parameter in body to localparam
W: Verilog-2006: [D:/ZGTC/Work/ccc/source/axi/axi_m_arbitration.v(line number: 86)] Ansi_parameter force parameter in body to localparam
W: Verilog-2006: [D:/ZGTC/Work/ccc/source/axi/axi_m_arbitration.v(line number: 87)] Ansi_parameter force parameter in body to localparam
W: Verilog-2006: [D:/ZGTC/Work/ccc/source/axi/axi_m_arbitration.v(line number: 94)] Ansi_parameter force parameter in body to localparam
W: Verilog-2006: [D:/ZGTC/Work/ccc/source/axi/axi_m_arbitration.v(line number: 95)] Ansi_parameter force parameter in body to localparam
W: Verilog-2006: [D:/ZGTC/Work/ccc/source/axi/axi_m_arbitration.v(line number: 96)] Ansi_parameter force parameter in body to localparam
W: Verilog-2006: [D:/ZGTC/Work/ccc/source/axi/axi_m_arbitration.v(line number: 97)] Ansi_parameter force parameter in body to localparam
W: Verilog-2006: [D:/ZGTC/Work/ccc/source/axi/axi_m_arbitration.v(line number: 98)] Ansi_parameter force parameter in body to localparam
W: Verilog-2006: [D:/ZGTC/Work/ccc/source/axi/axi_m_arbitration.v(line number: 99)] Ansi_parameter force parameter in body to localparam
W: Verilog-2006: [D:/ZGTC/Work/ccc/source/axi/axi_m_arbitration.v(line number: 100)] Ansi_parameter force parameter in body to localparam
W: Verilog-2006: [D:/ZGTC/Work/ccc/source/axi/axi_m_arbitration.v(line number: 101)] Ansi_parameter force parameter in body to localparam
W: Verilog-2006: [D:/ZGTC/Work/ccc/source/axi/axi_m_arbitration.v(line number: 102)] Ansi_parameter force parameter in body to localparam
Parsing done.
Executing : .rtl_analyze -work work -include_path {D:/ZGTC/Work/ccc} D:/ZGTC/Work/ccc/source/axi/axi_m_arbitration.v successfully.
Executing : .rtl_analyze -work work -include_path {D:/ZGTC/Work/ccc} D:/ZGTC/Work/ccc/source/axi/rw_fifo_ctrl.v
I: Verilog-0001: Analyzing file D:/ZGTC/Work/ccc/source/axi/rw_fifo_ctrl.v
I: Verilog-0002: [D:/ZGTC/Work/ccc/source/axi/rw_fifo_ctrl.v(line number: 1)] Analyzing module rw_fifo_ctrl (library work)
Parsing done.
Executing : .rtl_analyze -work work -include_path {D:/ZGTC/Work/ccc} D:/ZGTC/Work/ccc/source/axi/rw_fifo_ctrl.v successfully.
Executing : .rtl_analyze -work work -include_path {D:/ZGTC/Work/ccc} D:/ZGTC/Work/ccc/source/cmos/cmos_8_16bit.v
I: Verilog-0001: Analyzing file D:/ZGTC/Work/ccc/source/cmos/cmos_8_16bit.v
I: Verilog-0002: [D:/ZGTC/Work/ccc/source/cmos/cmos_8_16bit.v(line number: 24)] Analyzing module cmos_8_16bit (library work)
Parsing done.
Executing : .rtl_analyze -work work -include_path {D:/ZGTC/Work/ccc} D:/ZGTC/Work/ccc/source/cmos/cmos_8_16bit.v successfully.
Executing : .rtl_analyze -work work -include_path {D:/ZGTC/Work/ccc} D:/ZGTC/Work/ccc/source/cmos/i2c_com.v
I: Verilog-0001: Analyzing file D:/ZGTC/Work/ccc/source/cmos/i2c_com.v
I: Verilog-0002: [D:/ZGTC/Work/ccc/source/cmos/i2c_com.v(line number: 21)] Analyzing module i2c_com (library work)
Parsing done.
Executing : .rtl_analyze -work work -include_path {D:/ZGTC/Work/ccc} D:/ZGTC/Work/ccc/source/cmos/i2c_com.v successfully.
Executing : .rtl_analyze -work work -include_path {D:/ZGTC/Work/ccc} D:/ZGTC/Work/ccc/source/cmos/power_on_delay.v
I: Verilog-0001: Analyzing file D:/ZGTC/Work/ccc/source/cmos/power_on_delay.v
I: Verilog-0002: [D:/ZGTC/Work/ccc/source/cmos/power_on_delay.v(line number: 22)] Analyzing module power_on_delay (library work)
Parsing done.
Executing : .rtl_analyze -work work -include_path {D:/ZGTC/Work/ccc} D:/ZGTC/Work/ccc/source/cmos/power_on_delay.v successfully.
Executing : .rtl_analyze -work work -include_path {D:/ZGTC/Work/ccc} D:/ZGTC/Work/ccc/source/cmos/reg_config.v
I: Verilog-0001: Analyzing file D:/ZGTC/Work/ccc/source/cmos/reg_config.v
I: Verilog-0002: [D:/ZGTC/Work/ccc/source/cmos/reg_config.v(line number: 22)] Analyzing module reg_config (library work)
Parsing done.
Executing : .rtl_analyze -work work -include_path {D:/ZGTC/Work/ccc} D:/ZGTC/Work/ccc/source/cmos/reg_config.v successfully.
Executing : .rtl_analyze -work work -include_path {D:/ZGTC/Work/ccc} D:/ZGTC/Work/ccc/source/hdmi/iic_dri.v
I: Verilog-0001: Analyzing file D:/ZGTC/Work/ccc/source/hdmi/iic_dri.v
I: Verilog-0002: [D:/ZGTC/Work/ccc/source/hdmi/iic_dri.v(line number: 23)] Analyzing module iic_dri (library work)
Parsing done.
Executing : .rtl_analyze -work work -include_path {D:/ZGTC/Work/ccc} D:/ZGTC/Work/ccc/source/hdmi/iic_dri.v successfully.
Executing : .rtl_analyze -work work -include_path {D:/ZGTC/Work/ccc} D:/ZGTC/Work/ccc/source/hdmi/ms7200_ctl.v
I: Verilog-0001: Analyzing file D:/ZGTC/Work/ccc/source/hdmi/ms7200_ctl.v
I: Verilog-0002: [D:/ZGTC/Work/ccc/source/hdmi/ms7200_ctl.v(line number: 22)] Analyzing module ms7200_ctl (library work)
Parsing done.
Executing : .rtl_analyze -work work -include_path {D:/ZGTC/Work/ccc} D:/ZGTC/Work/ccc/source/hdmi/ms7200_ctl.v successfully.
Executing : .rtl_analyze -work work -include_path {D:/ZGTC/Work/ccc} D:/ZGTC/Work/ccc/source/hdmi/ms7210_ctl.v
I: Verilog-0001: Analyzing file D:/ZGTC/Work/ccc/source/hdmi/ms7210_ctl.v
I: Verilog-0002: [D:/ZGTC/Work/ccc/source/hdmi/ms7210_ctl.v(line number: 22)] Analyzing module ms7210_ctl (library work)
Parsing done.
Executing : .rtl_analyze -work work -include_path {D:/ZGTC/Work/ccc} D:/ZGTC/Work/ccc/source/hdmi/ms7210_ctl.v successfully.
Executing : .rtl_analyze -work work -include_path {D:/ZGTC/Work/ccc} D:/ZGTC/Work/ccc/source/hdmi/ms72xx_ctl.v
I: Verilog-0001: Analyzing file D:/ZGTC/Work/ccc/source/hdmi/ms72xx_ctl.v
I: Verilog-0002: [D:/ZGTC/Work/ccc/source/hdmi/ms72xx_ctl.v(line number: 22)] Analyzing module ms72xx_ctl (library work)
Parsing done.
Executing : .rtl_analyze -work work -include_path {D:/ZGTC/Work/ccc} D:/ZGTC/Work/ccc/source/hdmi/ms72xx_ctl.v successfully.
Executing : .rtl_analyze -work work -include_path {D:/ZGTC/Work/ccc} D:/ZGTC/Work/ccc/source/aaa_video_process/matrix_3x3.v
I: Verilog-0001: Analyzing file D:/ZGTC/Work/ccc/source/aaa_video_process/matrix_3x3.v
I: Verilog-0002: [D:/ZGTC/Work/ccc/source/aaa_video_process/matrix_3x3.v(line number: 2)] Analyzing module matrix_3x3 (library work)
Parsing done.
Executing : .rtl_analyze -work work -include_path {D:/ZGTC/Work/ccc} D:/ZGTC/Work/ccc/source/aaa_video_process/matrix_3x3.v successfully.
Executing : .rtl_analyze -work work -include_path {D:/ZGTC/Work/ccc} D:/ZGTC/Work/ccc/source/aaa_video_process/median_filter_3x3.v
I: Verilog-0001: Analyzing file D:/ZGTC/Work/ccc/source/aaa_video_process/median_filter_3x3.v
I: Verilog-0002: [D:/ZGTC/Work/ccc/source/aaa_video_process/median_filter_3x3.v(line number: 2)] Analyzing module median_filter_3x3 (library work)
Parsing done.
Executing : .rtl_analyze -work work -include_path {D:/ZGTC/Work/ccc} D:/ZGTC/Work/ccc/source/aaa_video_process/median_filter_3x3.v successfully.
Executing : .rtl_analyze -work work -include_path {D:/ZGTC/Work/ccc} D:/ZGTC/Work/ccc/source/aaa_video_process/sort3.v
I: Verilog-0001: Analyzing file D:/ZGTC/Work/ccc/source/aaa_video_process/sort3.v
I: Verilog-0002: [D:/ZGTC/Work/ccc/source/aaa_video_process/sort3.v(line number: 1)] Analyzing module sort3 (library work)
Parsing done.
Executing : .rtl_analyze -work work -include_path {D:/ZGTC/Work/ccc} D:/ZGTC/Work/ccc/source/aaa_video_process/sort3.v successfully.
Executing : .rtl_analyze -work work -include_path {D:/ZGTC/Work/ccc} D:/ZGTC/Work/ccc/source/fei_eth/crc32_d8.v
I: Verilog-0001: Analyzing file D:/ZGTC/Work/ccc/source/fei_eth/crc32_d8.v
I: Verilog-0002: [D:/ZGTC/Work/ccc/source/fei_eth/crc32_d8.v(line number: 22)] Analyzing module crc32_d8 (library work)
Parsing done.
Executing : .rtl_analyze -work work -include_path {D:/ZGTC/Work/ccc} D:/ZGTC/Work/ccc/source/fei_eth/crc32_d8.v successfully.
Executing : .rtl_analyze -work work -include_path {D:/ZGTC/Work/ccc} D:/ZGTC/Work/ccc/source/fei_eth/eth_img_pkt.v
I: Verilog-0001: Analyzing file D:/ZGTC/Work/ccc/source/fei_eth/eth_img_pkt.v
I: Verilog-0002: [D:/ZGTC/Work/ccc/source/fei_eth/eth_img_pkt.v(line number: 1)] Analyzing module eth_img_pkt (library work)
Parsing done.
Executing : .rtl_analyze -work work -include_path {D:/ZGTC/Work/ccc} D:/ZGTC/Work/ccc/source/fei_eth/eth_img_pkt.v successfully.
Executing : .rtl_analyze -work work -include_path {D:/ZGTC/Work/ccc} D:/ZGTC/Work/ccc/source/fei_eth/eth_img_rec.v
I: Verilog-0001: Analyzing file D:/ZGTC/Work/ccc/source/fei_eth/eth_img_rec.v
I: Verilog-0002: [D:/ZGTC/Work/ccc/source/fei_eth/eth_img_rec.v(line number: 1)] Analyzing module eth_img_rec (library work)
W: Verilog-2006: [D:/ZGTC/Work/ccc/source/fei_eth/eth_img_rec.v(line number: 17)] Ansi_parameter force parameter in body to localparam
W: Verilog-2006: [D:/ZGTC/Work/ccc/source/fei_eth/eth_img_rec.v(line number: 18)] Ansi_parameter force parameter in body to localparam
W: Verilog-2006: [D:/ZGTC/Work/ccc/source/fei_eth/eth_img_rec.v(line number: 19)] Ansi_parameter force parameter in body to localparam
Parsing done.
Executing : .rtl_analyze -work work -include_path {D:/ZGTC/Work/ccc} D:/ZGTC/Work/ccc/source/fei_eth/eth_img_rec.v successfully.
Executing : .rtl_analyze -work work -include_path {D:/ZGTC/Work/ccc} D:/ZGTC/Work/ccc/source/fei_eth/gmii_to_rgmii.v
I: Verilog-0001: Analyzing file D:/ZGTC/Work/ccc/source/fei_eth/gmii_to_rgmii.v
I: Verilog-0002: [D:/ZGTC/Work/ccc/source/fei_eth/gmii_to_rgmii.v(line number: 3)] Analyzing module gmii_to_rgmii (library work)
Parsing done.
Executing : .rtl_analyze -work work -include_path {D:/ZGTC/Work/ccc} D:/ZGTC/Work/ccc/source/fei_eth/gmii_to_rgmii.v successfully.
Executing : .rtl_analyze -work work -include_path {D:/ZGTC/Work/ccc} D:/ZGTC/Work/ccc/source/fei_eth/udp_rx.v
I: Verilog-0001: Analyzing file D:/ZGTC/Work/ccc/source/fei_eth/udp_rx.v
I: Verilog-0002: [D:/ZGTC/Work/ccc/source/fei_eth/udp_rx.v(line number: 1)] Analyzing module udp_rx (library work)
Parsing done.
Executing : .rtl_analyze -work work -include_path {D:/ZGTC/Work/ccc} D:/ZGTC/Work/ccc/source/fei_eth/udp_rx.v successfully.
Executing : .rtl_analyze -work work -include_path {D:/ZGTC/Work/ccc} D:/ZGTC/Work/ccc/source/fei_eth/udp_top.v
I: Verilog-0001: Analyzing file D:/ZGTC/Work/ccc/source/fei_eth/udp_top.v
I: Verilog-0002: [D:/ZGTC/Work/ccc/source/fei_eth/udp_top.v(line number: 1)] Analyzing module udp_top (library work)
Parsing done.
Executing : .rtl_analyze -work work -include_path {D:/ZGTC/Work/ccc} D:/ZGTC/Work/ccc/source/fei_eth/udp_top.v successfully.
Executing : .rtl_analyze -work work -include_path {D:/ZGTC/Work/ccc} D:/ZGTC/Work/ccc/source/fei_eth/udp_tx.v
I: Verilog-0001: Analyzing file D:/ZGTC/Work/ccc/source/fei_eth/udp_tx.v
I: Verilog-0002: [D:/ZGTC/Work/ccc/source/fei_eth/udp_tx.v(line number: 1)] Analyzing module udp_tx (library work)
Parsing done.
Executing : .rtl_analyze -work work -include_path {D:/ZGTC/Work/ccc} D:/ZGTC/Work/ccc/source/fei_eth/udp_tx.v successfully.
Executing : .rtl_analyze -work work -include_path {D:/ZGTC/Work/ccc} D:/ZGTC/Work/ccc/source/fei_eth/vesa_debug.v
I: Verilog-0001: Analyzing file D:/ZGTC/Work/ccc/source/fei_eth/vesa_debug.v
I: Verilog-0002: [D:/ZGTC/Work/ccc/source/fei_eth/vesa_debug.v(line number: 1)] Analyzing module vesa_debug (library work)
Parsing done.
Executing : .rtl_analyze -work work -include_path {D:/ZGTC/Work/ccc} D:/ZGTC/Work/ccc/source/fei_eth/vesa_debug.v successfully.
Executing : .rtl_analyze -work work -include_path {D:/ZGTC/Work/ccc} D:/ZGTC/Work/ccc/source/fei_eth/rgmii_interface.v
I: Verilog-0001: Analyzing file D:/ZGTC/Work/ccc/source/fei_eth/rgmii_interface.v
I: Verilog-0002: [D:/ZGTC/Work/ccc/source/fei_eth/rgmii_interface.v(line number: 5)] Analyzing module rgmii_interface (library work)
E: Verilog-4010: [D:/ZGTC/Work/ccc/source/fei_eth/rgmii_interface.v(line number: 103)] It is illegal to redeclare the name delay_step_c which already declared 
W: Verilog-2006: [D:/ZGTC/Work/ccc/source/fei_eth/rgmii_interface.v(line number: 152)] Ansi_parameter force parameter in body to localparam
E: Parsing ERROR.
Executing : .rtl_analyze -work work -include_path {D:/ZGTC/Work/ccc} D:/ZGTC/Work/ccc/source/fei_eth/rgmii_interface.v successfully.
Executing : .rtl_analyze -work work -include_path {D:/ZGTC/Work/ccc} D:/ZGTC/Work/ccc/source/dynamic_delay.v
I: Verilog-0001: Analyzing file D:/ZGTC/Work/ccc/source/dynamic_delay.v
I: Verilog-0002: [D:/ZGTC/Work/ccc/source/dynamic_delay.v(line number: 1)] Analyzing module rgmii_delay_calib (library work)
Parsing done.
Executing : .rtl_analyze -work work -include_path {D:/ZGTC/Work/ccc} D:/ZGTC/Work/ccc/source/dynamic_delay.v successfully.
Executing : .rtl_analyze -include_path {D:/ZGTC/Work/ccc} D:/ZGTC/Work/ccc/ipcore/cmos_pll/cmos_pll.v
I: Verilog-0001: Analyzing file D:/ZGTC/Work/ccc/ipcore/cmos_pll/cmos_pll.v
I: Verilog-0002: [D:/ZGTC/Work/ccc/ipcore/cmos_pll/cmos_pll.v(line number: 18)] Analyzing module cmos_pll (library work)
Parsing done.
Executing : .rtl_analyze -include_path {D:/ZGTC/Work/ccc} D:/ZGTC/Work/ccc/ipcore/cmos_pll/cmos_pll.v successfully.
Executing : .rtl_analyze -include_path {D:/ZGTC/Work/ccc} D:/ZGTC/Work/ccc/ipcore/interpolation_ram/rtl/ipm2l_sdpram_v1_10_interpolation_ram.v
I: Verilog-0001: Analyzing file D:/ZGTC/Work/ccc/ipcore/interpolation_ram/rtl/ipm2l_sdpram_v1_10_interpolation_ram.v
I: Verilog-0002: [D:/ZGTC/Work/ccc/ipcore/interpolation_ram/rtl/ipm2l_sdpram_v1_10_interpolation_ram.v(line number: 18)] Analyzing module ipm2l_sdpram_v1_10_interpolation_ram (library work)
W: Verilog-2008: [D:/ZGTC/Work/ccc/ipcore/interpolation_ram/rtl/ipm2l_sdpram_v1_10_interpolation_ram.v(line number: 350)] Ignore 'system task' $display
W: Verilog-2008: [D:/ZGTC/Work/ccc/ipcore/interpolation_ram/rtl/ipm2l_sdpram_v1_10_interpolation_ram.v(line number: 351)] Ignore 'system task' $finish
W: Verilog-2008: [D:/ZGTC/Work/ccc/ipcore/interpolation_ram/rtl/ipm2l_sdpram_v1_10_interpolation_ram.v(line number: 354)] Ignore 'system task' $display
W: Verilog-2008: [D:/ZGTC/Work/ccc/ipcore/interpolation_ram/rtl/ipm2l_sdpram_v1_10_interpolation_ram.v(line number: 358)] Ignore 'system task' $display
W: Verilog-2008: [D:/ZGTC/Work/ccc/ipcore/interpolation_ram/rtl/ipm2l_sdpram_v1_10_interpolation_ram.v(line number: 362)] Ignore 'system task' $display
W: Verilog-2008: [D:/ZGTC/Work/ccc/ipcore/interpolation_ram/rtl/ipm2l_sdpram_v1_10_interpolation_ram.v(line number: 366)] Ignore 'system task' $display
W: Verilog-2008: [D:/ZGTC/Work/ccc/ipcore/interpolation_ram/rtl/ipm2l_sdpram_v1_10_interpolation_ram.v(line number: 374)] Ignore 'system task' $display
W: Verilog-2008: [D:/ZGTC/Work/ccc/ipcore/interpolation_ram/rtl/ipm2l_sdpram_v1_10_interpolation_ram.v(line number: 375)] Ignore 'system task' $finish
W: Verilog-2008: [D:/ZGTC/Work/ccc/ipcore/interpolation_ram/rtl/ipm2l_sdpram_v1_10_interpolation_ram.v(line number: 378)] Ignore 'system task' $display
W: Verilog-2008: [D:/ZGTC/Work/ccc/ipcore/interpolation_ram/rtl/ipm2l_sdpram_v1_10_interpolation_ram.v(line number: 379)] Ignore 'system task' $finish
W: Verilog-2008: [D:/ZGTC/Work/ccc/ipcore/interpolation_ram/rtl/ipm2l_sdpram_v1_10_interpolation_ram.v(line number: 382)] Ignore 'system task' $display
W: Verilog-2008: [D:/ZGTC/Work/ccc/ipcore/interpolation_ram/rtl/ipm2l_sdpram_v1_10_interpolation_ram.v(line number: 383)] Ignore 'system task' $finish
W: Verilog-2008: [D:/ZGTC/Work/ccc/ipcore/interpolation_ram/rtl/ipm2l_sdpram_v1_10_interpolation_ram.v(line number: 386)] Ignore 'system task' $display
W: Verilog-2008: [D:/ZGTC/Work/ccc/ipcore/interpolation_ram/rtl/ipm2l_sdpram_v1_10_interpolation_ram.v(line number: 387)] Ignore 'system task' $finish
W: Verilog-2008: [D:/ZGTC/Work/ccc/ipcore/interpolation_ram/rtl/ipm2l_sdpram_v1_10_interpolation_ram.v(line number: 390)] Ignore 'system task' $display
W: Verilog-2008: [D:/ZGTC/Work/ccc/ipcore/interpolation_ram/rtl/ipm2l_sdpram_v1_10_interpolation_ram.v(line number: 391)] Ignore 'system task' $finish
W: Verilog-2008: [D:/ZGTC/Work/ccc/ipcore/interpolation_ram/rtl/ipm2l_sdpram_v1_10_interpolation_ram.v(line number: 394)] Ignore 'system task' $display
W: Verilog-2008: [D:/ZGTC/Work/ccc/ipcore/interpolation_ram/rtl/ipm2l_sdpram_v1_10_interpolation_ram.v(line number: 395)] Ignore 'system task' $finish
W: Verilog-2008: [D:/ZGTC/Work/ccc/ipcore/interpolation_ram/rtl/ipm2l_sdpram_v1_10_interpolation_ram.v(line number: 398)] Ignore 'system task' $display
W: Verilog-2008: [D:/ZGTC/Work/ccc/ipcore/interpolation_ram/rtl/ipm2l_sdpram_v1_10_interpolation_ram.v(line number: 399)] Ignore 'system task' $finish
W: Verilog-2008: [D:/ZGTC/Work/ccc/ipcore/interpolation_ram/rtl/ipm2l_sdpram_v1_10_interpolation_ram.v(line number: 402)] Ignore 'system task' $display
W: Verilog-2008: [D:/ZGTC/Work/ccc/ipcore/interpolation_ram/rtl/ipm2l_sdpram_v1_10_interpolation_ram.v(line number: 403)] Ignore 'system task' $finish
W: Verilog-2008: [D:/ZGTC/Work/ccc/ipcore/interpolation_ram/rtl/ipm2l_sdpram_v1_10_interpolation_ram.v(line number: 406)] Ignore 'system task' $display
W: Verilog-2008: [D:/ZGTC/Work/ccc/ipcore/interpolation_ram/rtl/ipm2l_sdpram_v1_10_interpolation_ram.v(line number: 407)] Ignore 'system task' $finish
W: Verilog-2008: [D:/ZGTC/Work/ccc/ipcore/interpolation_ram/rtl/ipm2l_sdpram_v1_10_interpolation_ram.v(line number: 410)] Ignore 'system task' $display
W: Verilog-2008: [D:/ZGTC/Work/ccc/ipcore/interpolation_ram/rtl/ipm2l_sdpram_v1_10_interpolation_ram.v(line number: 411)] Ignore 'system task' $finish
W: Verilog-2008: [D:/ZGTC/Work/ccc/ipcore/interpolation_ram/rtl/ipm2l_sdpram_v1_10_interpolation_ram.v(line number: 414)] Ignore 'system task' $display
W: Verilog-2008: [D:/ZGTC/Work/ccc/ipcore/interpolation_ram/rtl/ipm2l_sdpram_v1_10_interpolation_ram.v(line number: 415)] Ignore 'system task' $finish
W: Verilog-2008: [D:/ZGTC/Work/ccc/ipcore/interpolation_ram/rtl/ipm2l_sdpram_v1_10_interpolation_ram.v(line number: 418)] Ignore 'system task' $display
W: Verilog-2008: [D:/ZGTC/Work/ccc/ipcore/interpolation_ram/rtl/ipm2l_sdpram_v1_10_interpolation_ram.v(line number: 419)] Ignore 'system task' $finish
W: Verilog-2008: [D:/ZGTC/Work/ccc/ipcore/interpolation_ram/rtl/ipm2l_sdpram_v1_10_interpolation_ram.v(line number: 422)] Ignore 'system task' $display
W: Verilog-2008: [D:/ZGTC/Work/ccc/ipcore/interpolation_ram/rtl/ipm2l_sdpram_v1_10_interpolation_ram.v(line number: 423)] Ignore 'system task' $finish
W: Verilog-2008: [D:/ZGTC/Work/ccc/ipcore/interpolation_ram/rtl/ipm2l_sdpram_v1_10_interpolation_ram.v(line number: 426)] Ignore 'system task' $display
W: Verilog-2008: [D:/ZGTC/Work/ccc/ipcore/interpolation_ram/rtl/ipm2l_sdpram_v1_10_interpolation_ram.v(line number: 427)] Ignore 'system task' $finish
W: Verilog-2008: [D:/ZGTC/Work/ccc/ipcore/interpolation_ram/rtl/ipm2l_sdpram_v1_10_interpolation_ram.v(line number: 430)] Ignore 'system task' $display
W: Verilog-2008: [D:/ZGTC/Work/ccc/ipcore/interpolation_ram/rtl/ipm2l_sdpram_v1_10_interpolation_ram.v(line number: 431)] Ignore 'system task' $finish
W: Verilog-2008: [D:/ZGTC/Work/ccc/ipcore/interpolation_ram/rtl/ipm2l_sdpram_v1_10_interpolation_ram.v(line number: 434)] Ignore 'system task' $display
W: Verilog-2008: [D:/ZGTC/Work/ccc/ipcore/interpolation_ram/rtl/ipm2l_sdpram_v1_10_interpolation_ram.v(line number: 435)] Ignore 'system task' $finish
W: Verilog-2008: [D:/ZGTC/Work/ccc/ipcore/interpolation_ram/rtl/ipm2l_sdpram_v1_10_interpolation_ram.v(line number: 438)] Ignore 'system task' $display
W: Verilog-2008: [D:/ZGTC/Work/ccc/ipcore/interpolation_ram/rtl/ipm2l_sdpram_v1_10_interpolation_ram.v(line number: 439)] Ignore 'system task' $finish
W: Verilog-2008: [D:/ZGTC/Work/ccc/ipcore/interpolation_ram/rtl/ipm2l_sdpram_v1_10_interpolation_ram.v(line number: 443)] Ignore 'system task' $display
W: Verilog-2008: [D:/ZGTC/Work/ccc/ipcore/interpolation_ram/rtl/ipm2l_sdpram_v1_10_interpolation_ram.v(line number: 444)] Ignore 'system task' $finish
W: Verilog-2008: [D:/ZGTC/Work/ccc/ipcore/interpolation_ram/rtl/ipm2l_sdpram_v1_10_interpolation_ram.v(line number: 447)] Ignore 'system task' $display
W: Verilog-2008: [D:/ZGTC/Work/ccc/ipcore/interpolation_ram/rtl/ipm2l_sdpram_v1_10_interpolation_ram.v(line number: 448)] Ignore 'system task' $finish
W: Verilog-2008: [D:/ZGTC/Work/ccc/ipcore/interpolation_ram/rtl/ipm2l_sdpram_v1_10_interpolation_ram.v(line number: 452)] Ignore 'system task' $display
W: Verilog-2008: [D:/ZGTC/Work/ccc/ipcore/interpolation_ram/rtl/ipm2l_sdpram_v1_10_interpolation_ram.v(line number: 453)] Ignore 'system task' $finish
W: Verilog-2008: [D:/ZGTC/Work/ccc/ipcore/interpolation_ram/rtl/ipm2l_sdpram_v1_10_interpolation_ram.v(line number: 458)] Ignore 'system task' $display
W: Verilog-2008: [D:/ZGTC/Work/ccc/ipcore/interpolation_ram/rtl/ipm2l_sdpram_v1_10_interpolation_ram.v(line number: 459)] Ignore 'system task' $finish
W: Verilog-2008: [D:/ZGTC/Work/ccc/ipcore/interpolation_ram/rtl/ipm2l_sdpram_v1_10_interpolation_ram.v(line number: 462)] Ignore 'system task' $display
W: Verilog-2008: [D:/ZGTC/Work/ccc/ipcore/interpolation_ram/rtl/ipm2l_sdpram_v1_10_interpolation_ram.v(line number: 463)] Ignore 'system task' $finish
W: Verilog-2008: [D:/ZGTC/Work/ccc/ipcore/interpolation_ram/rtl/ipm2l_sdpram_v1_10_interpolation_ram.v(line number: 466)] Ignore 'system task' $display
W: Verilog-2008: [D:/ZGTC/Work/ccc/ipcore/interpolation_ram/rtl/ipm2l_sdpram_v1_10_interpolation_ram.v(line number: 467)] Ignore 'system task' $finish
W: Verilog-2008: [D:/ZGTC/Work/ccc/ipcore/interpolation_ram/rtl/ipm2l_sdpram_v1_10_interpolation_ram.v(line number: 472)] Ignore 'system task' $display
W: Verilog-2008: [D:/ZGTC/Work/ccc/ipcore/interpolation_ram/rtl/ipm2l_sdpram_v1_10_interpolation_ram.v(line number: 473)] Ignore 'system task' $finish
Parsing done.
Executing : .rtl_analyze -include_path {D:/ZGTC/Work/ccc} D:/ZGTC/Work/ccc/ipcore/interpolation_ram/rtl/ipm2l_sdpram_v1_10_interpolation_ram.v successfully.
Executing : .rtl_analyze -include_path {D:/ZGTC/Work/ccc} D:/ZGTC/Work/ccc/ipcore/interpolation_ram/interpolation_ram.v
I: Verilog-0001: Analyzing file D:/ZGTC/Work/ccc/ipcore/interpolation_ram/interpolation_ram.v
I: Verilog-0002: [D:/ZGTC/Work/ccc/ipcore/interpolation_ram/interpolation_ram.v(line number: 16)] Analyzing module interpolation_ram (library work)
Parsing done.
Executing : .rtl_analyze -include_path {D:/ZGTC/Work/ccc} D:/ZGTC/Work/ccc/ipcore/interpolation_ram/interpolation_ram.v successfully.
Executing : .rtl_analyze -include_path {D:/ZGTC/Work/ccc} D:/ZGTC/Work/ccc/ipcore/pll/pll.v
I: Verilog-0001: Analyzing file D:/ZGTC/Work/ccc/ipcore/pll/pll.v
I: Verilog-0002: [D:/ZGTC/Work/ccc/ipcore/pll/pll.v(line number: 18)] Analyzing module pll (library work)
Parsing done.
Executing : .rtl_analyze -include_path {D:/ZGTC/Work/ccc} D:/ZGTC/Work/ccc/ipcore/pll/pll.v successfully.
Executing : .rtl_analyze -include_path {D:/ZGTC/Work/ccc} D:/ZGTC/Work/ccc/ipcore/read_ddr_fifo/rtl/ipm2l_fifo_ctrl_v1_1_read_ddr_fifo.v
I: Verilog-0001: Analyzing file D:/ZGTC/Work/ccc/ipcore/read_ddr_fifo/rtl/ipm2l_fifo_ctrl_v1_1_read_ddr_fifo.v
I: Verilog-0002: [D:/ZGTC/Work/ccc/ipcore/read_ddr_fifo/rtl/ipm2l_fifo_ctrl_v1_1_read_ddr_fifo.v(line number: 18)] Analyzing module ipm2l_fifo_ctrl_v1_1_read_ddr_fifo (library work)
I: [D:/ZGTC/Work/ccc/ipcore/read_ddr_fifo/rtl/ipm2l_fifo_ctrl_v1_1_read_ddr_fifo.v(line number: 46)] Convert attribute name from syn_preserve to PAP_PRESERVE
I: [D:/ZGTC/Work/ccc/ipcore/read_ddr_fifo/rtl/ipm2l_fifo_ctrl_v1_1_read_ddr_fifo.v(line number: 48)] Convert attribute name from syn_preserve to PAP_PRESERVE
I: [D:/ZGTC/Work/ccc/ipcore/read_ddr_fifo/rtl/ipm2l_fifo_ctrl_v1_1_read_ddr_fifo.v(line number: 59)] Convert attribute name from syn_preserve to PAP_PRESERVE
I: [D:/ZGTC/Work/ccc/ipcore/read_ddr_fifo/rtl/ipm2l_fifo_ctrl_v1_1_read_ddr_fifo.v(line number: 61)] Convert attribute name from syn_preserve to PAP_PRESERVE
Parsing done.
Executing : .rtl_analyze -include_path {D:/ZGTC/Work/ccc} D:/ZGTC/Work/ccc/ipcore/read_ddr_fifo/rtl/ipm2l_fifo_ctrl_v1_1_read_ddr_fifo.v successfully.
Executing : .rtl_analyze -include_path {D:/ZGTC/Work/ccc} D:/ZGTC/Work/ccc/ipcore/read_ddr_fifo/rtl/ipm2l_sdpram_v1_10_read_ddr_fifo.v
I: Verilog-0001: Analyzing file D:/ZGTC/Work/ccc/ipcore/read_ddr_fifo/rtl/ipm2l_sdpram_v1_10_read_ddr_fifo.v
I: Verilog-0002: [D:/ZGTC/Work/ccc/ipcore/read_ddr_fifo/rtl/ipm2l_sdpram_v1_10_read_ddr_fifo.v(line number: 18)] Analyzing module ipm2l_sdpram_v1_10_read_ddr_fifo (library work)
W: Verilog-2008: [D:/ZGTC/Work/ccc/ipcore/read_ddr_fifo/rtl/ipm2l_sdpram_v1_10_read_ddr_fifo.v(line number: 349)] Ignore 'system task' $display
W: Verilog-2008: [D:/ZGTC/Work/ccc/ipcore/read_ddr_fifo/rtl/ipm2l_sdpram_v1_10_read_ddr_fifo.v(line number: 350)] Ignore 'system task' $finish
W: Verilog-2008: [D:/ZGTC/Work/ccc/ipcore/read_ddr_fifo/rtl/ipm2l_sdpram_v1_10_read_ddr_fifo.v(line number: 353)] Ignore 'system task' $display
W: Verilog-2008: [D:/ZGTC/Work/ccc/ipcore/read_ddr_fifo/rtl/ipm2l_sdpram_v1_10_read_ddr_fifo.v(line number: 357)] Ignore 'system task' $display
W: Verilog-2008: [D:/ZGTC/Work/ccc/ipcore/read_ddr_fifo/rtl/ipm2l_sdpram_v1_10_read_ddr_fifo.v(line number: 361)] Ignore 'system task' $display
W: Verilog-2008: [D:/ZGTC/Work/ccc/ipcore/read_ddr_fifo/rtl/ipm2l_sdpram_v1_10_read_ddr_fifo.v(line number: 365)] Ignore 'system task' $display
W: Verilog-2008: [D:/ZGTC/Work/ccc/ipcore/read_ddr_fifo/rtl/ipm2l_sdpram_v1_10_read_ddr_fifo.v(line number: 373)] Ignore 'system task' $display
W: Verilog-2008: [D:/ZGTC/Work/ccc/ipcore/read_ddr_fifo/rtl/ipm2l_sdpram_v1_10_read_ddr_fifo.v(line number: 374)] Ignore 'system task' $finish
W: Verilog-2008: [D:/ZGTC/Work/ccc/ipcore/read_ddr_fifo/rtl/ipm2l_sdpram_v1_10_read_ddr_fifo.v(line number: 377)] Ignore 'system task' $display
W: Verilog-2008: [D:/ZGTC/Work/ccc/ipcore/read_ddr_fifo/rtl/ipm2l_sdpram_v1_10_read_ddr_fifo.v(line number: 378)] Ignore 'system task' $finish
W: Verilog-2008: [D:/ZGTC/Work/ccc/ipcore/read_ddr_fifo/rtl/ipm2l_sdpram_v1_10_read_ddr_fifo.v(line number: 381)] Ignore 'system task' $display
W: Verilog-2008: [D:/ZGTC/Work/ccc/ipcore/read_ddr_fifo/rtl/ipm2l_sdpram_v1_10_read_ddr_fifo.v(line number: 382)] Ignore 'system task' $finish
W: Verilog-2008: [D:/ZGTC/Work/ccc/ipcore/read_ddr_fifo/rtl/ipm2l_sdpram_v1_10_read_ddr_fifo.v(line number: 385)] Ignore 'system task' $display
W: Verilog-2008: [D:/ZGTC/Work/ccc/ipcore/read_ddr_fifo/rtl/ipm2l_sdpram_v1_10_read_ddr_fifo.v(line number: 386)] Ignore 'system task' $finish
W: Verilog-2008: [D:/ZGTC/Work/ccc/ipcore/read_ddr_fifo/rtl/ipm2l_sdpram_v1_10_read_ddr_fifo.v(line number: 389)] Ignore 'system task' $display
W: Verilog-2008: [D:/ZGTC/Work/ccc/ipcore/read_ddr_fifo/rtl/ipm2l_sdpram_v1_10_read_ddr_fifo.v(line number: 390)] Ignore 'system task' $finish
W: Verilog-2008: [D:/ZGTC/Work/ccc/ipcore/read_ddr_fifo/rtl/ipm2l_sdpram_v1_10_read_ddr_fifo.v(line number: 393)] Ignore 'system task' $display
W: Verilog-2008: [D:/ZGTC/Work/ccc/ipcore/read_ddr_fifo/rtl/ipm2l_sdpram_v1_10_read_ddr_fifo.v(line number: 394)] Ignore 'system task' $finish
W: Verilog-2008: [D:/ZGTC/Work/ccc/ipcore/read_ddr_fifo/rtl/ipm2l_sdpram_v1_10_read_ddr_fifo.v(line number: 397)] Ignore 'system task' $display
W: Verilog-2008: [D:/ZGTC/Work/ccc/ipcore/read_ddr_fifo/rtl/ipm2l_sdpram_v1_10_read_ddr_fifo.v(line number: 398)] Ignore 'system task' $finish
W: Verilog-2008: [D:/ZGTC/Work/ccc/ipcore/read_ddr_fifo/rtl/ipm2l_sdpram_v1_10_read_ddr_fifo.v(line number: 401)] Ignore 'system task' $display
W: Verilog-2008: [D:/ZGTC/Work/ccc/ipcore/read_ddr_fifo/rtl/ipm2l_sdpram_v1_10_read_ddr_fifo.v(line number: 402)] Ignore 'system task' $finish
W: Verilog-2008: [D:/ZGTC/Work/ccc/ipcore/read_ddr_fifo/rtl/ipm2l_sdpram_v1_10_read_ddr_fifo.v(line number: 405)] Ignore 'system task' $display
W: Verilog-2008: [D:/ZGTC/Work/ccc/ipcore/read_ddr_fifo/rtl/ipm2l_sdpram_v1_10_read_ddr_fifo.v(line number: 406)] Ignore 'system task' $finish
W: Verilog-2008: [D:/ZGTC/Work/ccc/ipcore/read_ddr_fifo/rtl/ipm2l_sdpram_v1_10_read_ddr_fifo.v(line number: 409)] Ignore 'system task' $display
W: Verilog-2008: [D:/ZGTC/Work/ccc/ipcore/read_ddr_fifo/rtl/ipm2l_sdpram_v1_10_read_ddr_fifo.v(line number: 410)] Ignore 'system task' $finish
W: Verilog-2008: [D:/ZGTC/Work/ccc/ipcore/read_ddr_fifo/rtl/ipm2l_sdpram_v1_10_read_ddr_fifo.v(line number: 413)] Ignore 'system task' $display
W: Verilog-2008: [D:/ZGTC/Work/ccc/ipcore/read_ddr_fifo/rtl/ipm2l_sdpram_v1_10_read_ddr_fifo.v(line number: 414)] Ignore 'system task' $finish
W: Verilog-2008: [D:/ZGTC/Work/ccc/ipcore/read_ddr_fifo/rtl/ipm2l_sdpram_v1_10_read_ddr_fifo.v(line number: 417)] Ignore 'system task' $display
W: Verilog-2008: [D:/ZGTC/Work/ccc/ipcore/read_ddr_fifo/rtl/ipm2l_sdpram_v1_10_read_ddr_fifo.v(line number: 418)] Ignore 'system task' $finish
W: Verilog-2008: [D:/ZGTC/Work/ccc/ipcore/read_ddr_fifo/rtl/ipm2l_sdpram_v1_10_read_ddr_fifo.v(line number: 421)] Ignore 'system task' $display
W: Verilog-2008: [D:/ZGTC/Work/ccc/ipcore/read_ddr_fifo/rtl/ipm2l_sdpram_v1_10_read_ddr_fifo.v(line number: 422)] Ignore 'system task' $finish
W: Verilog-2008: [D:/ZGTC/Work/ccc/ipcore/read_ddr_fifo/rtl/ipm2l_sdpram_v1_10_read_ddr_fifo.v(line number: 425)] Ignore 'system task' $display
W: Verilog-2008: [D:/ZGTC/Work/ccc/ipcore/read_ddr_fifo/rtl/ipm2l_sdpram_v1_10_read_ddr_fifo.v(line number: 426)] Ignore 'system task' $finish
W: Verilog-2008: [D:/ZGTC/Work/ccc/ipcore/read_ddr_fifo/rtl/ipm2l_sdpram_v1_10_read_ddr_fifo.v(line number: 429)] Ignore 'system task' $display
W: Verilog-2008: [D:/ZGTC/Work/ccc/ipcore/read_ddr_fifo/rtl/ipm2l_sdpram_v1_10_read_ddr_fifo.v(line number: 430)] Ignore 'system task' $finish
W: Verilog-2008: [D:/ZGTC/Work/ccc/ipcore/read_ddr_fifo/rtl/ipm2l_sdpram_v1_10_read_ddr_fifo.v(line number: 433)] Ignore 'system task' $display
W: Verilog-2008: [D:/ZGTC/Work/ccc/ipcore/read_ddr_fifo/rtl/ipm2l_sdpram_v1_10_read_ddr_fifo.v(line number: 434)] Ignore 'system task' $finish
W: Verilog-2008: [D:/ZGTC/Work/ccc/ipcore/read_ddr_fifo/rtl/ipm2l_sdpram_v1_10_read_ddr_fifo.v(line number: 437)] Ignore 'system task' $display
W: Verilog-2008: [D:/ZGTC/Work/ccc/ipcore/read_ddr_fifo/rtl/ipm2l_sdpram_v1_10_read_ddr_fifo.v(line number: 438)] Ignore 'system task' $finish
W: Verilog-2008: [D:/ZGTC/Work/ccc/ipcore/read_ddr_fifo/rtl/ipm2l_sdpram_v1_10_read_ddr_fifo.v(line number: 442)] Ignore 'system task' $display
W: Verilog-2008: [D:/ZGTC/Work/ccc/ipcore/read_ddr_fifo/rtl/ipm2l_sdpram_v1_10_read_ddr_fifo.v(line number: 443)] Ignore 'system task' $finish
W: Verilog-2008: [D:/ZGTC/Work/ccc/ipcore/read_ddr_fifo/rtl/ipm2l_sdpram_v1_10_read_ddr_fifo.v(line number: 446)] Ignore 'system task' $display
W: Verilog-2008: [D:/ZGTC/Work/ccc/ipcore/read_ddr_fifo/rtl/ipm2l_sdpram_v1_10_read_ddr_fifo.v(line number: 447)] Ignore 'system task' $finish
W: Verilog-2008: [D:/ZGTC/Work/ccc/ipcore/read_ddr_fifo/rtl/ipm2l_sdpram_v1_10_read_ddr_fifo.v(line number: 451)] Ignore 'system task' $display
W: Verilog-2008: [D:/ZGTC/Work/ccc/ipcore/read_ddr_fifo/rtl/ipm2l_sdpram_v1_10_read_ddr_fifo.v(line number: 452)] Ignore 'system task' $finish
W: Verilog-2008: [D:/ZGTC/Work/ccc/ipcore/read_ddr_fifo/rtl/ipm2l_sdpram_v1_10_read_ddr_fifo.v(line number: 457)] Ignore 'system task' $display
W: Verilog-2008: [D:/ZGTC/Work/ccc/ipcore/read_ddr_fifo/rtl/ipm2l_sdpram_v1_10_read_ddr_fifo.v(line number: 458)] Ignore 'system task' $finish
W: Verilog-2008: [D:/ZGTC/Work/ccc/ipcore/read_ddr_fifo/rtl/ipm2l_sdpram_v1_10_read_ddr_fifo.v(line number: 461)] Ignore 'system task' $display
W: Verilog-2008: [D:/ZGTC/Work/ccc/ipcore/read_ddr_fifo/rtl/ipm2l_sdpram_v1_10_read_ddr_fifo.v(line number: 462)] Ignore 'system task' $finish
W: Verilog-2008: [D:/ZGTC/Work/ccc/ipcore/read_ddr_fifo/rtl/ipm2l_sdpram_v1_10_read_ddr_fifo.v(line number: 465)] Ignore 'system task' $display
W: Verilog-2008: [D:/ZGTC/Work/ccc/ipcore/read_ddr_fifo/rtl/ipm2l_sdpram_v1_10_read_ddr_fifo.v(line number: 466)] Ignore 'system task' $finish
W: Verilog-2008: [D:/ZGTC/Work/ccc/ipcore/read_ddr_fifo/rtl/ipm2l_sdpram_v1_10_read_ddr_fifo.v(line number: 471)] Ignore 'system task' $display
W: Verilog-2008: [D:/ZGTC/Work/ccc/ipcore/read_ddr_fifo/rtl/ipm2l_sdpram_v1_10_read_ddr_fifo.v(line number: 472)] Ignore 'system task' $finish
Parsing done.
Executing : .rtl_analyze -include_path {D:/ZGTC/Work/ccc} D:/ZGTC/Work/ccc/ipcore/read_ddr_fifo/rtl/ipm2l_sdpram_v1_10_read_ddr_fifo.v successfully.
Executing : .rtl_analyze -include_path {D:/ZGTC/Work/ccc} D:/ZGTC/Work/ccc/ipcore/read_ddr_fifo/rtl/ipm2l_fifo_v1_10_read_ddr_fifo.v
I: Verilog-0001: Analyzing file D:/ZGTC/Work/ccc/ipcore/read_ddr_fifo/rtl/ipm2l_fifo_v1_10_read_ddr_fifo.v
I: Verilog-0002: [D:/ZGTC/Work/ccc/ipcore/read_ddr_fifo/rtl/ipm2l_fifo_v1_10_read_ddr_fifo.v(line number: 19)] Analyzing module ipm2l_fifo_v1_10_read_ddr_fifo (library work)
Parsing done.
Executing : .rtl_analyze -include_path {D:/ZGTC/Work/ccc} D:/ZGTC/Work/ccc/ipcore/read_ddr_fifo/rtl/ipm2l_fifo_v1_10_read_ddr_fifo.v successfully.
Executing : .rtl_analyze -include_path {D:/ZGTC/Work/ccc} D:/ZGTC/Work/ccc/ipcore/read_ddr_fifo/read_ddr_fifo.v
I: Verilog-0001: Analyzing file D:/ZGTC/Work/ccc/ipcore/read_ddr_fifo/read_ddr_fifo.v
I: Verilog-0002: [D:/ZGTC/Work/ccc/ipcore/read_ddr_fifo/read_ddr_fifo.v(line number: 16)] Analyzing module read_ddr_fifo (library work)
Parsing done.
Executing : .rtl_analyze -include_path {D:/ZGTC/Work/ccc} D:/ZGTC/Work/ccc/ipcore/read_ddr_fifo/read_ddr_fifo.v successfully.
Executing : .rtl_analyze -include_path {D:/ZGTC/Work/ccc} D:/ZGTC/Work/ccc/ipcore/write_ddr_fifo/rtl/ipm2l_fifo_ctrl_v1_1_write_ddr_fifo.v
I: Verilog-0001: Analyzing file D:/ZGTC/Work/ccc/ipcore/write_ddr_fifo/rtl/ipm2l_fifo_ctrl_v1_1_write_ddr_fifo.v
I: Verilog-0002: [D:/ZGTC/Work/ccc/ipcore/write_ddr_fifo/rtl/ipm2l_fifo_ctrl_v1_1_write_ddr_fifo.v(line number: 18)] Analyzing module ipm2l_fifo_ctrl_v1_1_write_ddr_fifo (library work)
I: [D:/ZGTC/Work/ccc/ipcore/write_ddr_fifo/rtl/ipm2l_fifo_ctrl_v1_1_write_ddr_fifo.v(line number: 46)] Convert attribute name from syn_preserve to PAP_PRESERVE
I: [D:/ZGTC/Work/ccc/ipcore/write_ddr_fifo/rtl/ipm2l_fifo_ctrl_v1_1_write_ddr_fifo.v(line number: 48)] Convert attribute name from syn_preserve to PAP_PRESERVE
I: [D:/ZGTC/Work/ccc/ipcore/write_ddr_fifo/rtl/ipm2l_fifo_ctrl_v1_1_write_ddr_fifo.v(line number: 59)] Convert attribute name from syn_preserve to PAP_PRESERVE
I: [D:/ZGTC/Work/ccc/ipcore/write_ddr_fifo/rtl/ipm2l_fifo_ctrl_v1_1_write_ddr_fifo.v(line number: 61)] Convert attribute name from syn_preserve to PAP_PRESERVE
Parsing done.
Executing : .rtl_analyze -include_path {D:/ZGTC/Work/ccc} D:/ZGTC/Work/ccc/ipcore/write_ddr_fifo/rtl/ipm2l_fifo_ctrl_v1_1_write_ddr_fifo.v successfully.
Executing : .rtl_analyze -include_path {D:/ZGTC/Work/ccc} D:/ZGTC/Work/ccc/ipcore/write_ddr_fifo/rtl/ipm2l_sdpram_v1_10_write_ddr_fifo.v
I: Verilog-0001: Analyzing file D:/ZGTC/Work/ccc/ipcore/write_ddr_fifo/rtl/ipm2l_sdpram_v1_10_write_ddr_fifo.v
I: Verilog-0002: [D:/ZGTC/Work/ccc/ipcore/write_ddr_fifo/rtl/ipm2l_sdpram_v1_10_write_ddr_fifo.v(line number: 18)] Analyzing module ipm2l_sdpram_v1_10_write_ddr_fifo (library work)
W: Verilog-2008: [D:/ZGTC/Work/ccc/ipcore/write_ddr_fifo/rtl/ipm2l_sdpram_v1_10_write_ddr_fifo.v(line number: 349)] Ignore 'system task' $display
W: Verilog-2008: [D:/ZGTC/Work/ccc/ipcore/write_ddr_fifo/rtl/ipm2l_sdpram_v1_10_write_ddr_fifo.v(line number: 350)] Ignore 'system task' $finish
W: Verilog-2008: [D:/ZGTC/Work/ccc/ipcore/write_ddr_fifo/rtl/ipm2l_sdpram_v1_10_write_ddr_fifo.v(line number: 353)] Ignore 'system task' $display
W: Verilog-2008: [D:/ZGTC/Work/ccc/ipcore/write_ddr_fifo/rtl/ipm2l_sdpram_v1_10_write_ddr_fifo.v(line number: 357)] Ignore 'system task' $display
W: Verilog-2008: [D:/ZGTC/Work/ccc/ipcore/write_ddr_fifo/rtl/ipm2l_sdpram_v1_10_write_ddr_fifo.v(line number: 361)] Ignore 'system task' $display
W: Verilog-2008: [D:/ZGTC/Work/ccc/ipcore/write_ddr_fifo/rtl/ipm2l_sdpram_v1_10_write_ddr_fifo.v(line number: 365)] Ignore 'system task' $display
W: Verilog-2008: [D:/ZGTC/Work/ccc/ipcore/write_ddr_fifo/rtl/ipm2l_sdpram_v1_10_write_ddr_fifo.v(line number: 373)] Ignore 'system task' $display
W: Verilog-2008: [D:/ZGTC/Work/ccc/ipcore/write_ddr_fifo/rtl/ipm2l_sdpram_v1_10_write_ddr_fifo.v(line number: 374)] Ignore 'system task' $finish
W: Verilog-2008: [D:/ZGTC/Work/ccc/ipcore/write_ddr_fifo/rtl/ipm2l_sdpram_v1_10_write_ddr_fifo.v(line number: 377)] Ignore 'system task' $display
W: Verilog-2008: [D:/ZGTC/Work/ccc/ipcore/write_ddr_fifo/rtl/ipm2l_sdpram_v1_10_write_ddr_fifo.v(line number: 378)] Ignore 'system task' $finish
W: Verilog-2008: [D:/ZGTC/Work/ccc/ipcore/write_ddr_fifo/rtl/ipm2l_sdpram_v1_10_write_ddr_fifo.v(line number: 381)] Ignore 'system task' $display
W: Verilog-2008: [D:/ZGTC/Work/ccc/ipcore/write_ddr_fifo/rtl/ipm2l_sdpram_v1_10_write_ddr_fifo.v(line number: 382)] Ignore 'system task' $finish
W: Verilog-2008: [D:/ZGTC/Work/ccc/ipcore/write_ddr_fifo/rtl/ipm2l_sdpram_v1_10_write_ddr_fifo.v(line number: 385)] Ignore 'system task' $display
W: Verilog-2008: [D:/ZGTC/Work/ccc/ipcore/write_ddr_fifo/rtl/ipm2l_sdpram_v1_10_write_ddr_fifo.v(line number: 386)] Ignore 'system task' $finish
W: Verilog-2008: [D:/ZGTC/Work/ccc/ipcore/write_ddr_fifo/rtl/ipm2l_sdpram_v1_10_write_ddr_fifo.v(line number: 389)] Ignore 'system task' $display
W: Verilog-2008: [D:/ZGTC/Work/ccc/ipcore/write_ddr_fifo/rtl/ipm2l_sdpram_v1_10_write_ddr_fifo.v(line number: 390)] Ignore 'system task' $finish
W: Verilog-2008: [D:/ZGTC/Work/ccc/ipcore/write_ddr_fifo/rtl/ipm2l_sdpram_v1_10_write_ddr_fifo.v(line number: 393)] Ignore 'system task' $display
W: Verilog-2008: [D:/ZGTC/Work/ccc/ipcore/write_ddr_fifo/rtl/ipm2l_sdpram_v1_10_write_ddr_fifo.v(line number: 394)] Ignore 'system task' $finish
W: Verilog-2008: [D:/ZGTC/Work/ccc/ipcore/write_ddr_fifo/rtl/ipm2l_sdpram_v1_10_write_ddr_fifo.v(line number: 397)] Ignore 'system task' $display
W: Verilog-2008: [D:/ZGTC/Work/ccc/ipcore/write_ddr_fifo/rtl/ipm2l_sdpram_v1_10_write_ddr_fifo.v(line number: 398)] Ignore 'system task' $finish
W: Verilog-2008: [D:/ZGTC/Work/ccc/ipcore/write_ddr_fifo/rtl/ipm2l_sdpram_v1_10_write_ddr_fifo.v(line number: 401)] Ignore 'system task' $display
W: Verilog-2008: [D:/ZGTC/Work/ccc/ipcore/write_ddr_fifo/rtl/ipm2l_sdpram_v1_10_write_ddr_fifo.v(line number: 402)] Ignore 'system task' $finish
W: Verilog-2008: [D:/ZGTC/Work/ccc/ipcore/write_ddr_fifo/rtl/ipm2l_sdpram_v1_10_write_ddr_fifo.v(line number: 405)] Ignore 'system task' $display
W: Verilog-2008: [D:/ZGTC/Work/ccc/ipcore/write_ddr_fifo/rtl/ipm2l_sdpram_v1_10_write_ddr_fifo.v(line number: 406)] Ignore 'system task' $finish
W: Verilog-2008: [D:/ZGTC/Work/ccc/ipcore/write_ddr_fifo/rtl/ipm2l_sdpram_v1_10_write_ddr_fifo.v(line number: 409)] Ignore 'system task' $display
W: Verilog-2008: [D:/ZGTC/Work/ccc/ipcore/write_ddr_fifo/rtl/ipm2l_sdpram_v1_10_write_ddr_fifo.v(line number: 410)] Ignore 'system task' $finish
W: Verilog-2008: [D:/ZGTC/Work/ccc/ipcore/write_ddr_fifo/rtl/ipm2l_sdpram_v1_10_write_ddr_fifo.v(line number: 413)] Ignore 'system task' $display
W: Verilog-2008: [D:/ZGTC/Work/ccc/ipcore/write_ddr_fifo/rtl/ipm2l_sdpram_v1_10_write_ddr_fifo.v(line number: 414)] Ignore 'system task' $finish
W: Verilog-2008: [D:/ZGTC/Work/ccc/ipcore/write_ddr_fifo/rtl/ipm2l_sdpram_v1_10_write_ddr_fifo.v(line number: 417)] Ignore 'system task' $display
W: Verilog-2008: [D:/ZGTC/Work/ccc/ipcore/write_ddr_fifo/rtl/ipm2l_sdpram_v1_10_write_ddr_fifo.v(line number: 418)] Ignore 'system task' $finish
W: Verilog-2008: [D:/ZGTC/Work/ccc/ipcore/write_ddr_fifo/rtl/ipm2l_sdpram_v1_10_write_ddr_fifo.v(line number: 421)] Ignore 'system task' $display
W: Verilog-2008: [D:/ZGTC/Work/ccc/ipcore/write_ddr_fifo/rtl/ipm2l_sdpram_v1_10_write_ddr_fifo.v(line number: 422)] Ignore 'system task' $finish
W: Verilog-2008: [D:/ZGTC/Work/ccc/ipcore/write_ddr_fifo/rtl/ipm2l_sdpram_v1_10_write_ddr_fifo.v(line number: 425)] Ignore 'system task' $display
W: Verilog-2008: [D:/ZGTC/Work/ccc/ipcore/write_ddr_fifo/rtl/ipm2l_sdpram_v1_10_write_ddr_fifo.v(line number: 426)] Ignore 'system task' $finish
W: Verilog-2008: [D:/ZGTC/Work/ccc/ipcore/write_ddr_fifo/rtl/ipm2l_sdpram_v1_10_write_ddr_fifo.v(line number: 429)] Ignore 'system task' $display
W: Verilog-2008: [D:/ZGTC/Work/ccc/ipcore/write_ddr_fifo/rtl/ipm2l_sdpram_v1_10_write_ddr_fifo.v(line number: 430)] Ignore 'system task' $finish
W: Verilog-2008: [D:/ZGTC/Work/ccc/ipcore/write_ddr_fifo/rtl/ipm2l_sdpram_v1_10_write_ddr_fifo.v(line number: 433)] Ignore 'system task' $display
W: Verilog-2008: [D:/ZGTC/Work/ccc/ipcore/write_ddr_fifo/rtl/ipm2l_sdpram_v1_10_write_ddr_fifo.v(line number: 434)] Ignore 'system task' $finish
W: Verilog-2008: [D:/ZGTC/Work/ccc/ipcore/write_ddr_fifo/rtl/ipm2l_sdpram_v1_10_write_ddr_fifo.v(line number: 437)] Ignore 'system task' $display
W: Verilog-2008: [D:/ZGTC/Work/ccc/ipcore/write_ddr_fifo/rtl/ipm2l_sdpram_v1_10_write_ddr_fifo.v(line number: 438)] Ignore 'system task' $finish
W: Verilog-2008: [D:/ZGTC/Work/ccc/ipcore/write_ddr_fifo/rtl/ipm2l_sdpram_v1_10_write_ddr_fifo.v(line number: 442)] Ignore 'system task' $display
W: Verilog-2008: [D:/ZGTC/Work/ccc/ipcore/write_ddr_fifo/rtl/ipm2l_sdpram_v1_10_write_ddr_fifo.v(line number: 443)] Ignore 'system task' $finish
W: Verilog-2008: [D:/ZGTC/Work/ccc/ipcore/write_ddr_fifo/rtl/ipm2l_sdpram_v1_10_write_ddr_fifo.v(line number: 446)] Ignore 'system task' $display
W: Verilog-2008: [D:/ZGTC/Work/ccc/ipcore/write_ddr_fifo/rtl/ipm2l_sdpram_v1_10_write_ddr_fifo.v(line number: 447)] Ignore 'system task' $finish
W: Verilog-2008: [D:/ZGTC/Work/ccc/ipcore/write_ddr_fifo/rtl/ipm2l_sdpram_v1_10_write_ddr_fifo.v(line number: 451)] Ignore 'system task' $display
W: Verilog-2008: [D:/ZGTC/Work/ccc/ipcore/write_ddr_fifo/rtl/ipm2l_sdpram_v1_10_write_ddr_fifo.v(line number: 452)] Ignore 'system task' $finish
W: Verilog-2008: [D:/ZGTC/Work/ccc/ipcore/write_ddr_fifo/rtl/ipm2l_sdpram_v1_10_write_ddr_fifo.v(line number: 457)] Ignore 'system task' $display
W: Verilog-2008: [D:/ZGTC/Work/ccc/ipcore/write_ddr_fifo/rtl/ipm2l_sdpram_v1_10_write_ddr_fifo.v(line number: 458)] Ignore 'system task' $finish
W: Verilog-2008: [D:/ZGTC/Work/ccc/ipcore/write_ddr_fifo/rtl/ipm2l_sdpram_v1_10_write_ddr_fifo.v(line number: 461)] Ignore 'system task' $display
W: Verilog-2008: [D:/ZGTC/Work/ccc/ipcore/write_ddr_fifo/rtl/ipm2l_sdpram_v1_10_write_ddr_fifo.v(line number: 462)] Ignore 'system task' $finish
W: Verilog-2008: [D:/ZGTC/Work/ccc/ipcore/write_ddr_fifo/rtl/ipm2l_sdpram_v1_10_write_ddr_fifo.v(line number: 465)] Ignore 'system task' $display
W: Verilog-2008: [D:/ZGTC/Work/ccc/ipcore/write_ddr_fifo/rtl/ipm2l_sdpram_v1_10_write_ddr_fifo.v(line number: 466)] Ignore 'system task' $finish
W: Verilog-2008: [D:/ZGTC/Work/ccc/ipcore/write_ddr_fifo/rtl/ipm2l_sdpram_v1_10_write_ddr_fifo.v(line number: 471)] Ignore 'system task' $display
W: Verilog-2008: [D:/ZGTC/Work/ccc/ipcore/write_ddr_fifo/rtl/ipm2l_sdpram_v1_10_write_ddr_fifo.v(line number: 472)] Ignore 'system task' $finish
Parsing done.
Executing : .rtl_analyze -include_path {D:/ZGTC/Work/ccc} D:/ZGTC/Work/ccc/ipcore/write_ddr_fifo/rtl/ipm2l_sdpram_v1_10_write_ddr_fifo.v successfully.
Executing : .rtl_analyze -include_path {D:/ZGTC/Work/ccc} D:/ZGTC/Work/ccc/ipcore/write_ddr_fifo/rtl/ipm2l_fifo_v1_10_write_ddr_fifo.v
I: Verilog-0001: Analyzing file D:/ZGTC/Work/ccc/ipcore/write_ddr_fifo/rtl/ipm2l_fifo_v1_10_write_ddr_fifo.v
I: Verilog-0002: [D:/ZGTC/Work/ccc/ipcore/write_ddr_fifo/rtl/ipm2l_fifo_v1_10_write_ddr_fifo.v(line number: 19)] Analyzing module ipm2l_fifo_v1_10_write_ddr_fifo (library work)
Parsing done.
Executing : .rtl_analyze -include_path {D:/ZGTC/Work/ccc} D:/ZGTC/Work/ccc/ipcore/write_ddr_fifo/rtl/ipm2l_fifo_v1_10_write_ddr_fifo.v successfully.
Executing : .rtl_analyze -include_path {D:/ZGTC/Work/ccc} D:/ZGTC/Work/ccc/ipcore/write_ddr_fifo/write_ddr_fifo.v
I: Verilog-0001: Analyzing file D:/ZGTC/Work/ccc/ipcore/write_ddr_fifo/write_ddr_fifo.v
I: Verilog-0002: [D:/ZGTC/Work/ccc/ipcore/write_ddr_fifo/write_ddr_fifo.v(line number: 16)] Analyzing module write_ddr_fifo (library work)
Parsing done.
Executing : .rtl_analyze -include_path {D:/ZGTC/Work/ccc} D:/ZGTC/Work/ccc/ipcore/write_ddr_fifo/write_ddr_fifo.v successfully.
Executing : .rtl_analyze -include_path {D:/ZGTC/Work/ccc} D:/ZGTC/Work/ccc/ipcore/ddr3_test/rtl/ips2l_rst_sync_v1_3.vp
I: Verilog-0001: Analyzing file D:/ZGTC/Work/ccc/ipcore/ddr3_test/rtl/ips2l_rst_sync_v1_3.vp
I: Verilog-0002: [D:/ZGTC/Work/ccc/ipcore/ddr3_test/rtl/ips2l_rst_sync_v1_3.vp(line number: 59)] Analyzing module ips2l_rst_sync_v1_3 (library work)
Parsing done.
Executing : .rtl_analyze -include_path {D:/ZGTC/Work/ccc} D:/ZGTC/Work/ccc/ipcore/ddr3_test/rtl/ips2l_rst_sync_v1_3.vp successfully.
Executing : .rtl_analyze -include_path {D:/ZGTC/Work/ccc} D:/ZGTC/Work/ccc/ipcore/ddr3_test/rtl/ddrphy/ips2l_ddrphy_wrlvl_v1_0.vp
I: Verilog-0001: Analyzing file D:/ZGTC/Work/ccc/ipcore/ddr3_test/rtl/ddrphy/ips2l_ddrphy_wrlvl_v1_0.vp
I: Verilog-0002: [D:/ZGTC/Work/ccc/ipcore/ddr3_test/rtl/ddrphy/ips2l_ddrphy_wrlvl_v1_0.vp(line number: 183)] Analyzing module ips2l_ddrphy_wrlvl_v1_0 (library work)
Parsing done.
Executing : .rtl_analyze -include_path {D:/ZGTC/Work/ccc} D:/ZGTC/Work/ccc/ipcore/ddr3_test/rtl/ddrphy/ips2l_ddrphy_wrlvl_v1_0.vp successfully.
Executing : .rtl_analyze -include_path {D:/ZGTC/Work/ccc} D:/ZGTC/Work/ccc/ipcore/ddr3_test/rtl/ddrphy/ips2l_ddrphy_wrcal_v1_7.vp
I: Verilog-0001: Analyzing file D:/ZGTC/Work/ccc/ipcore/ddr3_test/rtl/ddrphy/ips2l_ddrphy_wrcal_v1_7.vp
I: Verilog-0002: [D:/ZGTC/Work/ccc/ipcore/ddr3_test/rtl/ddrphy/ips2l_ddrphy_wrcal_v1_7.vp(line number: 495)] Analyzing module ips2l_ddrphy_wrcal_v1_7 (library work)
I: [D:/ZGTC/Work/ccc/ipcore/ddr3_test/rtl/ddrphy/ips2l_ddrphy_wrcal_v1_7.vp(line number: 514)] Convert attribute name from syn_preserve to PAP_PRESERVE
I: [D:/ZGTC/Work/ccc/ipcore/ddr3_test/rtl/ddrphy/ips2l_ddrphy_wrcal_v1_7.vp(line number: 515)] Convert attribute name from syn_preserve to PAP_PRESERVE
Parsing done.
Executing : .rtl_analyze -include_path {D:/ZGTC/Work/ccc} D:/ZGTC/Work/ccc/ipcore/ddr3_test/rtl/ddrphy/ips2l_ddrphy_wrcal_v1_7.vp successfully.
Executing : .rtl_analyze -include_path {D:/ZGTC/Work/ccc} D:/ZGTC/Work/ccc/ipcore/ddr3_test/rtl/ddrphy/ips2l_ddrphy_wdata_path_adj_v1_10.vp
I: Verilog-0001: Analyzing file D:/ZGTC/Work/ccc/ipcore/ddr3_test/rtl/ddrphy/ips2l_ddrphy_wdata_path_adj_v1_10.vp
I: Verilog-0002: [D:/ZGTC/Work/ccc/ipcore/ddr3_test/rtl/ddrphy/ips2l_ddrphy_wdata_path_adj_v1_10.vp(line number: 232)] Analyzing module ips2l_ddrphy_wdata_path_adj_v1_10 (library work)
Parsing done.
Executing : .rtl_analyze -include_path {D:/ZGTC/Work/ccc} D:/ZGTC/Work/ccc/ipcore/ddr3_test/rtl/ddrphy/ips2l_ddrphy_wdata_path_adj_v1_10.vp successfully.
Executing : .rtl_analyze -include_path {D:/ZGTC/Work/ccc} D:/ZGTC/Work/ccc/ipcore/ddr3_test/rtl/ddrphy/ips2l_ddrphy_upcal_v1_0.vp
I: Verilog-0001: Analyzing file D:/ZGTC/Work/ccc/ipcore/ddr3_test/rtl/ddrphy/ips2l_ddrphy_upcal_v1_0.vp
I: Verilog-0002: [D:/ZGTC/Work/ccc/ipcore/ddr3_test/rtl/ddrphy/ips2l_ddrphy_upcal_v1_0.vp(line number: 151)] Analyzing module ips2l_ddrphy_upcal_v1_0 (library work)
Parsing done.
Executing : .rtl_analyze -include_path {D:/ZGTC/Work/ccc} D:/ZGTC/Work/ccc/ipcore/ddr3_test/rtl/ddrphy/ips2l_ddrphy_upcal_v1_0.vp successfully.
Executing : .rtl_analyze -include_path {D:/ZGTC/Work/ccc} D:/ZGTC/Work/ccc/ipcore/ddr3_test/rtl/ddrphy/ips2l_ddrphy_training_ctrl_v1_0.vp
I: Verilog-0001: Analyzing file D:/ZGTC/Work/ccc/ipcore/ddr3_test/rtl/ddrphy/ips2l_ddrphy_training_ctrl_v1_0.vp
I: Verilog-0002: [D:/ZGTC/Work/ccc/ipcore/ddr3_test/rtl/ddrphy/ips2l_ddrphy_training_ctrl_v1_0.vp(line number: 83)] Analyzing module ips2l_ddrphy_training_ctrl_v1_0 (library work)
Parsing done.
Executing : .rtl_analyze -include_path {D:/ZGTC/Work/ccc} D:/ZGTC/Work/ccc/ipcore/ddr3_test/rtl/ddrphy/ips2l_ddrphy_training_ctrl_v1_0.vp successfully.
Executing : .rtl_analyze -include_path {D:/ZGTC/Work/ccc} D:/ZGTC/Work/ccc/ipcore/ddr3_test/rtl/ddrphy/ips2l_ddrphy_slice_rddata_align_v1_0.vp
I: Verilog-0001: Analyzing file D:/ZGTC/Work/ccc/ipcore/ddr3_test/rtl/ddrphy/ips2l_ddrphy_slice_rddata_align_v1_0.vp
I: Verilog-0002: [D:/ZGTC/Work/ccc/ipcore/ddr3_test/rtl/ddrphy/ips2l_ddrphy_slice_rddata_align_v1_0.vp(line number: 108)] Analyzing module ips2l_ddrphy_slice_rddata_align_v1_0 (library work)
Parsing done.
Executing : .rtl_analyze -include_path {D:/ZGTC/Work/ccc} D:/ZGTC/Work/ccc/ipcore/ddr3_test/rtl/ddrphy/ips2l_ddrphy_slice_rddata_align_v1_0.vp successfully.
Executing : .rtl_analyze -include_path {D:/ZGTC/Work/ccc} D:/ZGTC/Work/ccc/ipcore/ddr3_test/rtl/ddrphy/ips2l_ddrphy_reset_ctrl_v1_3.vp
I: Verilog-0001: Analyzing file D:/ZGTC/Work/ccc/ipcore/ddr3_test/rtl/ddrphy/ips2l_ddrphy_reset_ctrl_v1_3.vp
I: Verilog-0002: [D:/ZGTC/Work/ccc/ipcore/ddr3_test/rtl/ddrphy/ips2l_ddrphy_reset_ctrl_v1_3.vp(line number: 268)] Analyzing module ips2l_ddrphy_reset_ctrl_v1_3 (library work)
I: [D:/ZGTC/Work/ccc/ipcore/ddr3_test/rtl/ddrphy/ips2l_ddrphy_reset_ctrl_v1_3.vp(line number: 298)] Convert attribute name from syn_preserve to PAP_PRESERVE
Parsing done.
Executing : .rtl_analyze -include_path {D:/ZGTC/Work/ccc} D:/ZGTC/Work/ccc/ipcore/ddr3_test/rtl/ddrphy/ips2l_ddrphy_reset_ctrl_v1_3.vp successfully.
Executing : .rtl_analyze -include_path {D:/ZGTC/Work/ccc} D:/ZGTC/Work/ccc/ipcore/ddr3_test/rtl/ddrphy/ips2l_ddrphy_rdcal_v1_10.vp
I: Verilog-0001: Analyzing file D:/ZGTC/Work/ccc/ipcore/ddr3_test/rtl/ddrphy/ips2l_ddrphy_rdcal_v1_10.vp
I: Verilog-0002: [D:/ZGTC/Work/ccc/ipcore/ddr3_test/rtl/ddrphy/ips2l_ddrphy_rdcal_v1_10.vp(line number: 750)] Analyzing module ips2l_ddrphy_rdcal_v1_10 (library work)
Parsing done.
Executing : .rtl_analyze -include_path {D:/ZGTC/Work/ccc} D:/ZGTC/Work/ccc/ipcore/ddr3_test/rtl/ddrphy/ips2l_ddrphy_rdcal_v1_10.vp successfully.
Executing : .rtl_analyze -include_path {D:/ZGTC/Work/ccc} D:/ZGTC/Work/ccc/ipcore/ddr3_test/rtl/ddrphy/ips2l_ddrphy_main_ctrl_v1_10.vp
I: Verilog-0001: Analyzing file D:/ZGTC/Work/ccc/ipcore/ddr3_test/rtl/ddrphy/ips2l_ddrphy_main_ctrl_v1_10.vp
I: Verilog-0002: [D:/ZGTC/Work/ccc/ipcore/ddr3_test/rtl/ddrphy/ips2l_ddrphy_main_ctrl_v1_10.vp(line number: 196)] Analyzing module ips2l_ddrphy_main_ctrl_v1_10 (library work)
Parsing done.
Executing : .rtl_analyze -include_path {D:/ZGTC/Work/ccc} D:/ZGTC/Work/ccc/ipcore/ddr3_test/rtl/ddrphy/ips2l_ddrphy_main_ctrl_v1_10.vp successfully.
Executing : .rtl_analyze -include_path {D:/ZGTC/Work/ccc} D:/ZGTC/Work/ccc/ipcore/ddr3_test/rtl/ddrphy/ips2l_ddrphy_init_v1_0.vp
I: Verilog-0001: Analyzing file D:/ZGTC/Work/ccc/ipcore/ddr3_test/rtl/ddrphy/ips2l_ddrphy_init_v1_0.vp
I: Verilog-0002: [D:/ZGTC/Work/ccc/ipcore/ddr3_test/rtl/ddrphy/ips2l_ddrphy_init_v1_0.vp(line number: 577)] Analyzing module ips2l_ddrphy_init_v1_0 (library work)
Parsing done.
Executing : .rtl_analyze -include_path {D:/ZGTC/Work/ccc} D:/ZGTC/Work/ccc/ipcore/ddr3_test/rtl/ddrphy/ips2l_ddrphy_init_v1_0.vp successfully.
Executing : .rtl_analyze -include_path {D:/ZGTC/Work/ccc} D:/ZGTC/Work/ccc/ipcore/ddr3_test/rtl/ddrphy/ips2l_ddrphy_info_v1_0.vp
I: Verilog-0001: Analyzing file D:/ZGTC/Work/ccc/ipcore/ddr3_test/rtl/ddrphy/ips2l_ddrphy_info_v1_0.vp
I: Verilog-0002: [D:/ZGTC/Work/ccc/ipcore/ddr3_test/rtl/ddrphy/ips2l_ddrphy_info_v1_0.vp(line number: 174)] Analyzing module ips2l_ddrphy_info_v1_0 (library work)
Parsing done.
Executing : .rtl_analyze -include_path {D:/ZGTC/Work/ccc} D:/ZGTC/Work/ccc/ipcore/ddr3_test/rtl/ddrphy/ips2l_ddrphy_info_v1_0.vp successfully.
Executing : .rtl_analyze -include_path {D:/ZGTC/Work/ccc} D:/ZGTC/Work/ccc/ipcore/ddr3_test/rtl/ddrphy/ips2l_ddrphy_gatecal_v1_10.vp
I: Verilog-0001: Analyzing file D:/ZGTC/Work/ccc/ipcore/ddr3_test/rtl/ddrphy/ips2l_ddrphy_gatecal_v1_10.vp
I: Verilog-0002: [D:/ZGTC/Work/ccc/ipcore/ddr3_test/rtl/ddrphy/ips2l_ddrphy_gatecal_v1_10.vp(line number: 243)] Analyzing module ips2l_ddrphy_gatecal_v1_10 (library work)
Parsing done.
Executing : .rtl_analyze -include_path {D:/ZGTC/Work/ccc} D:/ZGTC/Work/ccc/ipcore/ddr3_test/rtl/ddrphy/ips2l_ddrphy_gatecal_v1_10.vp successfully.
Executing : .rtl_analyze -include_path {D:/ZGTC/Work/ccc} D:/ZGTC/Work/ccc/ipcore/ddr3_test/rtl/ddrphy/ips2l_ddrphy_gate_update_ctrl_v1_3.vp
I: Verilog-0001: Analyzing file D:/ZGTC/Work/ccc/ipcore/ddr3_test/rtl/ddrphy/ips2l_ddrphy_gate_update_ctrl_v1_3.vp
I: Verilog-0002: [D:/ZGTC/Work/ccc/ipcore/ddr3_test/rtl/ddrphy/ips2l_ddrphy_gate_update_ctrl_v1_3.vp(line number: 100)] Analyzing module ips2l_ddrphy_gate_update_ctrl_v1_3 (library work)
Parsing done.
Executing : .rtl_analyze -include_path {D:/ZGTC/Work/ccc} D:/ZGTC/Work/ccc/ipcore/ddr3_test/rtl/ddrphy/ips2l_ddrphy_gate_update_ctrl_v1_3.vp successfully.
Executing : .rtl_analyze -include_path {D:/ZGTC/Work/ccc} D:/ZGTC/Work/ccc/ipcore/ddr3_test/rtl/ddrphy/ips2l_ddrphy_eyecal_v1_5.vp
I: Verilog-0001: Analyzing file D:/ZGTC/Work/ccc/ipcore/ddr3_test/rtl/ddrphy/ips2l_ddrphy_eyecal_v1_5.vp
I: Verilog-0002: [D:/ZGTC/Work/ccc/ipcore/ddr3_test/rtl/ddrphy/ips2l_ddrphy_eyecal_v1_5.vp(line number: 228)] Analyzing module ips2l_ddrphy_eyecal_v1_5 (library work)
Parsing done.
Executing : .rtl_analyze -include_path {D:/ZGTC/Work/ccc} D:/ZGTC/Work/ccc/ipcore/ddr3_test/rtl/ddrphy/ips2l_ddrphy_eyecal_v1_5.vp successfully.
Executing : .rtl_analyze -include_path {D:/ZGTC/Work/ccc} D:/ZGTC/Work/ccc/ipcore/ddr3_test/rtl/ddrphy/ips2l_ddrphy_drift_ctrl_v1_0.vp
I: Verilog-0001: Analyzing file D:/ZGTC/Work/ccc/ipcore/ddr3_test/rtl/ddrphy/ips2l_ddrphy_drift_ctrl_v1_0.vp
I: Verilog-0002: [D:/ZGTC/Work/ccc/ipcore/ddr3_test/rtl/ddrphy/ips2l_ddrphy_drift_ctrl_v1_0.vp(line number: 112)] Analyzing module ips2l_ddrphy_drift_ctrl_v1_0 (library work)
Parsing done.
Executing : .rtl_analyze -include_path {D:/ZGTC/Work/ccc} D:/ZGTC/Work/ccc/ipcore/ddr3_test/rtl/ddrphy/ips2l_ddrphy_drift_ctrl_v1_0.vp successfully.
Executing : .rtl_analyze -include_path {D:/ZGTC/Work/ccc} D:/ZGTC/Work/ccc/ipcore/ddr3_test/rtl/ddrphy/ips2l_ddrphy_dqsi_rdel_cal_v1_3.vp
I: Verilog-0001: Analyzing file D:/ZGTC/Work/ccc/ipcore/ddr3_test/rtl/ddrphy/ips2l_ddrphy_dqsi_rdel_cal_v1_3.vp
I: Verilog-0002: [D:/ZGTC/Work/ccc/ipcore/ddr3_test/rtl/ddrphy/ips2l_ddrphy_dqsi_rdel_cal_v1_3.vp(line number: 395)] Analyzing module ips2l_ddrphy_dqsi_rdel_cal_v1_3 (library work)
Parsing done.
Executing : .rtl_analyze -include_path {D:/ZGTC/Work/ccc} D:/ZGTC/Work/ccc/ipcore/ddr3_test/rtl/ddrphy/ips2l_ddrphy_dqsi_rdel_cal_v1_3.vp successfully.
Executing : .rtl_analyze -include_path {D:/ZGTC/Work/ccc} D:/ZGTC/Work/ccc/ipcore/ddr3_test/rtl/ddrphy/ips2l_ddrphy_dqs_rddata_align_v1_10.vp
I: Verilog-0001: Analyzing file D:/ZGTC/Work/ccc/ipcore/ddr3_test/rtl/ddrphy/ips2l_ddrphy_dqs_rddata_align_v1_10.vp
I: Verilog-0002: [D:/ZGTC/Work/ccc/ipcore/ddr3_test/rtl/ddrphy/ips2l_ddrphy_dqs_rddata_align_v1_10.vp(line number: 527)] Analyzing module ips2l_ddrphy_dqs_rddata_align_v1_10 (library work)
Parsing done.
Executing : .rtl_analyze -include_path {D:/ZGTC/Work/ccc} D:/ZGTC/Work/ccc/ipcore/ddr3_test/rtl/ddrphy/ips2l_ddrphy_dqs_rddata_align_v1_10.vp successfully.
Executing : .rtl_analyze -include_path {D:/ZGTC/Work/ccc} D:/ZGTC/Work/ccc/ipcore/ddr3_test/rtl/ddrphy/ips2l_ddrphy_dqs_gate_coarse_cal_v1_0.vp
I: Verilog-0001: Analyzing file D:/ZGTC/Work/ccc/ipcore/ddr3_test/rtl/ddrphy/ips2l_ddrphy_dqs_gate_coarse_cal_v1_0.vp
I: Verilog-0002: [D:/ZGTC/Work/ccc/ipcore/ddr3_test/rtl/ddrphy/ips2l_ddrphy_dqs_gate_coarse_cal_v1_0.vp(line number: 173)] Analyzing module ips2l_ddrphy_dqs_gate_coarse_cal_v1_0 (library work)
Parsing done.
Executing : .rtl_analyze -include_path {D:/ZGTC/Work/ccc} D:/ZGTC/Work/ccc/ipcore/ddr3_test/rtl/ddrphy/ips2l_ddrphy_dqs_gate_coarse_cal_v1_0.vp successfully.
Executing : .rtl_analyze -include_path {D:/ZGTC/Work/ccc} D:/ZGTC/Work/ccc/ipcore/ddr3_test/rtl/ddrphy/ips2l_ddrphy_dll_update_ctrl_v1_3.vp
I: Verilog-0001: Analyzing file D:/ZGTC/Work/ccc/ipcore/ddr3_test/rtl/ddrphy/ips2l_ddrphy_dll_update_ctrl_v1_3.vp
I: Verilog-0002: [D:/ZGTC/Work/ccc/ipcore/ddr3_test/rtl/ddrphy/ips2l_ddrphy_dll_update_ctrl_v1_3.vp(line number: 124)] Analyzing module ips2l_ddrphy_dll_update_ctrl_v1_3 (library work)
Parsing done.
Executing : .rtl_analyze -include_path {D:/ZGTC/Work/ccc} D:/ZGTC/Work/ccc/ipcore/ddr3_test/rtl/ddrphy/ips2l_ddrphy_dll_update_ctrl_v1_3.vp successfully.
Executing : .rtl_analyze -include_path {D:/ZGTC/Work/ccc} D:/ZGTC/Work/ccc/ipcore/ddr3_test/rtl/ddrphy/ips2l_ddrphy_dfi_v1_3.vp
I: Verilog-0001: Analyzing file D:/ZGTC/Work/ccc/ipcore/ddr3_test/rtl/ddrphy/ips2l_ddrphy_dfi_v1_3.vp
I: Verilog-0002: [D:/ZGTC/Work/ccc/ipcore/ddr3_test/rtl/ddrphy/ips2l_ddrphy_dfi_v1_3.vp(line number: 320)] Analyzing module ips2l_ddrphy_dfi_v1_3 (library work)
Parsing done.
Executing : .rtl_analyze -include_path {D:/ZGTC/Work/ccc} D:/ZGTC/Work/ccc/ipcore/ddr3_test/rtl/ddrphy/ips2l_ddrphy_dfi_v1_3.vp successfully.
Executing : .rtl_analyze -include_path {D:/ZGTC/Work/ccc} D:/ZGTC/Work/ccc/ipcore/ddr3_test/rtl/ddrphy/ips2l_ddrphy_gpll_phase_v1_0.vp
I: Verilog-0001: Analyzing file D:/ZGTC/Work/ccc/ipcore/ddr3_test/rtl/ddrphy/ips2l_ddrphy_gpll_phase_v1_0.vp
I: Verilog-0002: [D:/ZGTC/Work/ccc/ipcore/ddr3_test/rtl/ddrphy/ips2l_ddrphy_gpll_phase_v1_0.vp(line number: 69)] Analyzing module ips2l_ddrphy_gpll_phase_v1_0 (library work)
Parsing done.
Executing : .rtl_analyze -include_path {D:/ZGTC/Work/ccc} D:/ZGTC/Work/ccc/ipcore/ddr3_test/rtl/ddrphy/ips2l_ddrphy_gpll_phase_v1_0.vp successfully.
Executing : .rtl_analyze -include_path {D:/ZGTC/Work/ccc} D:/ZGTC/Work/ccc/ipcore/ddr3_test/rtl/ddrphy/ips2l_ddrphy_data_slice_wrlvl_v1_10.vp
I: Verilog-0001: Analyzing file D:/ZGTC/Work/ccc/ipcore/ddr3_test/rtl/ddrphy/ips2l_ddrphy_data_slice_wrlvl_v1_10.vp
I: Verilog-0002: [D:/ZGTC/Work/ccc/ipcore/ddr3_test/rtl/ddrphy/ips2l_ddrphy_data_slice_wrlvl_v1_10.vp(line number: 292)] Analyzing module ips2l_ddrphy_data_slice_wrlvl_v1_10 (library work)
Parsing done.
Executing : .rtl_analyze -include_path {D:/ZGTC/Work/ccc} D:/ZGTC/Work/ccc/ipcore/ddr3_test/rtl/ddrphy/ips2l_ddrphy_data_slice_wrlvl_v1_10.vp successfully.
Executing : .rtl_analyze -include_path {D:/ZGTC/Work/ccc} D:/ZGTC/Work/ccc/ipcore/ddr3_test/rtl/ddrphy/ips2l_ddrphy_data_slice_wrcal_v1_10.vp
I: Verilog-0001: Analyzing file D:/ZGTC/Work/ccc/ipcore/ddr3_test/rtl/ddrphy/ips2l_ddrphy_data_slice_wrcal_v1_10.vp
I: Verilog-0002: [D:/ZGTC/Work/ccc/ipcore/ddr3_test/rtl/ddrphy/ips2l_ddrphy_data_slice_wrcal_v1_10.vp(line number: 278)] Analyzing module ips2l_ddrphy_data_slice_wrcal_v1_10 (library work)
Parsing done.
Executing : .rtl_analyze -include_path {D:/ZGTC/Work/ccc} D:/ZGTC/Work/ccc/ipcore/ddr3_test/rtl/ddrphy/ips2l_ddrphy_data_slice_wrcal_v1_10.vp successfully.
Executing : .rtl_analyze -include_path {D:/ZGTC/Work/ccc} D:/ZGTC/Work/ccc/ipcore/ddr3_test/rtl/ddrphy/ips2l_ddrphy_data_slice_v1_10.vp
I: Verilog-0001: Analyzing file D:/ZGTC/Work/ccc/ipcore/ddr3_test/rtl/ddrphy/ips2l_ddrphy_data_slice_v1_10.vp
I: Verilog-0002: [D:/ZGTC/Work/ccc/ipcore/ddr3_test/rtl/ddrphy/ips2l_ddrphy_data_slice_v1_10.vp(line number: 583)] Analyzing module ips2l_ddrphy_data_slice_v1_10 (library work)
Parsing done.
Executing : .rtl_analyze -include_path {D:/ZGTC/Work/ccc} D:/ZGTC/Work/ccc/ipcore/ddr3_test/rtl/ddrphy/ips2l_ddrphy_data_slice_v1_10.vp successfully.
Executing : .rtl_analyze -include_path {D:/ZGTC/Work/ccc} D:/ZGTC/Work/ccc/ipcore/ddr3_test/rtl/ddrphy/ips2l_ddrphy_data_slice_dqs_gate_cal_v1_10.vp
I: Verilog-0001: Analyzing file D:/ZGTC/Work/ccc/ipcore/ddr3_test/rtl/ddrphy/ips2l_ddrphy_data_slice_dqs_gate_cal_v1_10.vp
I: Verilog-0002: [D:/ZGTC/Work/ccc/ipcore/ddr3_test/rtl/ddrphy/ips2l_ddrphy_data_slice_dqs_gate_cal_v1_10.vp(line number: 111)] Analyzing module ips2l_ddrphy_data_slice_dqs_gate_cal_v1_10 (library work)
Parsing done.
Executing : .rtl_analyze -include_path {D:/ZGTC/Work/ccc} D:/ZGTC/Work/ccc/ipcore/ddr3_test/rtl/ddrphy/ips2l_ddrphy_data_slice_dqs_gate_cal_v1_10.vp successfully.
Executing : .rtl_analyze -include_path {D:/ZGTC/Work/ccc} D:/ZGTC/Work/ccc/ipcore/ddr3_test/rtl/ddrphy/ips2l_ddrphy_cpd_ctrl_v1_3.vp
I: Verilog-0001: Analyzing file D:/ZGTC/Work/ccc/ipcore/ddr3_test/rtl/ddrphy/ips2l_ddrphy_cpd_ctrl_v1_3.vp
I: Verilog-0002: [D:/ZGTC/Work/ccc/ipcore/ddr3_test/rtl/ddrphy/ips2l_ddrphy_cpd_ctrl_v1_3.vp(line number: 182)] Analyzing module ips2l_ddrphy_cpd_ctrl_v1_3 (library work)
Parsing done.
Executing : .rtl_analyze -include_path {D:/ZGTC/Work/ccc} D:/ZGTC/Work/ccc/ipcore/ddr3_test/rtl/ddrphy/ips2l_ddrphy_cpd_ctrl_v1_3.vp successfully.
Executing : .rtl_analyze -include_path {D:/ZGTC/Work/ccc} D:/ZGTC/Work/ccc/ipcore/ddr3_test/rtl/ddrphy/ips2l_ddrphy_cpd_lock_v1_0.vp
I: Verilog-0001: Analyzing file D:/ZGTC/Work/ccc/ipcore/ddr3_test/rtl/ddrphy/ips2l_ddrphy_cpd_lock_v1_0.vp
I: Verilog-0002: [D:/ZGTC/Work/ccc/ipcore/ddr3_test/rtl/ddrphy/ips2l_ddrphy_cpd_lock_v1_0.vp(line number: 71)] Analyzing module ips2l_ddrphy_cpd_lock_v1_0 (library work)
Parsing done.
Executing : .rtl_analyze -include_path {D:/ZGTC/Work/ccc} D:/ZGTC/Work/ccc/ipcore/ddr3_test/rtl/ddrphy/ips2l_ddrphy_cpd_lock_v1_0.vp successfully.
Executing : .rtl_analyze -include_path {D:/ZGTC/Work/ccc} D:/ZGTC/Work/ccc/ipcore/ddr3_test/rtl/ddrphy/ips2l_ddrphy_control_path_adj_v1_10.vp
I: Verilog-0001: Analyzing file D:/ZGTC/Work/ccc/ipcore/ddr3_test/rtl/ddrphy/ips2l_ddrphy_control_path_adj_v1_10.vp
I: Verilog-0002: [D:/ZGTC/Work/ccc/ipcore/ddr3_test/rtl/ddrphy/ips2l_ddrphy_control_path_adj_v1_10.vp(line number: 134)] Analyzing module ips2l_ddrphy_control_path_adj_v1_10 (library work)
Parsing done.
Executing : .rtl_analyze -include_path {D:/ZGTC/Work/ccc} D:/ZGTC/Work/ccc/ipcore/ddr3_test/rtl/ddrphy/ips2l_ddrphy_control_path_adj_v1_10.vp successfully.
Executing : .rtl_analyze -include_path {D:/ZGTC/Work/ccc} D:/ZGTC/Work/ccc/ipcore/ddr3_test/rtl/ddrphy/ips2l_ddrphy_calib_top_v1_10.vp
I: Verilog-0001: Analyzing file D:/ZGTC/Work/ccc/ipcore/ddr3_test/rtl/ddrphy/ips2l_ddrphy_calib_top_v1_10.vp
I: Verilog-0002: [D:/ZGTC/Work/ccc/ipcore/ddr3_test/rtl/ddrphy/ips2l_ddrphy_calib_top_v1_10.vp(line number: 392)] Analyzing module ips2l_ddrphy_calib_top_v1_10 (library work)
Parsing done.
Executing : .rtl_analyze -include_path {D:/ZGTC/Work/ccc} D:/ZGTC/Work/ccc/ipcore/ddr3_test/rtl/ddrphy/ips2l_ddrphy_calib_top_v1_10.vp successfully.
Executing : .rtl_analyze -include_path {D:/ZGTC/Work/ccc} D:/ZGTC/Work/ccc/ipcore/ddr3_test/rtl/ddrphy/ips2l_ddrphy_calib_mux_v1_0.vp
I: Verilog-0001: Analyzing file D:/ZGTC/Work/ccc/ipcore/ddr3_test/rtl/ddrphy/ips2l_ddrphy_calib_mux_v1_0.vp
I: Verilog-0002: [D:/ZGTC/Work/ccc/ipcore/ddr3_test/rtl/ddrphy/ips2l_ddrphy_calib_mux_v1_0.vp(line number: 199)] Analyzing module ips2l_ddrphy_calib_mux_v1_0 (library work)
Parsing done.
Executing : .rtl_analyze -include_path {D:/ZGTC/Work/ccc} D:/ZGTC/Work/ccc/ipcore/ddr3_test/rtl/ddrphy/ips2l_ddrphy_calib_mux_v1_0.vp successfully.
Executing : .rtl_analyze -include_path {D:/ZGTC/Work/ccc} D:/ZGTC/Work/ccc/ipcore/ddr3_test/rtl/ddrphy/ips2l_ddrphy_rst_debounce_v1_0.vp
I: Verilog-0001: Analyzing file D:/ZGTC/Work/ccc/ipcore/ddr3_test/rtl/ddrphy/ips2l_ddrphy_rst_debounce_v1_0.vp
I: Verilog-0002: [D:/ZGTC/Work/ccc/ipcore/ddr3_test/rtl/ddrphy/ips2l_ddrphy_rst_debounce_v1_0.vp(line number: 84)] Analyzing module ips2l_ddrphy_rst_debounce_v1_0 (library work)
Parsing done.
Executing : .rtl_analyze -include_path {D:/ZGTC/Work/ccc} D:/ZGTC/Work/ccc/ipcore/ddr3_test/rtl/ddrphy/ips2l_ddrphy_rst_debounce_v1_0.vp successfully.
Executing : .rtl_analyze -include_path {D:/ZGTC/Work/ccc} D:/ZGTC/Work/ccc/ipcore/ddr3_test/rtl/ddrphy/ips2l_ddrphy_rst_clk_phase_adj_v1_0.vp
I: Verilog-0001: Analyzing file D:/ZGTC/Work/ccc/ipcore/ddr3_test/rtl/ddrphy/ips2l_ddrphy_rst_clk_phase_adj_v1_0.vp
I: Verilog-0002: [D:/ZGTC/Work/ccc/ipcore/ddr3_test/rtl/ddrphy/ips2l_ddrphy_rst_clk_phase_adj_v1_0.vp(line number: 104)] Analyzing module ips2l_ddrphy_rst_clk_phase_adj_v1_0 (library work)
Parsing done.
Executing : .rtl_analyze -include_path {D:/ZGTC/Work/ccc} D:/ZGTC/Work/ccc/ipcore/ddr3_test/rtl/ddrphy/ips2l_ddrphy_rst_clk_phase_adj_v1_0.vp successfully.
Executing : .rtl_analyze -include_path {D:/ZGTC/Work/ccc} D:/ZGTC/Work/ccc/ipcore/ddr3_test/rtl/pll/ips2l_ddrphy_gpll_v1_3.vp
I: Verilog-0001: Analyzing file D:/ZGTC/Work/ccc/ipcore/ddr3_test/rtl/pll/ips2l_ddrphy_gpll_v1_3.vp
I: Verilog-0002: [D:/ZGTC/Work/ccc/ipcore/ddr3_test/rtl/pll/ips2l_ddrphy_gpll_v1_3.vp(line number: 127)] Analyzing module ips2l_ddrphy_gpll_v1_3 (library work)
W: Verilog-2006: [D:/ZGTC/Work/ccc/ipcore/ddr3_test/rtl/pll/ips2l_ddrphy_gpll_v1_3.vp(line number: 154)] Ansi_parameter force parameter in body to localparam
W: Verilog-2006: [D:/ZGTC/Work/ccc/ipcore/ddr3_test/rtl/pll/ips2l_ddrphy_gpll_v1_3.vp(line number: 155)] Ansi_parameter force parameter in body to localparam
W: Verilog-2006: [D:/ZGTC/Work/ccc/ipcore/ddr3_test/rtl/pll/ips2l_ddrphy_gpll_v1_3.vp(line number: 156)] Ansi_parameter force parameter in body to localparam
W: Verilog-2006: [D:/ZGTC/Work/ccc/ipcore/ddr3_test/rtl/pll/ips2l_ddrphy_gpll_v1_3.vp(line number: 157)] Ansi_parameter force parameter in body to localparam
W: Verilog-2006: [D:/ZGTC/Work/ccc/ipcore/ddr3_test/rtl/pll/ips2l_ddrphy_gpll_v1_3.vp(line number: 158)] Ansi_parameter force parameter in body to localparam
Parsing done.
Executing : .rtl_analyze -include_path {D:/ZGTC/Work/ccc} D:/ZGTC/Work/ccc/ipcore/ddr3_test/rtl/pll/ips2l_ddrphy_gpll_v1_3.vp successfully.
Executing : .rtl_analyze -include_path {D:/ZGTC/Work/ccc} D:/ZGTC/Work/ccc/ipcore/ddr3_test/rtl/pll/ips2l_ddrphy_ppll_v1_0.vp
I: Verilog-0001: Analyzing file D:/ZGTC/Work/ccc/ipcore/ddr3_test/rtl/pll/ips2l_ddrphy_ppll_v1_0.vp
I: Verilog-0002: [D:/ZGTC/Work/ccc/ipcore/ddr3_test/rtl/pll/ips2l_ddrphy_ppll_v1_0.vp(line number: 242)] Analyzing module ips2l_ddrphy_ppll_v1_0 (library work)
W: Verilog-2006: [D:/ZGTC/Work/ccc/ipcore/ddr3_test/rtl/pll/ips2l_ddrphy_ppll_v1_0.vp(line number: 261)] Ansi_parameter force parameter in body to localparam
W: Verilog-2006: [D:/ZGTC/Work/ccc/ipcore/ddr3_test/rtl/pll/ips2l_ddrphy_ppll_v1_0.vp(line number: 262)] Ansi_parameter force parameter in body to localparam
W: Verilog-2006: [D:/ZGTC/Work/ccc/ipcore/ddr3_test/rtl/pll/ips2l_ddrphy_ppll_v1_0.vp(line number: 263)] Ansi_parameter force parameter in body to localparam
W: Verilog-2006: [D:/ZGTC/Work/ccc/ipcore/ddr3_test/rtl/pll/ips2l_ddrphy_ppll_v1_0.vp(line number: 264)] Ansi_parameter force parameter in body to localparam
W: Verilog-2006: [D:/ZGTC/Work/ccc/ipcore/ddr3_test/rtl/pll/ips2l_ddrphy_ppll_v1_0.vp(line number: 265)] Ansi_parameter force parameter in body to localparam
Parsing done.
Executing : .rtl_analyze -include_path {D:/ZGTC/Work/ccc} D:/ZGTC/Work/ccc/ipcore/ddr3_test/rtl/pll/ips2l_ddrphy_ppll_v1_0.vp successfully.
Executing : .rtl_analyze -include_path {D:/ZGTC/Work/ccc} D:/ZGTC/Work/ccc/ipcore/ddr3_test/rtl/mcdq_ctrl/ips2l_mcdq_apb_cross_v1_2.vp
I: Verilog-0001: Analyzing file D:/ZGTC/Work/ccc/ipcore/ddr3_test/rtl/mcdq_ctrl/ips2l_mcdq_apb_cross_v1_2.vp
I: Verilog-0002: [D:/ZGTC/Work/ccc/ipcore/ddr3_test/rtl/mcdq_ctrl/ips2l_mcdq_apb_cross_v1_2.vp(line number: 145)] Analyzing module ips2l_mcdq_apb_cross_v1_2 (library work)
Parsing done.
Executing : .rtl_analyze -include_path {D:/ZGTC/Work/ccc} D:/ZGTC/Work/ccc/ipcore/ddr3_test/rtl/mcdq_ctrl/ips2l_mcdq_apb_cross_v1_2.vp successfully.
Executing : .rtl_analyze -include_path {D:/ZGTC/Work/ccc} D:/ZGTC/Work/ccc/ipcore/ddr3_test/rtl/mcdq_ctrl/ips2l_mcdq_calib_delay_v1_2.vp
I: Verilog-0001: Analyzing file D:/ZGTC/Work/ccc/ipcore/ddr3_test/rtl/mcdq_ctrl/ips2l_mcdq_calib_delay_v1_2.vp
I: Verilog-0002: [D:/ZGTC/Work/ccc/ipcore/ddr3_test/rtl/mcdq_ctrl/ips2l_mcdq_calib_delay_v1_2.vp(line number: 101)] Analyzing module ips2l_mcdq_calib_delay_v1_2 (library work)
Parsing done.
Executing : .rtl_analyze -include_path {D:/ZGTC/Work/ccc} D:/ZGTC/Work/ccc/ipcore/ddr3_test/rtl/mcdq_ctrl/ips2l_mcdq_calib_delay_v1_2.vp successfully.
Executing : .rtl_analyze -include_path {D:/ZGTC/Work/ccc} D:/ZGTC/Work/ccc/ipcore/ddr3_test/rtl/mcdq_ctrl/ips2l_mcdq_cfg_apb_v1_2.vp
I: Verilog-0001: Analyzing file D:/ZGTC/Work/ccc/ipcore/ddr3_test/rtl/mcdq_ctrl/ips2l_mcdq_cfg_apb_v1_2.vp
I: Verilog-0002: [D:/ZGTC/Work/ccc/ipcore/ddr3_test/rtl/mcdq_ctrl/ips2l_mcdq_cfg_apb_v1_2.vp(line number: 559)] Analyzing module ips2l_mcdq_cfg_apb_v1_2 (library work)
Parsing done.
Executing : .rtl_analyze -include_path {D:/ZGTC/Work/ccc} D:/ZGTC/Work/ccc/ipcore/ddr3_test/rtl/mcdq_ctrl/ips2l_mcdq_cfg_apb_v1_2.vp successfully.
Executing : .rtl_analyze -include_path {D:/ZGTC/Work/ccc} D:/ZGTC/Work/ccc/ipcore/ddr3_test/rtl/mcdq_ctrl/ips2l_mcdq_dcd_bm_v1_2.vp
I: Verilog-0001: Analyzing file D:/ZGTC/Work/ccc/ipcore/ddr3_test/rtl/mcdq_ctrl/ips2l_mcdq_dcd_bm_v1_2.vp
I: Verilog-0002: [D:/ZGTC/Work/ccc/ipcore/ddr3_test/rtl/mcdq_ctrl/ips2l_mcdq_dcd_bm_v1_2.vp(line number: 243)] Analyzing module ips2l_mcdq_dcd_bm_v1_2 (library work)
Parsing done.
Executing : .rtl_analyze -include_path {D:/ZGTC/Work/ccc} D:/ZGTC/Work/ccc/ipcore/ddr3_test/rtl/mcdq_ctrl/ips2l_mcdq_dcd_bm_v1_2.vp successfully.
Executing : .rtl_analyze -include_path {D:/ZGTC/Work/ccc} D:/ZGTC/Work/ccc/ipcore/ddr3_test/rtl/mcdq_ctrl/ips2l_mcdq_dcd_rowaddr_v1_2.vp
I: Verilog-0001: Analyzing file D:/ZGTC/Work/ccc/ipcore/ddr3_test/rtl/mcdq_ctrl/ips2l_mcdq_dcd_rowaddr_v1_2.vp
I: Verilog-0002: [D:/ZGTC/Work/ccc/ipcore/ddr3_test/rtl/mcdq_ctrl/ips2l_mcdq_dcd_rowaddr_v1_2.vp(line number: 76)] Analyzing module ips2l_mcdq_dcd_rowaddr_v1_2 (library work)
Parsing done.
Executing : .rtl_analyze -include_path {D:/ZGTC/Work/ccc} D:/ZGTC/Work/ccc/ipcore/ddr3_test/rtl/mcdq_ctrl/ips2l_mcdq_dcd_rowaddr_v1_2.vp successfully.
Executing : .rtl_analyze -include_path {D:/ZGTC/Work/ccc} D:/ZGTC/Work/ccc/ipcore/ddr3_test/rtl/mcdq_ctrl/ips2l_mcdq_dcd_sm_v1_2.vp
I: Verilog-0001: Analyzing file D:/ZGTC/Work/ccc/ipcore/ddr3_test/rtl/mcdq_ctrl/ips2l_mcdq_dcd_sm_v1_2.vp
I: Verilog-0002: [D:/ZGTC/Work/ccc/ipcore/ddr3_test/rtl/mcdq_ctrl/ips2l_mcdq_dcd_sm_v1_2.vp(line number: 209)] Analyzing module ips2l_mcdq_dcd_sm_v1_2 (library work)
Parsing done.
Executing : .rtl_analyze -include_path {D:/ZGTC/Work/ccc} D:/ZGTC/Work/ccc/ipcore/ddr3_test/rtl/mcdq_ctrl/ips2l_mcdq_dcd_sm_v1_2.vp successfully.
Executing : .rtl_analyze -include_path {D:/ZGTC/Work/ccc} D:/ZGTC/Work/ccc/ipcore/ddr3_test/rtl/mcdq_ctrl/ips2l_mcdq_dcd_top_v1_2.vp
I: Verilog-0001: Analyzing file D:/ZGTC/Work/ccc/ipcore/ddr3_test/rtl/mcdq_ctrl/ips2l_mcdq_dcd_top_v1_2.vp
I: Verilog-0002: [D:/ZGTC/Work/ccc/ipcore/ddr3_test/rtl/mcdq_ctrl/ips2l_mcdq_dcd_top_v1_2.vp(line number: 174)] Analyzing module ips2l_mcdq_dcd_top_v1_2 (library work)
Parsing done.
Executing : .rtl_analyze -include_path {D:/ZGTC/Work/ccc} D:/ZGTC/Work/ccc/ipcore/ddr3_test/rtl/mcdq_ctrl/ips2l_mcdq_dcd_top_v1_2.vp successfully.
Executing : .rtl_analyze -include_path {D:/ZGTC/Work/ccc} D:/ZGTC/Work/ccc/ipcore/ddr3_test/rtl/mcdq_ctrl/ips2l_mcdq_dcp_back_ctrl_v1_2.vp
I: Verilog-0001: Analyzing file D:/ZGTC/Work/ccc/ipcore/ddr3_test/rtl/mcdq_ctrl/ips2l_mcdq_dcp_back_ctrl_v1_2.vp
I: Verilog-0002: [D:/ZGTC/Work/ccc/ipcore/ddr3_test/rtl/mcdq_ctrl/ips2l_mcdq_dcp_back_ctrl_v1_2.vp(line number: 643)] Analyzing module ips2l_mcdq_dcp_back_ctrl_v1_2 (library work)
Parsing done.
Executing : .rtl_analyze -include_path {D:/ZGTC/Work/ccc} D:/ZGTC/Work/ccc/ipcore/ddr3_test/rtl/mcdq_ctrl/ips2l_mcdq_dcp_back_ctrl_v1_2.vp successfully.
Executing : .rtl_analyze -include_path {D:/ZGTC/Work/ccc} D:/ZGTC/Work/ccc/ipcore/ddr3_test/rtl/mcdq_ctrl/ips2l_mcdq_dcp_buf_v1_2.vp
I: Verilog-0001: Analyzing file D:/ZGTC/Work/ccc/ipcore/ddr3_test/rtl/mcdq_ctrl/ips2l_mcdq_dcp_buf_v1_2.vp
I: Verilog-0002: [D:/ZGTC/Work/ccc/ipcore/ddr3_test/rtl/mcdq_ctrl/ips2l_mcdq_dcp_buf_v1_2.vp(line number: 298)] Analyzing module ips2l_mcdq_dcp_buf_v1_2 (library work)
Parsing done.
Executing : .rtl_analyze -include_path {D:/ZGTC/Work/ccc} D:/ZGTC/Work/ccc/ipcore/ddr3_test/rtl/mcdq_ctrl/ips2l_mcdq_dcp_buf_v1_2.vp successfully.
Executing : .rtl_analyze -include_path {D:/ZGTC/Work/ccc} D:/ZGTC/Work/ccc/ipcore/ddr3_test/rtl/mcdq_ctrl/ips2l_mcdq_dcp_out_v1_2.vp
I: Verilog-0001: Analyzing file D:/ZGTC/Work/ccc/ipcore/ddr3_test/rtl/mcdq_ctrl/ips2l_mcdq_dcp_out_v1_2.vp
I: Verilog-0002: [D:/ZGTC/Work/ccc/ipcore/ddr3_test/rtl/mcdq_ctrl/ips2l_mcdq_dcp_out_v1_2.vp(line number: 210)] Analyzing module ips2l_mcdq_dcp_out_v1_2 (library work)
Parsing done.
Executing : .rtl_analyze -include_path {D:/ZGTC/Work/ccc} D:/ZGTC/Work/ccc/ipcore/ddr3_test/rtl/mcdq_ctrl/ips2l_mcdq_dcp_out_v1_2.vp successfully.
Executing : .rtl_analyze -include_path {D:/ZGTC/Work/ccc} D:/ZGTC/Work/ccc/ipcore/ddr3_test/rtl/mcdq_ctrl/ips2l_mcdq_dcp_top_v1_2.vp
I: Verilog-0001: Analyzing file D:/ZGTC/Work/ccc/ipcore/ddr3_test/rtl/mcdq_ctrl/ips2l_mcdq_dcp_top_v1_2.vp
I: Verilog-0002: [D:/ZGTC/Work/ccc/ipcore/ddr3_test/rtl/mcdq_ctrl/ips2l_mcdq_dcp_top_v1_2.vp(line number: 329)] Analyzing module ips2l_mcdq_dcp_top_v1_2 (library work)
Parsing done.
Executing : .rtl_analyze -include_path {D:/ZGTC/Work/ccc} D:/ZGTC/Work/ccc/ipcore/ddr3_test/rtl/mcdq_ctrl/ips2l_mcdq_dcp_top_v1_2.vp successfully.
Executing : .rtl_analyze -include_path {D:/ZGTC/Work/ccc} D:/ZGTC/Work/ccc/ipcore/ddr3_test/rtl/mcdq_ctrl/ips2l_mcdq_dfi_v1_2.vp
I: Verilog-0001: Analyzing file D:/ZGTC/Work/ccc/ipcore/ddr3_test/rtl/mcdq_ctrl/ips2l_mcdq_dfi_v1_2.vp
I: Verilog-0002: [D:/ZGTC/Work/ccc/ipcore/ddr3_test/rtl/mcdq_ctrl/ips2l_mcdq_dfi_v1_2.vp(line number: 432)] Analyzing module ips2l_mcdq_dfi_v1_2 (library work)
Parsing done.
Executing : .rtl_analyze -include_path {D:/ZGTC/Work/ccc} D:/ZGTC/Work/ccc/ipcore/ddr3_test/rtl/mcdq_ctrl/ips2l_mcdq_dfi_v1_2.vp successfully.
Executing : .rtl_analyze -include_path {D:/ZGTC/Work/ccc} D:/ZGTC/Work/ccc/ipcore/ddr3_test/rtl/mcdq_ctrl/ips2l_mcdq_lp_v1_2.vp
I: Verilog-0001: Analyzing file D:/ZGTC/Work/ccc/ipcore/ddr3_test/rtl/mcdq_ctrl/ips2l_mcdq_lp_v1_2.vp
I: Verilog-0002: [D:/ZGTC/Work/ccc/ipcore/ddr3_test/rtl/mcdq_ctrl/ips2l_mcdq_lp_v1_2.vp(line number: 315)] Analyzing module ips2l_mcdq_lp_v1_2 (library work)
Parsing done.
Executing : .rtl_analyze -include_path {D:/ZGTC/Work/ccc} D:/ZGTC/Work/ccc/ipcore/ddr3_test/rtl/mcdq_ctrl/ips2l_mcdq_lp_v1_2.vp successfully.
Executing : .rtl_analyze -include_path {D:/ZGTC/Work/ccc} D:/ZGTC/Work/ccc/ipcore/ddr3_test/rtl/mcdq_ctrl/ips2l_mcdq_mrs_v1_2.vp
I: Verilog-0001: Analyzing file D:/ZGTC/Work/ccc/ipcore/ddr3_test/rtl/mcdq_ctrl/ips2l_mcdq_mrs_v1_2.vp
I: Verilog-0002: [D:/ZGTC/Work/ccc/ipcore/ddr3_test/rtl/mcdq_ctrl/ips2l_mcdq_mrs_v1_2.vp(line number: 321)] Analyzing module ips2l_mcdq_mrs_v1_2 (library work)
Parsing done.
Executing : .rtl_analyze -include_path {D:/ZGTC/Work/ccc} D:/ZGTC/Work/ccc/ipcore/ddr3_test/rtl/mcdq_ctrl/ips2l_mcdq_mrs_v1_2.vp successfully.
Executing : .rtl_analyze -include_path {D:/ZGTC/Work/ccc} D:/ZGTC/Work/ccc/ipcore/ddr3_test/rtl/mcdq_ctrl/ips2l_mcdq_prefetch_fifo_v1_2.vp
I: Verilog-0001: Analyzing file D:/ZGTC/Work/ccc/ipcore/ddr3_test/rtl/mcdq_ctrl/ips2l_mcdq_prefetch_fifo_v1_2.vp
I: Verilog-0002: [D:/ZGTC/Work/ccc/ipcore/ddr3_test/rtl/mcdq_ctrl/ips2l_mcdq_prefetch_fifo_v1_2.vp(line number: 95)] Analyzing module ips2l_mcdq_prefetch_fifo_v1_2 (library work)
Parsing done.
Executing : .rtl_analyze -include_path {D:/ZGTC/Work/ccc} D:/ZGTC/Work/ccc/ipcore/ddr3_test/rtl/mcdq_ctrl/ips2l_mcdq_prefetch_fifo_v1_2.vp successfully.
Executing : .rtl_analyze -include_path {D:/ZGTC/Work/ccc} D:/ZGTC/Work/ccc/ipcore/ddr3_test/rtl/mcdq_ctrl/ips2l_mcdq_rdatapath_v1_2.vp
I: Verilog-0001: Analyzing file D:/ZGTC/Work/ccc/ipcore/ddr3_test/rtl/mcdq_ctrl/ips2l_mcdq_rdatapath_v1_2.vp
I: Verilog-0002: [D:/ZGTC/Work/ccc/ipcore/ddr3_test/rtl/mcdq_ctrl/ips2l_mcdq_rdatapath_v1_2.vp(line number: 83)] Analyzing module ips2l_mcdq_rdatapath_v1_2 (library work)
Parsing done.
Executing : .rtl_analyze -include_path {D:/ZGTC/Work/ccc} D:/ZGTC/Work/ccc/ipcore/ddr3_test/rtl/mcdq_ctrl/ips2l_mcdq_rdatapath_v1_2.vp successfully.
Executing : .rtl_analyze -include_path {D:/ZGTC/Work/ccc} D:/ZGTC/Work/ccc/ipcore/ddr3_test/rtl/mcdq_ctrl/ips2l_mcdq_reg_fifo2_v1_2.vp
I: Verilog-0001: Analyzing file D:/ZGTC/Work/ccc/ipcore/ddr3_test/rtl/mcdq_ctrl/ips2l_mcdq_reg_fifo2_v1_2.vp
I: Verilog-0002: [D:/ZGTC/Work/ccc/ipcore/ddr3_test/rtl/mcdq_ctrl/ips2l_mcdq_reg_fifo2_v1_2.vp(line number: 78)] Analyzing module ips2l_mcdq_reg_fifo2_v1_2 (library work)
Parsing done.
Executing : .rtl_analyze -include_path {D:/ZGTC/Work/ccc} D:/ZGTC/Work/ccc/ipcore/ddr3_test/rtl/mcdq_ctrl/ips2l_mcdq_reg_fifo2_v1_2.vp successfully.
Executing : .rtl_analyze -include_path {D:/ZGTC/Work/ccc} D:/ZGTC/Work/ccc/ipcore/ddr3_test/rtl/mcdq_ctrl/ips2l_mcdq_ui_axi_v1_2a.vp
I: Verilog-0001: Analyzing file D:/ZGTC/Work/ccc/ipcore/ddr3_test/rtl/mcdq_ctrl/ips2l_mcdq_ui_axi_v1_2a.vp
I: Verilog-0002: [D:/ZGTC/Work/ccc/ipcore/ddr3_test/rtl/mcdq_ctrl/ips2l_mcdq_ui_axi_v1_2a.vp(line number: 271)] Analyzing module ips2l_mcdq_ui_axi_v1_2a (library work)
Parsing done.
Executing : .rtl_analyze -include_path {D:/ZGTC/Work/ccc} D:/ZGTC/Work/ccc/ipcore/ddr3_test/rtl/mcdq_ctrl/ips2l_mcdq_ui_axi_v1_2a.vp successfully.
Executing : .rtl_analyze -include_path {D:/ZGTC/Work/ccc} D:/ZGTC/Work/ccc/ipcore/ddr3_test/rtl/mcdq_ctrl/ips2l_mcdq_wdatapath_v1_2.vp
I: Verilog-0001: Analyzing file D:/ZGTC/Work/ccc/ipcore/ddr3_test/rtl/mcdq_ctrl/ips2l_mcdq_wdatapath_v1_2.vp
I: Verilog-0002: [D:/ZGTC/Work/ccc/ipcore/ddr3_test/rtl/mcdq_ctrl/ips2l_mcdq_wdatapath_v1_2.vp(line number: 171)] Analyzing module ips2l_mcdq_wdatapath_v1_2 (library work)
Parsing done.
Executing : .rtl_analyze -include_path {D:/ZGTC/Work/ccc} D:/ZGTC/Work/ccc/ipcore/ddr3_test/rtl/mcdq_ctrl/ips2l_mcdq_wdatapath_v1_2.vp successfully.
Executing : .rtl_analyze -include_path {D:/ZGTC/Work/ccc} D:/ZGTC/Work/ccc/ipcore/ddr3_test/rtl/mcdq_ctrl/ips2l_mcdq_wdp_align_v1_2.vp
I: Verilog-0001: Analyzing file D:/ZGTC/Work/ccc/ipcore/ddr3_test/rtl/mcdq_ctrl/ips2l_mcdq_wdp_align_v1_2.vp
I: Verilog-0002: [D:/ZGTC/Work/ccc/ipcore/ddr3_test/rtl/mcdq_ctrl/ips2l_mcdq_wdp_align_v1_2.vp(line number: 140)] Analyzing module ips2l_mcdq_wdp_align_v1_2 (library work)
Parsing done.
Executing : .rtl_analyze -include_path {D:/ZGTC/Work/ccc} D:/ZGTC/Work/ccc/ipcore/ddr3_test/rtl/mcdq_ctrl/ips2l_mcdq_wdp_align_v1_2.vp successfully.
Executing : .rtl_analyze -include_path {D:/ZGTC/Work/ccc} D:/ZGTC/Work/ccc/ipcore/ddr3_test/rtl/mcdq_ctrl/ips2l_mcdq_wdp_dcp_v1_2.vp
I: Verilog-0001: Analyzing file D:/ZGTC/Work/ccc/ipcore/ddr3_test/rtl/mcdq_ctrl/ips2l_mcdq_wdp_dcp_v1_2.vp
I: Verilog-0002: [D:/ZGTC/Work/ccc/ipcore/ddr3_test/rtl/mcdq_ctrl/ips2l_mcdq_wdp_dcp_v1_2.vp(line number: 133)] Analyzing module ips2l_mcdq_wdp_dcp_v1_2 (library work)
Parsing done.
Executing : .rtl_analyze -include_path {D:/ZGTC/Work/ccc} D:/ZGTC/Work/ccc/ipcore/ddr3_test/rtl/mcdq_ctrl/ips2l_mcdq_wdp_dcp_v1_2.vp successfully.
Executing : .rtl_analyze -include_path {D:/ZGTC/Work/ccc} D:/ZGTC/Work/ccc/ipcore/ddr3_test/rtl/mcdq_ctrl/ips2l_mcdq_wrapper_v1_2b.vp
I: Verilog-0001: Analyzing file D:/ZGTC/Work/ccc/ipcore/ddr3_test/rtl/mcdq_ctrl/ips2l_mcdq_wrapper_v1_2b.vp
I: Verilog-0002: [D:/ZGTC/Work/ccc/ipcore/ddr3_test/rtl/mcdq_ctrl/ips2l_mcdq_wrapper_v1_2b.vp(line number: 619)] Analyzing module ips2l_mcdq_wrapper_v1_2b (library work)
Parsing done.
Executing : .rtl_analyze -include_path {D:/ZGTC/Work/ccc} D:/ZGTC/Work/ccc/ipcore/ddr3_test/rtl/mcdq_ctrl/ips2l_mcdq_wrapper_v1_2b.vp successfully.
Executing : .rtl_analyze -include_path {D:/ZGTC/Work/ccc} D:/ZGTC/Work/ccc/ipcore/ddr3_test/rtl/mcdq_ctrl/syn_mod/ips2l_mcdq_com_timing_v1_2.vp
I: Verilog-0001: Analyzing file D:/ZGTC/Work/ccc/ipcore/ddr3_test/rtl/mcdq_ctrl/syn_mod/ips2l_mcdq_com_timing_v1_2.vp
I: Verilog-0002: [D:/ZGTC/Work/ccc/ipcore/ddr3_test/rtl/mcdq_ctrl/syn_mod/ips2l_mcdq_com_timing_v1_2.vp(line number: 102)] Analyzing module ips2l_mcdq_com_timing_v1_2 (library work)
Parsing done.
Executing : .rtl_analyze -include_path {D:/ZGTC/Work/ccc} D:/ZGTC/Work/ccc/ipcore/ddr3_test/rtl/mcdq_ctrl/syn_mod/ips2l_mcdq_com_timing_v1_2.vp successfully.
Executing : .rtl_analyze -include_path {D:/ZGTC/Work/ccc} D:/ZGTC/Work/ccc/ipcore/ddr3_test/rtl/mcdq_ctrl/syn_mod/ips2l_mcdq_tfaw_timing_v1_2.vp
I: Verilog-0001: Analyzing file D:/ZGTC/Work/ccc/ipcore/ddr3_test/rtl/mcdq_ctrl/syn_mod/ips2l_mcdq_tfaw_timing_v1_2.vp
I: Verilog-0002: [D:/ZGTC/Work/ccc/ipcore/ddr3_test/rtl/mcdq_ctrl/syn_mod/ips2l_mcdq_tfaw_timing_v1_2.vp(line number: 128)] Analyzing module ips2l_mcdq_tfaw_timing_v1_2 (library work)
Parsing done.
Executing : .rtl_analyze -include_path {D:/ZGTC/Work/ccc} D:/ZGTC/Work/ccc/ipcore/ddr3_test/rtl/mcdq_ctrl/syn_mod/ips2l_mcdq_tfaw_timing_v1_2.vp successfully.
Executing : .rtl_analyze -include_path {D:/ZGTC/Work/ccc} D:/ZGTC/Work/ccc/ipcore/ddr3_test/rtl/mcdq_ctrl/syn_mod/ips2l_mcdq_tfaw_v1_2.vp
I: Verilog-0001: Analyzing file D:/ZGTC/Work/ccc/ipcore/ddr3_test/rtl/mcdq_ctrl/syn_mod/ips2l_mcdq_tfaw_v1_2.vp
I: Verilog-0002: [D:/ZGTC/Work/ccc/ipcore/ddr3_test/rtl/mcdq_ctrl/syn_mod/ips2l_mcdq_tfaw_v1_2.vp(line number: 68)] Analyzing module ips2l_mcdq_tfaw_v1_2 (library work)
Parsing done.
Executing : .rtl_analyze -include_path {D:/ZGTC/Work/ccc} D:/ZGTC/Work/ccc/ipcore/ddr3_test/rtl/mcdq_ctrl/syn_mod/ips2l_mcdq_tfaw_v1_2.vp successfully.
Executing : .rtl_analyze -include_path {D:/ZGTC/Work/ccc} D:/ZGTC/Work/ccc/ipcore/ddr3_test/rtl/mcdq_ctrl/syn_mod/ips2l_mcdq_timing_act2wr_pass_v1_2.vp
I: Verilog-0001: Analyzing file D:/ZGTC/Work/ccc/ipcore/ddr3_test/rtl/mcdq_ctrl/syn_mod/ips2l_mcdq_timing_act2wr_pass_v1_2.vp
I: Verilog-0002: [D:/ZGTC/Work/ccc/ipcore/ddr3_test/rtl/mcdq_ctrl/syn_mod/ips2l_mcdq_timing_act2wr_pass_v1_2.vp(line number: 115)] Analyzing module ips2l_mcdq_timing_act2wr_pass_v1_2 (library work)
Parsing done.
Executing : .rtl_analyze -include_path {D:/ZGTC/Work/ccc} D:/ZGTC/Work/ccc/ipcore/ddr3_test/rtl/mcdq_ctrl/syn_mod/ips2l_mcdq_timing_act2wr_pass_v1_2.vp successfully.
Executing : .rtl_analyze -include_path {D:/ZGTC/Work/ccc} D:/ZGTC/Work/ccc/ipcore/ddr3_test/rtl/mcdq_ctrl/syn_mod/ips2l_mcdq_timing_act_pass_v1_2.vp
I: Verilog-0001: Analyzing file D:/ZGTC/Work/ccc/ipcore/ddr3_test/rtl/mcdq_ctrl/syn_mod/ips2l_mcdq_timing_act_pass_v1_2.vp
I: Verilog-0002: [D:/ZGTC/Work/ccc/ipcore/ddr3_test/rtl/mcdq_ctrl/syn_mod/ips2l_mcdq_timing_act_pass_v1_2.vp(line number: 92)] Analyzing module ips2l_mcdq_timing_act_pass_v1_2 (library work)
Parsing done.
Executing : .rtl_analyze -include_path {D:/ZGTC/Work/ccc} D:/ZGTC/Work/ccc/ipcore/ddr3_test/rtl/mcdq_ctrl/syn_mod/ips2l_mcdq_timing_act_pass_v1_2.vp successfully.
Executing : .rtl_analyze -include_path {D:/ZGTC/Work/ccc} D:/ZGTC/Work/ccc/ipcore/ddr3_test/rtl/mcdq_ctrl/syn_mod/ips2l_mcdq_timing_pre_pass_v1_2.vp
I: Verilog-0001: Analyzing file D:/ZGTC/Work/ccc/ipcore/ddr3_test/rtl/mcdq_ctrl/syn_mod/ips2l_mcdq_timing_pre_pass_v1_2.vp
I: Verilog-0002: [D:/ZGTC/Work/ccc/ipcore/ddr3_test/rtl/mcdq_ctrl/syn_mod/ips2l_mcdq_timing_pre_pass_v1_2.vp(line number: 148)] Analyzing module ips2l_mcdq_timing_pre_pass_v1_2 (library work)
Parsing done.
Executing : .rtl_analyze -include_path {D:/ZGTC/Work/ccc} D:/ZGTC/Work/ccc/ipcore/ddr3_test/rtl/mcdq_ctrl/syn_mod/ips2l_mcdq_timing_pre_pass_v1_2.vp successfully.
Executing : .rtl_analyze -include_path {D:/ZGTC/Work/ccc} D:/ZGTC/Work/ccc/ipcore/ddr3_test/rtl/mcdq_ctrl/syn_mod/ips2l_mcdq_timing_rd_pass_v1_2.vp
I: Verilog-0001: Analyzing file D:/ZGTC/Work/ccc/ipcore/ddr3_test/rtl/mcdq_ctrl/syn_mod/ips2l_mcdq_timing_rd_pass_v1_2.vp
I: Verilog-0002: [D:/ZGTC/Work/ccc/ipcore/ddr3_test/rtl/mcdq_ctrl/syn_mod/ips2l_mcdq_timing_rd_pass_v1_2.vp(line number: 128)] Analyzing module ips2l_mcdq_timing_rd_pass_v1_2 (library work)
Parsing done.
Executing : .rtl_analyze -include_path {D:/ZGTC/Work/ccc} D:/ZGTC/Work/ccc/ipcore/ddr3_test/rtl/mcdq_ctrl/syn_mod/ips2l_mcdq_timing_rd_pass_v1_2.vp successfully.
Executing : .rtl_analyze -include_path {D:/ZGTC/Work/ccc} D:/ZGTC/Work/ccc/ipcore/ddr3_test/rtl/mcdq_ctrl/syn_mod/ips2l_mcdq_timing_ref_pass_v1_2.vp
I: Verilog-0001: Analyzing file D:/ZGTC/Work/ccc/ipcore/ddr3_test/rtl/mcdq_ctrl/syn_mod/ips2l_mcdq_timing_ref_pass_v1_2.vp
I: Verilog-0002: [D:/ZGTC/Work/ccc/ipcore/ddr3_test/rtl/mcdq_ctrl/syn_mod/ips2l_mcdq_timing_ref_pass_v1_2.vp(line number: 90)] Analyzing module ips2l_mcdq_timing_ref_pass_v1_2 (library work)
Parsing done.
Executing : .rtl_analyze -include_path {D:/ZGTC/Work/ccc} D:/ZGTC/Work/ccc/ipcore/ddr3_test/rtl/mcdq_ctrl/syn_mod/ips2l_mcdq_timing_ref_pass_v1_2.vp successfully.
Executing : .rtl_analyze -include_path {D:/ZGTC/Work/ccc} D:/ZGTC/Work/ccc/ipcore/ddr3_test/rtl/mcdq_ctrl/syn_mod/ips2l_mcdq_timing_wr_pass_v1_2.vp
I: Verilog-0001: Analyzing file D:/ZGTC/Work/ccc/ipcore/ddr3_test/rtl/mcdq_ctrl/syn_mod/ips2l_mcdq_timing_wr_pass_v1_2.vp
I: Verilog-0002: [D:/ZGTC/Work/ccc/ipcore/ddr3_test/rtl/mcdq_ctrl/syn_mod/ips2l_mcdq_timing_wr_pass_v1_2.vp(line number: 127)] Analyzing module ips2l_mcdq_timing_wr_pass_v1_2 (library work)
Parsing done.
Executing : .rtl_analyze -include_path {D:/ZGTC/Work/ccc} D:/ZGTC/Work/ccc/ipcore/ddr3_test/rtl/mcdq_ctrl/syn_mod/ips2l_mcdq_timing_wr_pass_v1_2.vp successfully.
Executing : .rtl_analyze -include_path {D:/ZGTC/Work/ccc} D:/ZGTC/Work/ccc/ipcore/ddr3_test/rtl/mcdq_ctrl/syn_mod/ips2l_mcdq_trc_timing_v1_2.vp
I: Verilog-0001: Analyzing file D:/ZGTC/Work/ccc/ipcore/ddr3_test/rtl/mcdq_ctrl/syn_mod/ips2l_mcdq_trc_timing_v1_2.vp
I: Verilog-0002: [D:/ZGTC/Work/ccc/ipcore/ddr3_test/rtl/mcdq_ctrl/syn_mod/ips2l_mcdq_trc_timing_v1_2.vp(line number: 149)] Analyzing module ips2l_mcdq_trc_timing_v1_2 (library work)
Parsing done.
Executing : .rtl_analyze -include_path {D:/ZGTC/Work/ccc} D:/ZGTC/Work/ccc/ipcore/ddr3_test/rtl/mcdq_ctrl/syn_mod/ips2l_mcdq_trc_timing_v1_2.vp successfully.
Executing : .rtl_analyze -include_path {D:/ZGTC/Work/ccc} D:/ZGTC/Work/ccc/ipcore/ddr3_test/rtl/mcdq_ctrl/distributed_fifo/ips2l_distributed_fifo_v1_0.vp
I: Verilog-0001: Analyzing file D:/ZGTC/Work/ccc/ipcore/ddr3_test/rtl/mcdq_ctrl/distributed_fifo/ips2l_distributed_fifo_v1_0.vp
I: Verilog-0002: [D:/ZGTC/Work/ccc/ipcore/ddr3_test/rtl/mcdq_ctrl/distributed_fifo/ips2l_distributed_fifo_v1_0.vp(line number: 130)] Analyzing module ips2l_distributed_fifo_v1_0 (library work)
Parsing done.
Executing : .rtl_analyze -include_path {D:/ZGTC/Work/ccc} D:/ZGTC/Work/ccc/ipcore/ddr3_test/rtl/mcdq_ctrl/distributed_fifo/ips2l_distributed_fifo_v1_0.vp successfully.
Executing : .rtl_analyze -include_path {D:/ZGTC/Work/ccc} D:/ZGTC/Work/ccc/ipcore/ddr3_test/rtl/mcdq_ctrl/distributed_fifo/rtl/ips2l_distributed_fifo_ctr_v1_0.vp
I: Verilog-0001: Analyzing file D:/ZGTC/Work/ccc/ipcore/ddr3_test/rtl/mcdq_ctrl/distributed_fifo/rtl/ips2l_distributed_fifo_ctr_v1_0.vp
I: Verilog-0002: [D:/ZGTC/Work/ccc/ipcore/ddr3_test/rtl/mcdq_ctrl/distributed_fifo/rtl/ips2l_distributed_fifo_ctr_v1_0.vp(line number: 269)] Analyzing module ips2l_distributed_fifo_ctr_v1_0 (library work)
Parsing done.
Executing : .rtl_analyze -include_path {D:/ZGTC/Work/ccc} D:/ZGTC/Work/ccc/ipcore/ddr3_test/rtl/mcdq_ctrl/distributed_fifo/rtl/ips2l_distributed_fifo_ctr_v1_0.vp successfully.
Executing : .rtl_analyze -include_path {D:/ZGTC/Work/ccc} D:/ZGTC/Work/ccc/ipcore/ddr3_test/rtl/mcdq_ctrl/distributed_fifo/rtl/ips2l_distributed_fifo_v1_0_distributed_fifo_v1_0.vp
I: Verilog-0001: Analyzing file D:/ZGTC/Work/ccc/ipcore/ddr3_test/rtl/mcdq_ctrl/distributed_fifo/rtl/ips2l_distributed_fifo_v1_0_distributed_fifo_v1_0.vp
I: Verilog-0002: [D:/ZGTC/Work/ccc/ipcore/ddr3_test/rtl/mcdq_ctrl/distributed_fifo/rtl/ips2l_distributed_fifo_v1_0_distributed_fifo_v1_0.vp(line number: 130)] Analyzing module ips2l_distributed_fifo_v1_0_distributed_fifo_v1_0 (library work)
Parsing done.
Executing : .rtl_analyze -include_path {D:/ZGTC/Work/ccc} D:/ZGTC/Work/ccc/ipcore/ddr3_test/rtl/mcdq_ctrl/distributed_fifo/rtl/ips2l_distributed_fifo_v1_0_distributed_fifo_v1_0.vp successfully.
Executing : .rtl_analyze -include_path {D:/ZGTC/Work/ccc} D:/ZGTC/Work/ccc/ipcore/ddr3_test/rtl/mcdq_ctrl/distributed_fifo/rtl/ips2l_distributed_sdpram_v1_0_distributed_fifo_v1_0.vp
I: Verilog-0001: Analyzing file D:/ZGTC/Work/ccc/ipcore/ddr3_test/rtl/mcdq_ctrl/distributed_fifo/rtl/ips2l_distributed_sdpram_v1_0_distributed_fifo_v1_0.vp
I: Verilog-0002: [D:/ZGTC/Work/ccc/ipcore/ddr3_test/rtl/mcdq_ctrl/distributed_fifo/rtl/ips2l_distributed_sdpram_v1_0_distributed_fifo_v1_0.vp(line number: 120)] Analyzing module ips2l_distributed_sdpram_v1_0_distributed_fifo_v1_0 (library work)
I: [D:/ZGTC/Work/ccc/ipcore/ddr3_test/rtl/mcdq_ctrl/distributed_fifo/rtl/ips2l_distributed_sdpram_v1_0_distributed_fifo_v1_0.vp(line number: 129)] Convert attribute name from syn_ramstyle to PAP_RAM_STYLE
Parsing done.
Executing : .rtl_analyze -include_path {D:/ZGTC/Work/ccc} D:/ZGTC/Work/ccc/ipcore/ddr3_test/rtl/mcdq_ctrl/distributed_fifo/rtl/ips2l_distributed_sdpram_v1_0_distributed_fifo_v1_0.vp successfully.
Executing : .rtl_analyze -include_path {D:/ZGTC/Work/ccc} D:/ZGTC/Work/ccc/ipcore/ddr3_test/ddr3_test.v
I: Verilog-0001: Analyzing file D:/ZGTC/Work/ccc/ipcore/ddr3_test/ddr3_test.v
I: Verilog-0002: [D:/ZGTC/Work/ccc/ipcore/ddr3_test/ddr3_test.v(line number: 12)] Analyzing module ddr3_test (library work)
Parsing done.
Executing : .rtl_analyze -include_path {D:/ZGTC/Work/ccc} D:/ZGTC/Work/ccc/ipcore/ddr3_test/ddr3_test.v successfully.
Executing : .rtl_analyze -include_path {D:/ZGTC/Work/ccc} D:/ZGTC/Work/ccc/ipcore/ddr3_test/ddr3_test_ddrphy_top.v
I: Verilog-0001: Analyzing file D:/ZGTC/Work/ccc/ipcore/ddr3_test/ddr3_test_ddrphy_top.v
I: Verilog-0002: [D:/ZGTC/Work/ccc/ipcore/ddr3_test/ddr3_test_ddrphy_top.v(line number: 12)] Analyzing module ddr3_test_ddrphy_top (library work)
Parsing done.
Executing : .rtl_analyze -include_path {D:/ZGTC/Work/ccc} D:/ZGTC/Work/ccc/ipcore/ddr3_test/ddr3_test_ddrphy_top.v successfully.
Executing : .rtl_analyze -include_path {D:/ZGTC/Work/ccc} D:/ZGTC/Work/ccc/ipcore/ddr3_test/rtl/ddrphy/ddr3_test_slice_top_v1_10.v
I: Verilog-0001: Analyzing file D:/ZGTC/Work/ccc/ipcore/ddr3_test/rtl/ddrphy/ddr3_test_slice_top_v1_10.v
I: Verilog-0002: [D:/ZGTC/Work/ccc/ipcore/ddr3_test/rtl/ddrphy/ddr3_test_slice_top_v1_10.v(line number: 12)] Analyzing module ddr3_test_slice_top_v1_10 (library work)
Parsing done.
Executing : .rtl_analyze -include_path {D:/ZGTC/Work/ccc} D:/ZGTC/Work/ccc/ipcore/ddr3_test/rtl/ddrphy/ddr3_test_slice_top_v1_10.v successfully.
Executing : .rtl_analyze -include_path {D:/ZGTC/Work/ccc} D:/ZGTC/Work/ccc/ipcore/fifo_line_buf/rtl/ipm2l_fifo_ctrl_v1_1_fifo_line_buf.v
I: Verilog-0001: Analyzing file D:/ZGTC/Work/ccc/ipcore/fifo_line_buf/rtl/ipm2l_fifo_ctrl_v1_1_fifo_line_buf.v
I: Verilog-0002: [D:/ZGTC/Work/ccc/ipcore/fifo_line_buf/rtl/ipm2l_fifo_ctrl_v1_1_fifo_line_buf.v(line number: 18)] Analyzing module ipm2l_fifo_ctrl_v1_1_fifo_line_buf (library work)
I: [D:/ZGTC/Work/ccc/ipcore/fifo_line_buf/rtl/ipm2l_fifo_ctrl_v1_1_fifo_line_buf.v(line number: 46)] Convert attribute name from syn_preserve to PAP_PRESERVE
I: [D:/ZGTC/Work/ccc/ipcore/fifo_line_buf/rtl/ipm2l_fifo_ctrl_v1_1_fifo_line_buf.v(line number: 48)] Convert attribute name from syn_preserve to PAP_PRESERVE
I: [D:/ZGTC/Work/ccc/ipcore/fifo_line_buf/rtl/ipm2l_fifo_ctrl_v1_1_fifo_line_buf.v(line number: 59)] Convert attribute name from syn_preserve to PAP_PRESERVE
I: [D:/ZGTC/Work/ccc/ipcore/fifo_line_buf/rtl/ipm2l_fifo_ctrl_v1_1_fifo_line_buf.v(line number: 61)] Convert attribute name from syn_preserve to PAP_PRESERVE
Parsing done.
Executing : .rtl_analyze -include_path {D:/ZGTC/Work/ccc} D:/ZGTC/Work/ccc/ipcore/fifo_line_buf/rtl/ipm2l_fifo_ctrl_v1_1_fifo_line_buf.v successfully.
Executing : .rtl_analyze -include_path {D:/ZGTC/Work/ccc} D:/ZGTC/Work/ccc/ipcore/fifo_line_buf/rtl/ipm2l_sdpram_v1_10_fifo_line_buf.v
I: Verilog-0001: Analyzing file D:/ZGTC/Work/ccc/ipcore/fifo_line_buf/rtl/ipm2l_sdpram_v1_10_fifo_line_buf.v
I: Verilog-0002: [D:/ZGTC/Work/ccc/ipcore/fifo_line_buf/rtl/ipm2l_sdpram_v1_10_fifo_line_buf.v(line number: 18)] Analyzing module ipm2l_sdpram_v1_10_fifo_line_buf (library work)
W: Verilog-2008: [D:/ZGTC/Work/ccc/ipcore/fifo_line_buf/rtl/ipm2l_sdpram_v1_10_fifo_line_buf.v(line number: 349)] Ignore 'system task' $display
W: Verilog-2008: [D:/ZGTC/Work/ccc/ipcore/fifo_line_buf/rtl/ipm2l_sdpram_v1_10_fifo_line_buf.v(line number: 350)] Ignore 'system task' $finish
W: Verilog-2008: [D:/ZGTC/Work/ccc/ipcore/fifo_line_buf/rtl/ipm2l_sdpram_v1_10_fifo_line_buf.v(line number: 353)] Ignore 'system task' $display
W: Verilog-2008: [D:/ZGTC/Work/ccc/ipcore/fifo_line_buf/rtl/ipm2l_sdpram_v1_10_fifo_line_buf.v(line number: 357)] Ignore 'system task' $display
W: Verilog-2008: [D:/ZGTC/Work/ccc/ipcore/fifo_line_buf/rtl/ipm2l_sdpram_v1_10_fifo_line_buf.v(line number: 361)] Ignore 'system task' $display
W: Verilog-2008: [D:/ZGTC/Work/ccc/ipcore/fifo_line_buf/rtl/ipm2l_sdpram_v1_10_fifo_line_buf.v(line number: 365)] Ignore 'system task' $display
W: Verilog-2008: [D:/ZGTC/Work/ccc/ipcore/fifo_line_buf/rtl/ipm2l_sdpram_v1_10_fifo_line_buf.v(line number: 373)] Ignore 'system task' $display
W: Verilog-2008: [D:/ZGTC/Work/ccc/ipcore/fifo_line_buf/rtl/ipm2l_sdpram_v1_10_fifo_line_buf.v(line number: 374)] Ignore 'system task' $finish
W: Verilog-2008: [D:/ZGTC/Work/ccc/ipcore/fifo_line_buf/rtl/ipm2l_sdpram_v1_10_fifo_line_buf.v(line number: 377)] Ignore 'system task' $display
W: Verilog-2008: [D:/ZGTC/Work/ccc/ipcore/fifo_line_buf/rtl/ipm2l_sdpram_v1_10_fifo_line_buf.v(line number: 378)] Ignore 'system task' $finish
W: Verilog-2008: [D:/ZGTC/Work/ccc/ipcore/fifo_line_buf/rtl/ipm2l_sdpram_v1_10_fifo_line_buf.v(line number: 381)] Ignore 'system task' $display
W: Verilog-2008: [D:/ZGTC/Work/ccc/ipcore/fifo_line_buf/rtl/ipm2l_sdpram_v1_10_fifo_line_buf.v(line number: 382)] Ignore 'system task' $finish
W: Verilog-2008: [D:/ZGTC/Work/ccc/ipcore/fifo_line_buf/rtl/ipm2l_sdpram_v1_10_fifo_line_buf.v(line number: 385)] Ignore 'system task' $display
W: Verilog-2008: [D:/ZGTC/Work/ccc/ipcore/fifo_line_buf/rtl/ipm2l_sdpram_v1_10_fifo_line_buf.v(line number: 386)] Ignore 'system task' $finish
W: Verilog-2008: [D:/ZGTC/Work/ccc/ipcore/fifo_line_buf/rtl/ipm2l_sdpram_v1_10_fifo_line_buf.v(line number: 389)] Ignore 'system task' $display
W: Verilog-2008: [D:/ZGTC/Work/ccc/ipcore/fifo_line_buf/rtl/ipm2l_sdpram_v1_10_fifo_line_buf.v(line number: 390)] Ignore 'system task' $finish
W: Verilog-2008: [D:/ZGTC/Work/ccc/ipcore/fifo_line_buf/rtl/ipm2l_sdpram_v1_10_fifo_line_buf.v(line number: 393)] Ignore 'system task' $display
W: Verilog-2008: [D:/ZGTC/Work/ccc/ipcore/fifo_line_buf/rtl/ipm2l_sdpram_v1_10_fifo_line_buf.v(line number: 394)] Ignore 'system task' $finish
W: Verilog-2008: [D:/ZGTC/Work/ccc/ipcore/fifo_line_buf/rtl/ipm2l_sdpram_v1_10_fifo_line_buf.v(line number: 397)] Ignore 'system task' $display
W: Verilog-2008: [D:/ZGTC/Work/ccc/ipcore/fifo_line_buf/rtl/ipm2l_sdpram_v1_10_fifo_line_buf.v(line number: 398)] Ignore 'system task' $finish
W: Verilog-2008: [D:/ZGTC/Work/ccc/ipcore/fifo_line_buf/rtl/ipm2l_sdpram_v1_10_fifo_line_buf.v(line number: 401)] Ignore 'system task' $display
W: Verilog-2008: [D:/ZGTC/Work/ccc/ipcore/fifo_line_buf/rtl/ipm2l_sdpram_v1_10_fifo_line_buf.v(line number: 402)] Ignore 'system task' $finish
W: Verilog-2008: [D:/ZGTC/Work/ccc/ipcore/fifo_line_buf/rtl/ipm2l_sdpram_v1_10_fifo_line_buf.v(line number: 405)] Ignore 'system task' $display
W: Verilog-2008: [D:/ZGTC/Work/ccc/ipcore/fifo_line_buf/rtl/ipm2l_sdpram_v1_10_fifo_line_buf.v(line number: 406)] Ignore 'system task' $finish
W: Verilog-2008: [D:/ZGTC/Work/ccc/ipcore/fifo_line_buf/rtl/ipm2l_sdpram_v1_10_fifo_line_buf.v(line number: 409)] Ignore 'system task' $display
W: Verilog-2008: [D:/ZGTC/Work/ccc/ipcore/fifo_line_buf/rtl/ipm2l_sdpram_v1_10_fifo_line_buf.v(line number: 410)] Ignore 'system task' $finish
W: Verilog-2008: [D:/ZGTC/Work/ccc/ipcore/fifo_line_buf/rtl/ipm2l_sdpram_v1_10_fifo_line_buf.v(line number: 413)] Ignore 'system task' $display
W: Verilog-2008: [D:/ZGTC/Work/ccc/ipcore/fifo_line_buf/rtl/ipm2l_sdpram_v1_10_fifo_line_buf.v(line number: 414)] Ignore 'system task' $finish
W: Verilog-2008: [D:/ZGTC/Work/ccc/ipcore/fifo_line_buf/rtl/ipm2l_sdpram_v1_10_fifo_line_buf.v(line number: 417)] Ignore 'system task' $display
W: Verilog-2008: [D:/ZGTC/Work/ccc/ipcore/fifo_line_buf/rtl/ipm2l_sdpram_v1_10_fifo_line_buf.v(line number: 418)] Ignore 'system task' $finish
W: Verilog-2008: [D:/ZGTC/Work/ccc/ipcore/fifo_line_buf/rtl/ipm2l_sdpram_v1_10_fifo_line_buf.v(line number: 421)] Ignore 'system task' $display
W: Verilog-2008: [D:/ZGTC/Work/ccc/ipcore/fifo_line_buf/rtl/ipm2l_sdpram_v1_10_fifo_line_buf.v(line number: 422)] Ignore 'system task' $finish
W: Verilog-2008: [D:/ZGTC/Work/ccc/ipcore/fifo_line_buf/rtl/ipm2l_sdpram_v1_10_fifo_line_buf.v(line number: 425)] Ignore 'system task' $display
W: Verilog-2008: [D:/ZGTC/Work/ccc/ipcore/fifo_line_buf/rtl/ipm2l_sdpram_v1_10_fifo_line_buf.v(line number: 426)] Ignore 'system task' $finish
W: Verilog-2008: [D:/ZGTC/Work/ccc/ipcore/fifo_line_buf/rtl/ipm2l_sdpram_v1_10_fifo_line_buf.v(line number: 429)] Ignore 'system task' $display
W: Verilog-2008: [D:/ZGTC/Work/ccc/ipcore/fifo_line_buf/rtl/ipm2l_sdpram_v1_10_fifo_line_buf.v(line number: 430)] Ignore 'system task' $finish
W: Verilog-2008: [D:/ZGTC/Work/ccc/ipcore/fifo_line_buf/rtl/ipm2l_sdpram_v1_10_fifo_line_buf.v(line number: 433)] Ignore 'system task' $display
W: Verilog-2008: [D:/ZGTC/Work/ccc/ipcore/fifo_line_buf/rtl/ipm2l_sdpram_v1_10_fifo_line_buf.v(line number: 434)] Ignore 'system task' $finish
W: Verilog-2008: [D:/ZGTC/Work/ccc/ipcore/fifo_line_buf/rtl/ipm2l_sdpram_v1_10_fifo_line_buf.v(line number: 437)] Ignore 'system task' $display
W: Verilog-2008: [D:/ZGTC/Work/ccc/ipcore/fifo_line_buf/rtl/ipm2l_sdpram_v1_10_fifo_line_buf.v(line number: 438)] Ignore 'system task' $finish
W: Verilog-2008: [D:/ZGTC/Work/ccc/ipcore/fifo_line_buf/rtl/ipm2l_sdpram_v1_10_fifo_line_buf.v(line number: 442)] Ignore 'system task' $display
W: Verilog-2008: [D:/ZGTC/Work/ccc/ipcore/fifo_line_buf/rtl/ipm2l_sdpram_v1_10_fifo_line_buf.v(line number: 443)] Ignore 'system task' $finish
W: Verilog-2008: [D:/ZGTC/Work/ccc/ipcore/fifo_line_buf/rtl/ipm2l_sdpram_v1_10_fifo_line_buf.v(line number: 446)] Ignore 'system task' $display
W: Verilog-2008: [D:/ZGTC/Work/ccc/ipcore/fifo_line_buf/rtl/ipm2l_sdpram_v1_10_fifo_line_buf.v(line number: 447)] Ignore 'system task' $finish
W: Verilog-2008: [D:/ZGTC/Work/ccc/ipcore/fifo_line_buf/rtl/ipm2l_sdpram_v1_10_fifo_line_buf.v(line number: 451)] Ignore 'system task' $display
W: Verilog-2008: [D:/ZGTC/Work/ccc/ipcore/fifo_line_buf/rtl/ipm2l_sdpram_v1_10_fifo_line_buf.v(line number: 452)] Ignore 'system task' $finish
W: Verilog-2008: [D:/ZGTC/Work/ccc/ipcore/fifo_line_buf/rtl/ipm2l_sdpram_v1_10_fifo_line_buf.v(line number: 457)] Ignore 'system task' $display
W: Verilog-2008: [D:/ZGTC/Work/ccc/ipcore/fifo_line_buf/rtl/ipm2l_sdpram_v1_10_fifo_line_buf.v(line number: 458)] Ignore 'system task' $finish
W: Verilog-2008: [D:/ZGTC/Work/ccc/ipcore/fifo_line_buf/rtl/ipm2l_sdpram_v1_10_fifo_line_buf.v(line number: 461)] Ignore 'system task' $display
W: Verilog-2008: [D:/ZGTC/Work/ccc/ipcore/fifo_line_buf/rtl/ipm2l_sdpram_v1_10_fifo_line_buf.v(line number: 462)] Ignore 'system task' $finish
W: Verilog-2008: [D:/ZGTC/Work/ccc/ipcore/fifo_line_buf/rtl/ipm2l_sdpram_v1_10_fifo_line_buf.v(line number: 465)] Ignore 'system task' $display
W: Verilog-2008: [D:/ZGTC/Work/ccc/ipcore/fifo_line_buf/rtl/ipm2l_sdpram_v1_10_fifo_line_buf.v(line number: 466)] Ignore 'system task' $finish
W: Verilog-2008: [D:/ZGTC/Work/ccc/ipcore/fifo_line_buf/rtl/ipm2l_sdpram_v1_10_fifo_line_buf.v(line number: 471)] Ignore 'system task' $display
W: Verilog-2008: [D:/ZGTC/Work/ccc/ipcore/fifo_line_buf/rtl/ipm2l_sdpram_v1_10_fifo_line_buf.v(line number: 472)] Ignore 'system task' $finish
Parsing done.
Executing : .rtl_analyze -include_path {D:/ZGTC/Work/ccc} D:/ZGTC/Work/ccc/ipcore/fifo_line_buf/rtl/ipm2l_sdpram_v1_10_fifo_line_buf.v successfully.
Executing : .rtl_analyze -include_path {D:/ZGTC/Work/ccc} D:/ZGTC/Work/ccc/ipcore/fifo_line_buf/rtl/ipm2l_fifo_v1_10_fifo_line_buf.v
I: Verilog-0001: Analyzing file D:/ZGTC/Work/ccc/ipcore/fifo_line_buf/rtl/ipm2l_fifo_v1_10_fifo_line_buf.v
I: Verilog-0002: [D:/ZGTC/Work/ccc/ipcore/fifo_line_buf/rtl/ipm2l_fifo_v1_10_fifo_line_buf.v(line number: 19)] Analyzing module ipm2l_fifo_v1_10_fifo_line_buf (library work)
Parsing done.
Executing : .rtl_analyze -include_path {D:/ZGTC/Work/ccc} D:/ZGTC/Work/ccc/ipcore/fifo_line_buf/rtl/ipm2l_fifo_v1_10_fifo_line_buf.v successfully.
Executing : .rtl_analyze -include_path {D:/ZGTC/Work/ccc} D:/ZGTC/Work/ccc/ipcore/fifo_line_buf/fifo_line_buf.v
I: Verilog-0001: Analyzing file D:/ZGTC/Work/ccc/ipcore/fifo_line_buf/fifo_line_buf.v
I: Verilog-0002: [D:/ZGTC/Work/ccc/ipcore/fifo_line_buf/fifo_line_buf.v(line number: 16)] Analyzing module fifo_line_buf (library work)
Parsing done.
Executing : .rtl_analyze -include_path {D:/ZGTC/Work/ccc} D:/ZGTC/Work/ccc/ipcore/fifo_line_buf/fifo_line_buf.v successfully.
Executing : .rtl_analyze -include_path {D:/ZGTC/Work/ccc} D:/ZGTC/Work/ccc/ipcore/eth_pkt_fifo/rtl/ipm2l_fifo_ctrl_v1_1_eth_pkt_fifo.v
I: Verilog-0001: Analyzing file D:/ZGTC/Work/ccc/ipcore/eth_pkt_fifo/rtl/ipm2l_fifo_ctrl_v1_1_eth_pkt_fifo.v
I: Verilog-0002: [D:/ZGTC/Work/ccc/ipcore/eth_pkt_fifo/rtl/ipm2l_fifo_ctrl_v1_1_eth_pkt_fifo.v(line number: 18)] Analyzing module ipm2l_fifo_ctrl_v1_1_eth_pkt_fifo (library work)
I: [D:/ZGTC/Work/ccc/ipcore/eth_pkt_fifo/rtl/ipm2l_fifo_ctrl_v1_1_eth_pkt_fifo.v(line number: 46)] Convert attribute name from syn_preserve to PAP_PRESERVE
I: [D:/ZGTC/Work/ccc/ipcore/eth_pkt_fifo/rtl/ipm2l_fifo_ctrl_v1_1_eth_pkt_fifo.v(line number: 48)] Convert attribute name from syn_preserve to PAP_PRESERVE
I: [D:/ZGTC/Work/ccc/ipcore/eth_pkt_fifo/rtl/ipm2l_fifo_ctrl_v1_1_eth_pkt_fifo.v(line number: 59)] Convert attribute name from syn_preserve to PAP_PRESERVE
I: [D:/ZGTC/Work/ccc/ipcore/eth_pkt_fifo/rtl/ipm2l_fifo_ctrl_v1_1_eth_pkt_fifo.v(line number: 61)] Convert attribute name from syn_preserve to PAP_PRESERVE
Parsing done.
Executing : .rtl_analyze -include_path {D:/ZGTC/Work/ccc} D:/ZGTC/Work/ccc/ipcore/eth_pkt_fifo/rtl/ipm2l_fifo_ctrl_v1_1_eth_pkt_fifo.v successfully.
Executing : .rtl_analyze -include_path {D:/ZGTC/Work/ccc} D:/ZGTC/Work/ccc/ipcore/eth_pkt_fifo/rtl/ipm2l_sdpram_v1_10_eth_pkt_fifo.v
I: Verilog-0001: Analyzing file D:/ZGTC/Work/ccc/ipcore/eth_pkt_fifo/rtl/ipm2l_sdpram_v1_10_eth_pkt_fifo.v
I: Verilog-0002: [D:/ZGTC/Work/ccc/ipcore/eth_pkt_fifo/rtl/ipm2l_sdpram_v1_10_eth_pkt_fifo.v(line number: 18)] Analyzing module ipm2l_sdpram_v1_10_eth_pkt_fifo (library work)
W: Verilog-2008: [D:/ZGTC/Work/ccc/ipcore/eth_pkt_fifo/rtl/ipm2l_sdpram_v1_10_eth_pkt_fifo.v(line number: 349)] Ignore 'system task' $display
W: Verilog-2008: [D:/ZGTC/Work/ccc/ipcore/eth_pkt_fifo/rtl/ipm2l_sdpram_v1_10_eth_pkt_fifo.v(line number: 350)] Ignore 'system task' $finish
W: Verilog-2008: [D:/ZGTC/Work/ccc/ipcore/eth_pkt_fifo/rtl/ipm2l_sdpram_v1_10_eth_pkt_fifo.v(line number: 353)] Ignore 'system task' $display
W: Verilog-2008: [D:/ZGTC/Work/ccc/ipcore/eth_pkt_fifo/rtl/ipm2l_sdpram_v1_10_eth_pkt_fifo.v(line number: 357)] Ignore 'system task' $display
W: Verilog-2008: [D:/ZGTC/Work/ccc/ipcore/eth_pkt_fifo/rtl/ipm2l_sdpram_v1_10_eth_pkt_fifo.v(line number: 361)] Ignore 'system task' $display
W: Verilog-2008: [D:/ZGTC/Work/ccc/ipcore/eth_pkt_fifo/rtl/ipm2l_sdpram_v1_10_eth_pkt_fifo.v(line number: 365)] Ignore 'system task' $display
W: Verilog-2008: [D:/ZGTC/Work/ccc/ipcore/eth_pkt_fifo/rtl/ipm2l_sdpram_v1_10_eth_pkt_fifo.v(line number: 373)] Ignore 'system task' $display
W: Verilog-2008: [D:/ZGTC/Work/ccc/ipcore/eth_pkt_fifo/rtl/ipm2l_sdpram_v1_10_eth_pkt_fifo.v(line number: 374)] Ignore 'system task' $finish
W: Verilog-2008: [D:/ZGTC/Work/ccc/ipcore/eth_pkt_fifo/rtl/ipm2l_sdpram_v1_10_eth_pkt_fifo.v(line number: 377)] Ignore 'system task' $display
W: Verilog-2008: [D:/ZGTC/Work/ccc/ipcore/eth_pkt_fifo/rtl/ipm2l_sdpram_v1_10_eth_pkt_fifo.v(line number: 378)] Ignore 'system task' $finish
W: Verilog-2008: [D:/ZGTC/Work/ccc/ipcore/eth_pkt_fifo/rtl/ipm2l_sdpram_v1_10_eth_pkt_fifo.v(line number: 381)] Ignore 'system task' $display
W: Verilog-2008: [D:/ZGTC/Work/ccc/ipcore/eth_pkt_fifo/rtl/ipm2l_sdpram_v1_10_eth_pkt_fifo.v(line number: 382)] Ignore 'system task' $finish
W: Verilog-2008: [D:/ZGTC/Work/ccc/ipcore/eth_pkt_fifo/rtl/ipm2l_sdpram_v1_10_eth_pkt_fifo.v(line number: 385)] Ignore 'system task' $display
W: Verilog-2008: [D:/ZGTC/Work/ccc/ipcore/eth_pkt_fifo/rtl/ipm2l_sdpram_v1_10_eth_pkt_fifo.v(line number: 386)] Ignore 'system task' $finish
W: Verilog-2008: [D:/ZGTC/Work/ccc/ipcore/eth_pkt_fifo/rtl/ipm2l_sdpram_v1_10_eth_pkt_fifo.v(line number: 389)] Ignore 'system task' $display
W: Verilog-2008: [D:/ZGTC/Work/ccc/ipcore/eth_pkt_fifo/rtl/ipm2l_sdpram_v1_10_eth_pkt_fifo.v(line number: 390)] Ignore 'system task' $finish
W: Verilog-2008: [D:/ZGTC/Work/ccc/ipcore/eth_pkt_fifo/rtl/ipm2l_sdpram_v1_10_eth_pkt_fifo.v(line number: 393)] Ignore 'system task' $display
W: Verilog-2008: [D:/ZGTC/Work/ccc/ipcore/eth_pkt_fifo/rtl/ipm2l_sdpram_v1_10_eth_pkt_fifo.v(line number: 394)] Ignore 'system task' $finish
W: Verilog-2008: [D:/ZGTC/Work/ccc/ipcore/eth_pkt_fifo/rtl/ipm2l_sdpram_v1_10_eth_pkt_fifo.v(line number: 397)] Ignore 'system task' $display
W: Verilog-2008: [D:/ZGTC/Work/ccc/ipcore/eth_pkt_fifo/rtl/ipm2l_sdpram_v1_10_eth_pkt_fifo.v(line number: 398)] Ignore 'system task' $finish
W: Verilog-2008: [D:/ZGTC/Work/ccc/ipcore/eth_pkt_fifo/rtl/ipm2l_sdpram_v1_10_eth_pkt_fifo.v(line number: 401)] Ignore 'system task' $display
W: Verilog-2008: [D:/ZGTC/Work/ccc/ipcore/eth_pkt_fifo/rtl/ipm2l_sdpram_v1_10_eth_pkt_fifo.v(line number: 402)] Ignore 'system task' $finish
W: Verilog-2008: [D:/ZGTC/Work/ccc/ipcore/eth_pkt_fifo/rtl/ipm2l_sdpram_v1_10_eth_pkt_fifo.v(line number: 405)] Ignore 'system task' $display
W: Verilog-2008: [D:/ZGTC/Work/ccc/ipcore/eth_pkt_fifo/rtl/ipm2l_sdpram_v1_10_eth_pkt_fifo.v(line number: 406)] Ignore 'system task' $finish
W: Verilog-2008: [D:/ZGTC/Work/ccc/ipcore/eth_pkt_fifo/rtl/ipm2l_sdpram_v1_10_eth_pkt_fifo.v(line number: 409)] Ignore 'system task' $display
W: Verilog-2008: [D:/ZGTC/Work/ccc/ipcore/eth_pkt_fifo/rtl/ipm2l_sdpram_v1_10_eth_pkt_fifo.v(line number: 410)] Ignore 'system task' $finish
W: Verilog-2008: [D:/ZGTC/Work/ccc/ipcore/eth_pkt_fifo/rtl/ipm2l_sdpram_v1_10_eth_pkt_fifo.v(line number: 413)] Ignore 'system task' $display
W: Verilog-2008: [D:/ZGTC/Work/ccc/ipcore/eth_pkt_fifo/rtl/ipm2l_sdpram_v1_10_eth_pkt_fifo.v(line number: 414)] Ignore 'system task' $finish
W: Verilog-2008: [D:/ZGTC/Work/ccc/ipcore/eth_pkt_fifo/rtl/ipm2l_sdpram_v1_10_eth_pkt_fifo.v(line number: 417)] Ignore 'system task' $display
W: Verilog-2008: [D:/ZGTC/Work/ccc/ipcore/eth_pkt_fifo/rtl/ipm2l_sdpram_v1_10_eth_pkt_fifo.v(line number: 418)] Ignore 'system task' $finish
W: Verilog-2008: [D:/ZGTC/Work/ccc/ipcore/eth_pkt_fifo/rtl/ipm2l_sdpram_v1_10_eth_pkt_fifo.v(line number: 421)] Ignore 'system task' $display
W: Verilog-2008: [D:/ZGTC/Work/ccc/ipcore/eth_pkt_fifo/rtl/ipm2l_sdpram_v1_10_eth_pkt_fifo.v(line number: 422)] Ignore 'system task' $finish
W: Verilog-2008: [D:/ZGTC/Work/ccc/ipcore/eth_pkt_fifo/rtl/ipm2l_sdpram_v1_10_eth_pkt_fifo.v(line number: 425)] Ignore 'system task' $display
W: Verilog-2008: [D:/ZGTC/Work/ccc/ipcore/eth_pkt_fifo/rtl/ipm2l_sdpram_v1_10_eth_pkt_fifo.v(line number: 426)] Ignore 'system task' $finish
W: Verilog-2008: [D:/ZGTC/Work/ccc/ipcore/eth_pkt_fifo/rtl/ipm2l_sdpram_v1_10_eth_pkt_fifo.v(line number: 429)] Ignore 'system task' $display
W: Verilog-2008: [D:/ZGTC/Work/ccc/ipcore/eth_pkt_fifo/rtl/ipm2l_sdpram_v1_10_eth_pkt_fifo.v(line number: 430)] Ignore 'system task' $finish
W: Verilog-2008: [D:/ZGTC/Work/ccc/ipcore/eth_pkt_fifo/rtl/ipm2l_sdpram_v1_10_eth_pkt_fifo.v(line number: 433)] Ignore 'system task' $display
W: Verilog-2008: [D:/ZGTC/Work/ccc/ipcore/eth_pkt_fifo/rtl/ipm2l_sdpram_v1_10_eth_pkt_fifo.v(line number: 434)] Ignore 'system task' $finish
W: Verilog-2008: [D:/ZGTC/Work/ccc/ipcore/eth_pkt_fifo/rtl/ipm2l_sdpram_v1_10_eth_pkt_fifo.v(line number: 437)] Ignore 'system task' $display
W: Verilog-2008: [D:/ZGTC/Work/ccc/ipcore/eth_pkt_fifo/rtl/ipm2l_sdpram_v1_10_eth_pkt_fifo.v(line number: 438)] Ignore 'system task' $finish
W: Verilog-2008: [D:/ZGTC/Work/ccc/ipcore/eth_pkt_fifo/rtl/ipm2l_sdpram_v1_10_eth_pkt_fifo.v(line number: 442)] Ignore 'system task' $display
W: Verilog-2008: [D:/ZGTC/Work/ccc/ipcore/eth_pkt_fifo/rtl/ipm2l_sdpram_v1_10_eth_pkt_fifo.v(line number: 443)] Ignore 'system task' $finish
W: Verilog-2008: [D:/ZGTC/Work/ccc/ipcore/eth_pkt_fifo/rtl/ipm2l_sdpram_v1_10_eth_pkt_fifo.v(line number: 446)] Ignore 'system task' $display
W: Verilog-2008: [D:/ZGTC/Work/ccc/ipcore/eth_pkt_fifo/rtl/ipm2l_sdpram_v1_10_eth_pkt_fifo.v(line number: 447)] Ignore 'system task' $finish
W: Verilog-2008: [D:/ZGTC/Work/ccc/ipcore/eth_pkt_fifo/rtl/ipm2l_sdpram_v1_10_eth_pkt_fifo.v(line number: 451)] Ignore 'system task' $display
W: Verilog-2008: [D:/ZGTC/Work/ccc/ipcore/eth_pkt_fifo/rtl/ipm2l_sdpram_v1_10_eth_pkt_fifo.v(line number: 452)] Ignore 'system task' $finish
W: Verilog-2008: [D:/ZGTC/Work/ccc/ipcore/eth_pkt_fifo/rtl/ipm2l_sdpram_v1_10_eth_pkt_fifo.v(line number: 457)] Ignore 'system task' $display
W: Verilog-2008: [D:/ZGTC/Work/ccc/ipcore/eth_pkt_fifo/rtl/ipm2l_sdpram_v1_10_eth_pkt_fifo.v(line number: 458)] Ignore 'system task' $finish
W: Verilog-2008: [D:/ZGTC/Work/ccc/ipcore/eth_pkt_fifo/rtl/ipm2l_sdpram_v1_10_eth_pkt_fifo.v(line number: 461)] Ignore 'system task' $display
W: Verilog-2008: [D:/ZGTC/Work/ccc/ipcore/eth_pkt_fifo/rtl/ipm2l_sdpram_v1_10_eth_pkt_fifo.v(line number: 462)] Ignore 'system task' $finish
W: Verilog-2008: [D:/ZGTC/Work/ccc/ipcore/eth_pkt_fifo/rtl/ipm2l_sdpram_v1_10_eth_pkt_fifo.v(line number: 465)] Ignore 'system task' $display
W: Verilog-2008: [D:/ZGTC/Work/ccc/ipcore/eth_pkt_fifo/rtl/ipm2l_sdpram_v1_10_eth_pkt_fifo.v(line number: 466)] Ignore 'system task' $finish
W: Verilog-2008: [D:/ZGTC/Work/ccc/ipcore/eth_pkt_fifo/rtl/ipm2l_sdpram_v1_10_eth_pkt_fifo.v(line number: 471)] Ignore 'system task' $display
W: Verilog-2008: [D:/ZGTC/Work/ccc/ipcore/eth_pkt_fifo/rtl/ipm2l_sdpram_v1_10_eth_pkt_fifo.v(line number: 472)] Ignore 'system task' $finish
Parsing done.
Executing : .rtl_analyze -include_path {D:/ZGTC/Work/ccc} D:/ZGTC/Work/ccc/ipcore/eth_pkt_fifo/rtl/ipm2l_sdpram_v1_10_eth_pkt_fifo.v successfully.
Executing : .rtl_analyze -include_path {D:/ZGTC/Work/ccc} D:/ZGTC/Work/ccc/ipcore/eth_pkt_fifo/rtl/ipm2l_fifo_v1_10_eth_pkt_fifo.v
I: Verilog-0001: Analyzing file D:/ZGTC/Work/ccc/ipcore/eth_pkt_fifo/rtl/ipm2l_fifo_v1_10_eth_pkt_fifo.v
I: Verilog-0002: [D:/ZGTC/Work/ccc/ipcore/eth_pkt_fifo/rtl/ipm2l_fifo_v1_10_eth_pkt_fifo.v(line number: 19)] Analyzing module ipm2l_fifo_v1_10_eth_pkt_fifo (library work)
Parsing done.
Executing : .rtl_analyze -include_path {D:/ZGTC/Work/ccc} D:/ZGTC/Work/ccc/ipcore/eth_pkt_fifo/rtl/ipm2l_fifo_v1_10_eth_pkt_fifo.v successfully.
Executing : .rtl_analyze -include_path {D:/ZGTC/Work/ccc} D:/ZGTC/Work/ccc/ipcore/eth_pkt_fifo/eth_pkt_fifo.v
I: Verilog-0001: Analyzing file D:/ZGTC/Work/ccc/ipcore/eth_pkt_fifo/eth_pkt_fifo.v
I: Verilog-0002: [D:/ZGTC/Work/ccc/ipcore/eth_pkt_fifo/eth_pkt_fifo.v(line number: 16)] Analyzing module eth_pkt_fifo (library work)
Parsing done.
Executing : .rtl_analyze -include_path {D:/ZGTC/Work/ccc} D:/ZGTC/Work/ccc/ipcore/eth_pkt_fifo/eth_pkt_fifo.v successfully.
Executing : .rtl_analyze -include_path {D:/ZGTC/Work/ccc} D:/ZGTC/Work/ccc/ipcore/ref_clock/ref_clock.v
I: Verilog-0001: Analyzing file D:/ZGTC/Work/ccc/ipcore/ref_clock/ref_clock.v
I: Verilog-0002: [D:/ZGTC/Work/ccc/ipcore/ref_clock/ref_clock.v(line number: 18)] Analyzing module ref_clock (library work)
Parsing done.
Executing : .rtl_analyze -include_path {D:/ZGTC/Work/ccc} D:/ZGTC/Work/ccc/ipcore/ref_clock/ref_clock.v successfully.
Executing : .rtl_analyze -include_path {D:/ZGTC/Work/ccc} D:/ZGTC/Work/ccc/ipcore/watch_clk/watch_clk.v
I: Verilog-0001: Analyzing file D:/ZGTC/Work/ccc/ipcore/watch_clk/watch_clk.v
I: Verilog-0002: [D:/ZGTC/Work/ccc/ipcore/watch_clk/watch_clk.v(line number: 18)] Analyzing module watch_clk (library work)
Parsing done.
Executing : .rtl_analyze -include_path {D:/ZGTC/Work/ccc} D:/ZGTC/Work/ccc/ipcore/watch_clk/watch_clk.v successfully.
I: Module "hdmi_ddr_ov5640_top" is set as top module.
Program Error Out.
Action compile: Real time elapsed is 0h:0m:4s
Action compile: CPU time elapsed is 0h:0m:1s
Action compile: Process CPU time elapsed is 0h:0m:1s
Current time: Mon Apr 27 22:36:58 2026
Action compile: Peak memory pool usage is 135 MB
