[Info] [2026-4-20 19:51:53] /***************************Start Configuration***************************/
[Info] [2026-4-20 19:51:53] Path: D:/pango/PDS_2022.2-SP6.4/bin
[Info] [2026-4-20 19:51:53] Version: 146967
[Info] [2026-4-20 19:51:54] Current Path: D:/desktop/aaa
[Info] [2026-4-20 19:51:54] PDS Dir Path: D:/desktop/aaa
[Info] [2026-4-20 19:52:12] Configuration is not connect with server. connect first then scan chain.
[Debug] [2026-4-20 19:52:12] Client Local host name:LCR
[Debug] [2026-4-20 19:52:12] Client Local Address:192.168.3.19
[Debug] [2026-4-20 19:52:12] Client Local Address:172.31.208.1
[Debug] [2026-4-20 19:52:12] Client Local Address:192.168.140.1
[Debug] [2026-4-20 19:52:12] Client Local Address:192.168.77.1
[Debug] [2026-4-20 19:52:12] Server Address:127.0.0.1, Port:65420
[Debug] [2026-4-20 19:52:12] Log::Print : Connecting to server[127.0.0.1 : 65420].
[Info] [2026-4-20 19:52:12] Connect OK, Server: 127.0.0.1  Port: 65420
[Debug] [2026-4-20 19:52:12] Finish.
[Info] [2026-4-20 19:52:12] Connect server succeeded
[Debug] [2026-4-20 19:52:12] Send RPC:1
[Debug] [2026-4-20 19:52:12] Send cmd [check version information:40004] OK
[Debug] [2026-4-20 19:52:12] Log::Print : Connect to server[127.0.0.1 : 65420] successfully.
[Debug] [2026-4-20 19:52:13] Send RPC:2
[Debug] [2026-4-20 19:52:13] Send cmd [get_cable_paras:40010] OK
[Debug] [2026-4-20 19:52:13] Begin to send initialize chain cmd...
[Debug] [2026-4-20 19:52:13] Send RPC:3
[Debug] [2026-4-20 19:52:13] Send cmd [Open config cable:20001] OK
[Debug] [2026-4-20 19:52:13] End to send initialize chain cmd.
[Debug] [2026-4-20 19:52:13] COMMAND[check version information] execute successfully, takes 0.7 secs.
[Debug] [2026-4-20 19:52:13] Log::Print : COMMAND[check version information] execute successfully, takes 0.7 secs.
[Debug] [2026-4-20 19:52:15] COMMAND[get_cable_paras] execute successfully, takes 1.6 secs.
[Debug] [2026-4-20 19:52:15] Log::Print : The cable List : 
Cable index 0:USB Cable II/fffffffffffffffe 

[Debug] [2026-4-20 19:52:15] Log::Print : COMMAND[get_cable_paras] execute successfully, takes 1.6 secs.
[Debug] [2026-4-20 19:52:15] begin the exec of open cable cmd...
[Debug] [2026-4-20 19:52:15] Begin to deal with chain from server...
[Debug] [2026-4-20 19:52:15] Begin to set user chain...
[Debug] [2026-4-20 19:52:15] End to set user chain.
[Debug] [2026-4-20 19:52:15] Begin to update graphic item and tree item ...
[Debug] [2026-4-20 19:52:15] End to update graphic item and tree item ...
[Debug] [2026-4-20 19:52:15] Log::Print : PANGO USB CABLE II cable driver: D2XX DLL
[Debug] [2026-4-20 19:52:15] Log::Print : PG2L100H
[Debug] [2026-4-20 19:52:15] Log::Print : This device configure situation (done bit): 1
[Info] [2026-4-20 19:52:20] set OpenLastPath: D:/desktop/aaa/generate_bitstream/hdmi_ddr_ov5640_top.sbit
[Debug] [2026-4-20 19:52:20] begin to get device info from CFG file...
[Debug] [2026-4-20 19:52:20] end to get device info from CFG file...
[Debug] [2026-4-20 19:52:20] Begin to update graphic item and tree item ...
[Debug] [2026-4-20 19:52:20] End to update graphic item and tree item ...
[Debug] [2026-4-20 19:52:20] Begin to update graphic item and tree item ...
[Debug] [2026-4-20 19:52:20] End to update graphic item and tree item ...
[Debug] [2026-4-20 19:52:20] End to deal wiht chain from server.
[Debug] [2026-4-20 19:52:20] end the exec of open cable cmd.
[Debug] [2026-4-20 19:52:20] COMMAND[Open config cable] execute successfully, takes 7.5 secs.
[Debug] [2026-4-20 19:52:20] Log::Print : COMMAND[Open config cable] execute successfully, takes 7.5 secs.
[Debug] [2026-4-20 19:52:22] Begin to send programming cmd...
[Debug] [2026-4-20 19:52:22] Send RPC:4
[Debug] [2026-4-20 19:52:22] Begin to send program data.
[Debug] [2026-4-20 19:52:22] End to send program data.
[Debug] [2026-4-20 19:52:22] Send cmd [Program:20002] OK
[Debug] [2026-4-20 19:52:23] The value of Progress is 6
[Debug] [2026-4-20 19:52:23] The value of Progress is 10
[Debug] [2026-4-20 19:52:23] The value of Progress is 15
[Debug] [2026-4-20 19:52:23] The value of Progress is 20
[Debug] [2026-4-20 19:52:23] The value of Progress is 25
[Debug] [2026-4-20 19:52:23] The value of Progress is 30
[Debug] [2026-4-20 19:52:24] The value of Progress is 35
[Debug] [2026-4-20 19:52:24] The value of Progress is 40
[Debug] [2026-4-20 19:52:24] The value of Progress is 45
[Debug] [2026-4-20 19:52:24] The value of Progress is 50
[Debug] [2026-4-20 19:52:24] The value of Progress is 55
[Debug] [2026-4-20 19:52:24] The value of Progress is 60
[Debug] [2026-4-20 19:52:25] The value of Progress is 65
[Debug] [2026-4-20 19:52:25] The value of Progress is 70
[Debug] [2026-4-20 19:52:25] The value of Progress is 75
[Debug] [2026-4-20 19:52:25] The value of Progress is 80
[Debug] [2026-4-20 19:52:25] The value of Progress is 85
[Debug] [2026-4-20 19:52:25] The value of Progress is 90
[Debug] [2026-4-20 19:52:25] The value of Progress is 95
[Debug] [2026-4-20 19:52:26] The value of Progress is 100
[Debug] [2026-4-20 19:52:26] COMMAND[Program] execute successfully, takes 3.5 secs.
[Debug] [2026-4-20 19:52:26] End to send programming cmd.
[Debug] [2026-4-20 19:52:26] Log::Print : The done bit is 1
[Debug] [2026-4-20 19:52:26] Log::Print : COMMAND[Program] execute successfully, takes 3.5 secs.
[Debug] [2026-4-20 20:10:03] Begin to send programming cmd...
[Debug] [2026-4-20 20:10:03] Send RPC:5
[Debug] [2026-4-20 20:10:03] Begin to send program data.
[Debug] [2026-4-20 20:10:03] End to send program data.
[Debug] [2026-4-20 20:10:03] Send cmd [Program:20002] OK
[Debug] [2026-4-20 20:10:04] The value of Progress is 6
[Debug] [2026-4-20 20:10:04] The value of Progress is 10
[Debug] [2026-4-20 20:10:04] The value of Progress is 15
[Debug] [2026-4-20 20:10:04] The value of Progress is 20
[Debug] [2026-4-20 20:10:04] The value of Progress is 25
[Debug] [2026-4-20 20:10:04] The value of Progress is 30
[Debug] [2026-4-20 20:10:04] The value of Progress is 35
[Debug] [2026-4-20 20:10:05] The value of Progress is 40
[Debug] [2026-4-20 20:10:05] The value of Progress is 45
[Debug] [2026-4-20 20:10:05] The value of Progress is 50
[Debug] [2026-4-20 20:10:05] The value of Progress is 55
[Debug] [2026-4-20 20:10:05] The value of Progress is 60
[Debug] [2026-4-20 20:10:05] The value of Progress is 65
[Debug] [2026-4-20 20:10:06] The value of Progress is 70
[Debug] [2026-4-20 20:10:06] The value of Progress is 75
[Debug] [2026-4-20 20:10:06] The value of Progress is 80
[Debug] [2026-4-20 20:10:06] The value of Progress is 85
[Debug] [2026-4-20 20:10:06] The value of Progress is 90
[Debug] [2026-4-20 20:10:06] The value of Progress is 95
[Debug] [2026-4-20 20:10:06] The value of Progress is 100
[Debug] [2026-4-20 20:10:07] COMMAND[Program] execute successfully, takes 3.5 secs.
[Debug] [2026-4-20 20:10:07] End to send programming cmd.
[Debug] [2026-4-20 20:10:07] Log::Print : The done bit is 1
[Debug] [2026-4-20 20:10:07] Log::Print : COMMAND[Program] execute successfully, takes 3.5 secs.
[Info] [2026-4-20 20:11:00] /***************************End Configration***************************/
[Info] [2026-4-20 21:16:04] /***************************Start Configuration***************************/
[Info] [2026-4-20 21:16:04] Path: D:/pango/PDS_2022.2-SP6.4/bin
[Info] [2026-4-20 21:16:04] Version: 146967
[Info] [2026-4-20 21:16:05] Current Path: D:/desktop/aaa
[Info] [2026-4-20 21:16:05] PDS Dir Path: D:/desktop/aaa
[Info] [2026-4-20 21:16:08] Configuration is not connect with server. connect first then scan chain.
[Debug] [2026-4-20 21:16:08] Client Local host name:LCR
[Debug] [2026-4-20 21:16:08] Client Local Address:192.168.3.19
[Debug] [2026-4-20 21:16:08] Client Local Address:172.31.208.1
[Debug] [2026-4-20 21:16:08] Client Local Address:192.168.140.1
[Debug] [2026-4-20 21:16:08] Client Local Address:192.168.77.1
[Debug] [2026-4-20 21:16:08] Server Address:127.0.0.1, Port:65420
[Debug] [2026-4-20 21:16:08] Log::Print : Connecting to server[127.0.0.1 : 65420].
[Info] [2026-4-20 21:16:08] Connect OK, Server: 127.0.0.1  Port: 65420
[Debug] [2026-4-20 21:16:08] Finish.
[Info] [2026-4-20 21:16:08] Connect server succeeded
[Debug] [2026-4-20 21:16:08] Send RPC:1
[Debug] [2026-4-20 21:16:08] Send cmd [check version information:40004] OK
[Debug] [2026-4-20 21:16:08] Send RPC:2
[Debug] [2026-4-20 21:16:08] Send cmd [get_cable_paras:40010] OK
[Debug] [2026-4-20 21:16:08] Begin to send initialize chain cmd...
[Debug] [2026-4-20 21:16:08] Send RPC:3
[Debug] [2026-4-20 21:16:08] Send cmd [Open config cable:20001] OK
[Debug] [2026-4-20 21:16:08] End to send initialize chain cmd.
[Debug] [2026-4-20 21:16:08] COMMAND[check version information] execute successfully, takes 0.0 secs.
[Debug] [2026-4-20 21:16:08] Log::Print : Connect to server[127.0.0.1 : 65420] successfully.
[Debug] [2026-4-20 21:16:08] Log::Print : COMMAND[check version information] execute successfully, takes 0.0 secs.
[Debug] [2026-4-20 21:16:09] COMMAND[get_cable_paras] execute successfully, takes 1.4 secs.
[Debug] [2026-4-20 21:16:09] Log::Print : The cable List : 
Cable index 0:USB Cable II/fffffffffffffffe 

[Debug] [2026-4-20 21:16:09] Log::Print : COMMAND[get_cable_paras] execute successfully, takes 1.4 secs.
[Debug] [2026-4-20 21:16:09] begin the exec of open cable cmd...
[Debug] [2026-4-20 21:16:09] Begin to deal with chain from server...
[Debug] [2026-4-20 21:16:09] Begin to set user chain...
[Debug] [2026-4-20 21:16:09] End to set user chain.
[Debug] [2026-4-20 21:16:09] Begin to update graphic item and tree item ...
[Debug] [2026-4-20 21:16:09] End to update graphic item and tree item ...
[Debug] [2026-4-20 21:16:10] Log::Print : PANGO USB CABLE II cable driver: D2XX DLL
[Debug] [2026-4-20 21:16:10] Log::Print : PG2L100H
[Debug] [2026-4-20 21:16:10] Log::Print : This device configure situation (done bit): 1
[Info] [2026-4-20 21:16:12] set OpenLastPath: D:/desktop/aaa/generate_bitstream/hdmi_ddr_ov5640_top.sbit
[Debug] [2026-4-20 21:16:12] begin to get device info from CFG file...
[Debug] [2026-4-20 21:16:12] end to get device info from CFG file...
[Debug] [2026-4-20 21:16:12] Begin to update graphic item and tree item ...
[Debug] [2026-4-20 21:16:12] End to update graphic item and tree item ...
[Debug] [2026-4-20 21:16:12] Begin to update graphic item and tree item ...
[Debug] [2026-4-20 21:16:12] End to update graphic item and tree item ...
[Debug] [2026-4-20 21:16:12] End to deal wiht chain from server.
[Debug] [2026-4-20 21:16:12] end the exec of open cable cmd.
[Debug] [2026-4-20 21:16:12] COMMAND[Open config cable] execute successfully, takes 4.2 secs.
[Debug] [2026-4-20 21:16:12] Log::Print : COMMAND[Open config cable] execute successfully, takes 4.2 secs.
[Debug] [2026-4-20 21:16:14] Begin to send programming cmd...
[Debug] [2026-4-20 21:16:14] Send RPC:4
[Debug] [2026-4-20 21:16:14] Begin to send program data.
[Debug] [2026-4-20 21:16:14] End to send program data.
[Debug] [2026-4-20 21:16:14] Send cmd [Program:20002] OK
[Debug] [2026-4-20 21:16:14] The value of Progress is 6
[Debug] [2026-4-20 21:16:14] The value of Progress is 10
[Debug] [2026-4-20 21:16:15] The value of Progress is 15
[Debug] [2026-4-20 21:16:15] The value of Progress is 20
[Debug] [2026-4-20 21:16:15] The value of Progress is 25
[Debug] [2026-4-20 21:16:15] The value of Progress is 30
[Debug] [2026-4-20 21:16:15] The value of Progress is 35
[Debug] [2026-4-20 21:16:15] The value of Progress is 40
[Debug] [2026-4-20 21:16:16] The value of Progress is 45
[Debug] [2026-4-20 21:16:16] The value of Progress is 50
[Debug] [2026-4-20 21:16:16] The value of Progress is 55
[Debug] [2026-4-20 21:16:16] The value of Progress is 60
[Debug] [2026-4-20 21:16:16] The value of Progress is 65
[Debug] [2026-4-20 21:16:16] The value of Progress is 70
[Debug] [2026-4-20 21:16:17] The value of Progress is 75
[Debug] [2026-4-20 21:16:17] The value of Progress is 80
[Debug] [2026-4-20 21:16:17] The value of Progress is 85
[Debug] [2026-4-20 21:16:17] The value of Progress is 90
[Debug] [2026-4-20 21:16:17] The value of Progress is 95
[Debug] [2026-4-20 21:16:17] The value of Progress is 100
[Debug] [2026-4-20 21:16:17] COMMAND[Program] execute successfully, takes 3.5 secs.
[Debug] [2026-4-20 21:16:17] End to send programming cmd.
[Debug] [2026-4-20 21:16:17] Log::Print : The done bit is 1
[Debug] [2026-4-20 21:16:17] Log::Print : COMMAND[Program] execute successfully, takes 3.5 secs.
[Info] [2026-4-20 21:22:48] /***************************End Configration***************************/
[Info] [2026-4-20 23:21:18] /***************************Start Configuration***************************/
[Info] [2026-4-20 23:21:18] Path: D:/pango/PDS_2022.2-SP6.4/bin
[Info] [2026-4-20 23:21:18] Version: 146967
[Info] [2026-4-20 23:21:19] Current Path: D:/desktop/aaa
[Info] [2026-4-20 23:21:19] PDS Dir Path: D:/desktop/aaa
[Info] [2026-4-20 23:21:28] Configuration is not connect with server. connect first then scan chain.
[Debug] [2026-4-20 23:21:29] Client Local host name:LCR
[Debug] [2026-4-20 23:21:29] Client Local Address:192.168.3.19
[Debug] [2026-4-20 23:21:29] Client Local Address:172.20.153.58
[Debug] [2026-4-20 23:21:29] Client Local Address:172.31.208.1
[Debug] [2026-4-20 23:21:29] Client Local Address:192.168.140.1
[Debug] [2026-4-20 23:21:29] Client Local Address:192.168.77.1
[Debug] [2026-4-20 23:21:29] Server Address:127.0.0.1, Port:65420
[Debug] [2026-4-20 23:21:29] Log::Print : Connecting to server[127.0.0.1 : 65420].
[Info] [2026-4-20 23:21:29] Connect OK, Server: 127.0.0.1  Port: 65420
[Debug] [2026-4-20 23:21:29] Finish.
[Info] [2026-4-20 23:21:29] Connect server succeeded
[Debug] [2026-4-20 23:21:29] Send RPC:1
[Debug] [2026-4-20 23:21:29] Send cmd [check version information:40004] OK
[Debug] [2026-4-20 23:21:29] Log::Print : Connect to server[127.0.0.1 : 65420] successfully.
[Debug] [2026-4-20 23:21:30] Send RPC:2
[Debug] [2026-4-20 23:21:30] Send cmd [get_cable_paras:40010] OK
[Debug] [2026-4-20 23:21:30] Begin to send initialize chain cmd...
[Debug] [2026-4-20 23:21:30] Send RPC:3
[Debug] [2026-4-20 23:21:30] Send cmd [Open config cable:20001] OK
[Debug] [2026-4-20 23:21:30] End to send initialize chain cmd.
[Debug] [2026-4-20 23:21:30] COMMAND[check version information] execute successfully, takes 0.5 secs.
[Debug] [2026-4-20 23:21:30] Log::Print : COMMAND[check version information] execute successfully, takes 0.5 secs.
[Debug] [2026-4-20 23:21:31] COMMAND[get_cable_paras] execute successfully, takes 1.4 secs.
[Debug] [2026-4-20 23:21:31] Log::Print : The cable List : 
Cable index 0:USB Cable II/fffffffffffffffe 

[Debug] [2026-4-20 23:21:31] Log::Print : COMMAND[get_cable_paras] execute successfully, takes 1.4 secs.
[Debug] [2026-4-20 23:21:31] begin the exec of open cable cmd...
[Debug] [2026-4-20 23:21:31] Begin to deal with chain from server...
[Debug] [2026-4-20 23:21:31] Begin to set user chain...
[Debug] [2026-4-20 23:21:31] End to set user chain.
[Debug] [2026-4-20 23:21:31] Begin to update graphic item and tree item ...
[Debug] [2026-4-20 23:21:31] End to update graphic item and tree item ...
[Debug] [2026-4-20 23:21:31] Log::Print : PANGO USB CABLE II cable driver: D2XX DLL
[Debug] [2026-4-20 23:21:31] Log::Print : PG2L100H
[Debug] [2026-4-20 23:21:31] Log::Print : This device configure situation (done bit): 1
[Info] [2026-4-20 23:21:34] set OpenLastPath: D:/desktop/aaa/generate_bitstream/hdmi_ddr_ov5640_top.sbit
[Debug] [2026-4-20 23:21:34] begin to get device info from CFG file...
[Debug] [2026-4-20 23:21:34] end to get device info from CFG file...
[Debug] [2026-4-20 23:21:34] Begin to update graphic item and tree item ...
[Debug] [2026-4-20 23:21:34] End to update graphic item and tree item ...
[Debug] [2026-4-20 23:21:34] Begin to update graphic item and tree item ...
[Debug] [2026-4-20 23:21:34] End to update graphic item and tree item ...
[Debug] [2026-4-20 23:21:34] End to deal wiht chain from server.
[Debug] [2026-4-20 23:21:34] end the exec of open cable cmd.
[Debug] [2026-4-20 23:21:34] COMMAND[Open config cable] execute successfully, takes 4.0 secs.
[Debug] [2026-4-20 23:21:34] Log::Print : COMMAND[Open config cable] execute successfully, takes 4.0 secs.
[Debug] [2026-4-20 23:21:36] Begin to send programming cmd...
[Debug] [2026-4-20 23:21:36] Send RPC:4
[Debug] [2026-4-20 23:21:36] Begin to send program data.
[Debug] [2026-4-20 23:21:36] End to send program data.
[Debug] [2026-4-20 23:21:36] Send cmd [Program:20002] OK
[Debug] [2026-4-20 23:21:37] The value of Progress is 6
[Debug] [2026-4-20 23:21:37] The value of Progress is 10
[Debug] [2026-4-20 23:21:37] The value of Progress is 15
[Debug] [2026-4-20 23:21:37] The value of Progress is 20
[Debug] [2026-4-20 23:21:37] The value of Progress is 25
[Debug] [2026-4-20 23:21:38] The value of Progress is 30
[Debug] [2026-4-20 23:21:38] The value of Progress is 35
[Debug] [2026-4-20 23:21:38] The value of Progress is 40
[Debug] [2026-4-20 23:21:38] The value of Progress is 45
[Debug] [2026-4-20 23:21:38] The value of Progress is 50
[Debug] [2026-4-20 23:21:38] The value of Progress is 55
[Debug] [2026-4-20 23:21:39] The value of Progress is 60
[Debug] [2026-4-20 23:21:39] The value of Progress is 65
[Debug] [2026-4-20 23:21:39] The value of Progress is 70
[Debug] [2026-4-20 23:21:39] The value of Progress is 75
[Debug] [2026-4-20 23:21:39] The value of Progress is 80
[Debug] [2026-4-20 23:21:39] The value of Progress is 85
[Debug] [2026-4-20 23:21:39] The value of Progress is 90
[Debug] [2026-4-20 23:21:40] The value of Progress is 95
[Debug] [2026-4-20 23:21:40] The value of Progress is 100
[Debug] [2026-4-20 23:21:40] COMMAND[Program] execute successfully, takes 3.4 secs.
[Debug] [2026-4-20 23:21:40] End to send programming cmd.
[Debug] [2026-4-20 23:21:40] Log::Print : The done bit is 1
[Debug] [2026-4-20 23:21:40] Log::Print : COMMAND[Program] execute successfully, takes 3.4 secs.
[Debug] [2026-4-20 23:23:04] Begin to send programming cmd...
[Debug] [2026-4-20 23:23:04] Send RPC:5
[Debug] [2026-4-20 23:23:04] Begin to send program data.
[Debug] [2026-4-20 23:23:04] End to send program data.
[Debug] [2026-4-20 23:23:04] Send cmd [Program:20002] OK
[Debug] [2026-4-20 23:23:05] The value of Progress is 6
[Debug] [2026-4-20 23:23:05] The value of Progress is 10
[Debug] [2026-4-20 23:23:05] The value of Progress is 15
[Debug] [2026-4-20 23:23:05] The value of Progress is 20
[Debug] [2026-4-20 23:23:05] The value of Progress is 25
[Debug] [2026-4-20 23:23:06] The value of Progress is 30
[Debug] [2026-4-20 23:23:06] The value of Progress is 35
[Debug] [2026-4-20 23:23:06] The value of Progress is 40
[Debug] [2026-4-20 23:23:06] The value of Progress is 45
[Debug] [2026-4-20 23:23:06] The value of Progress is 50
[Debug] [2026-4-20 23:23:06] The value of Progress is 55
[Debug] [2026-4-20 23:23:07] The value of Progress is 60
[Debug] [2026-4-20 23:23:07] The value of Progress is 65
[Debug] [2026-4-20 23:23:07] The value of Progress is 70
[Debug] [2026-4-20 23:23:07] The value of Progress is 75
[Debug] [2026-4-20 23:23:07] The value of Progress is 80
[Debug] [2026-4-20 23:23:07] The value of Progress is 85
[Debug] [2026-4-20 23:23:07] The value of Progress is 90
[Debug] [2026-4-20 23:23:08] The value of Progress is 95
[Debug] [2026-4-20 23:23:08] The value of Progress is 100
[Debug] [2026-4-20 23:23:08] COMMAND[Program] execute successfully, takes 3.4 secs.
[Debug] [2026-4-20 23:23:08] End to send programming cmd.
[Debug] [2026-4-20 23:23:08] Log::Print : The done bit is 1
[Debug] [2026-4-20 23:23:08] Log::Print : COMMAND[Program] execute successfully, takes 3.4 secs.
[Info] [2026-4-21 00:00:37] /***************************End Configration***************************/
[Info] [2026-4-22 20:13:20] /***************************Start Configuration***************************/
[Info] [2026-4-22 20:13:20] Path: D:/pango/PDS_2022.2-SP6.4/bin
[Info] [2026-4-22 20:13:20] Version: 146967
[Info] [2026-4-22 20:13:21] Current Path: D:/desktop/aaa
[Info] [2026-4-22 20:13:21] PDS Dir Path: D:/desktop/aaa
[Info] [2026-4-22 20:13:25] Configuration is not connect with server. connect first then scan chain.
[Debug] [2026-4-22 20:13:25] Client Local host name:LCR
[Debug] [2026-4-22 20:13:25] Client Local Address:192.168.3.19
[Debug] [2026-4-22 20:13:25] Client Local Address:172.20.152.103
[Debug] [2026-4-22 20:13:25] Client Local Address:192.168.140.1
[Debug] [2026-4-22 20:13:25] Client Local Address:192.168.77.1
[Debug] [2026-4-22 20:13:25] Server Address:127.0.0.1, Port:65420
[Debug] [2026-4-22 20:13:25] Log::Print : Connecting to server[127.0.0.1 : 65420].
[Info] [2026-4-22 20:13:26] Connect OK, Server: 127.0.0.1  Port: 65420
[Debug] [2026-4-22 20:13:26] Finish.
[Info] [2026-4-22 20:13:26] Connect server succeeded
[Debug] [2026-4-22 20:13:26] Send RPC:1
[Debug] [2026-4-22 20:13:26] Send cmd [check version information:40004] OK
[Debug] [2026-4-22 20:13:26] Log::Print : Connect to server[127.0.0.1 : 65420] successfully.
[Debug] [2026-4-22 20:13:27] Send RPC:2
[Debug] [2026-4-22 20:13:27] Send cmd [get_cable_paras:40010] OK
[Debug] [2026-4-22 20:13:27] Begin to send initialize chain cmd...
[Debug] [2026-4-22 20:13:27] Send RPC:3
[Debug] [2026-4-22 20:13:27] Send cmd [Open config cable:20001] OK
[Debug] [2026-4-22 20:13:27] End to send initialize chain cmd.
[Debug] [2026-4-22 20:13:27] COMMAND[check version information] execute successfully, takes 0.7 secs.
[Debug] [2026-4-22 20:13:27] Log::Print : COMMAND[check version information] execute successfully, takes 0.7 secs.
[Debug] [2026-4-22 20:13:28] COMMAND[get_cable_paras] execute successfully, takes 1.5 secs.
[Debug] [2026-4-22 20:13:28] Log::Print : The cable List : 
Cable index 0:USB Cable II/fffffffffffffffe 

[Debug] [2026-4-22 20:13:28] Log::Print : COMMAND[get_cable_paras] execute successfully, takes 1.5 secs.
[Debug] [2026-4-22 20:13:28] begin the exec of open cable cmd...
[Debug] [2026-4-22 20:13:28] Begin to deal with chain from server...
[Debug] [2026-4-22 20:13:28] Begin to set user chain...
[Debug] [2026-4-22 20:13:28] End to set user chain.
[Debug] [2026-4-22 20:13:28] Begin to update graphic item and tree item ...
[Debug] [2026-4-22 20:13:28] End to update graphic item and tree item ...
[Debug] [2026-4-22 20:13:29] Log::Print : PANGO USB CABLE II cable driver: D2XX DLL
[Debug] [2026-4-22 20:13:29] Log::Print : PG2L100H
[Debug] [2026-4-22 20:13:29] Log::Print : This device configure situation (done bit): 1
[Info] [2026-4-22 20:13:31] set OpenLastPath: D:/desktop/aaa/generate_bitstream/hdmi_ddr_ov5640_top.sbit
[Debug] [2026-4-22 20:13:31] begin to get device info from CFG file...
[Debug] [2026-4-22 20:13:31] end to get device info from CFG file...
[Debug] [2026-4-22 20:13:31] Begin to update graphic item and tree item ...
[Debug] [2026-4-22 20:13:31] End to update graphic item and tree item ...
[Debug] [2026-4-22 20:13:31] Begin to update graphic item and tree item ...
[Debug] [2026-4-22 20:13:31] End to update graphic item and tree item ...
[Debug] [2026-4-22 20:13:31] End to deal wiht chain from server.
[Debug] [2026-4-22 20:13:31] end the exec of open cable cmd.
[Debug] [2026-4-22 20:13:31] COMMAND[Open config cable] execute successfully, takes 4.2 secs.
[Debug] [2026-4-22 20:13:31] Log::Print : COMMAND[Open config cable] execute successfully, takes 4.2 secs.
[Debug] [2026-4-22 20:13:32] Begin to send programming cmd...
[Debug] [2026-4-22 20:13:32] Send RPC:4
[Debug] [2026-4-22 20:13:32] Begin to send program data.
[Debug] [2026-4-22 20:13:32] End to send program data.
[Debug] [2026-4-22 20:13:32] Send cmd [Program:20002] OK
[Debug] [2026-4-22 20:13:33] The value of Progress is 6
[Debug] [2026-4-22 20:13:33] The value of Progress is 10
[Debug] [2026-4-22 20:13:33] The value of Progress is 15
[Debug] [2026-4-22 20:13:33] The value of Progress is 20
[Debug] [2026-4-22 20:13:33] The value of Progress is 25
[Debug] [2026-4-22 20:13:34] The value of Progress is 30
[Debug] [2026-4-22 20:13:34] The value of Progress is 35
[Debug] [2026-4-22 20:13:34] The value of Progress is 40
[Debug] [2026-4-22 20:13:34] The value of Progress is 45
[Debug] [2026-4-22 20:13:34] The value of Progress is 50
[Debug] [2026-4-22 20:13:34] The value of Progress is 55
[Debug] [2026-4-22 20:13:34] The value of Progress is 60
[Debug] [2026-4-22 20:13:35] The value of Progress is 65
[Debug] [2026-4-22 20:13:35] The value of Progress is 70
[Debug] [2026-4-22 20:13:35] The value of Progress is 75
[Debug] [2026-4-22 20:13:35] The value of Progress is 80
[Debug] [2026-4-22 20:13:35] The value of Progress is 85
[Debug] [2026-4-22 20:13:35] The value of Progress is 90
[Debug] [2026-4-22 20:13:36] The value of Progress is 95
[Debug] [2026-4-22 20:13:36] The value of Progress is 100
[Debug] [2026-4-22 20:13:36] COMMAND[Program] execute successfully, takes 3.4 secs.
[Debug] [2026-4-22 20:13:36] End to send programming cmd.
[Debug] [2026-4-22 20:13:36] Log::Print : The done bit is 1
[Debug] [2026-4-22 20:13:36] Log::Print : COMMAND[Program] execute successfully, takes 3.4 secs.
[Info] [2026-4-22 20:14:53] /***************************End Configration***************************/
[Info] [2026-4-22 20:35:09] /***************************Start Configuration***************************/
[Info] [2026-4-22 20:35:09] Path: D:/pango/PDS_2022.2-SP6.4/bin
[Info] [2026-4-22 20:35:09] Version: 146967
[Info] [2026-4-22 20:35:10] Current Path: D:/desktop/aaa
[Info] [2026-4-22 20:35:10] PDS Dir Path: D:/desktop/aaa
[Info] [2026-4-22 20:35:13] Configuration is not connect with server. connect first then scan chain.
[Debug] [2026-4-22 20:35:13] Client Local host name:LCR
[Debug] [2026-4-22 20:35:13] Client Local Address:192.168.3.19
[Debug] [2026-4-22 20:35:13] Client Local Address:172.20.152.103
[Debug] [2026-4-22 20:35:13] Client Local Address:192.168.140.1
[Debug] [2026-4-22 20:35:13] Client Local Address:192.168.77.1
[Debug] [2026-4-22 20:35:13] Server Address:127.0.0.1, Port:65420
[Debug] [2026-4-22 20:35:13] Log::Print : Connecting to server[127.0.0.1 : 65420].
[Info] [2026-4-22 20:35:13] Connect OK, Server: 127.0.0.1  Port: 65420
[Debug] [2026-4-22 20:35:13] Finish.
[Info] [2026-4-22 20:35:13] Connect server succeeded
[Debug] [2026-4-22 20:35:13] Send RPC:1
[Debug] [2026-4-22 20:35:13] Send cmd [check version information:40004] OK
[Debug] [2026-4-22 20:35:13] Log::Print : Connect to server[127.0.0.1 : 65420] successfully.
[Debug] [2026-4-22 20:35:14] Send RPC:2
[Debug] [2026-4-22 20:35:14] Send cmd [get_cable_paras:40010] OK
[Debug] [2026-4-22 20:35:14] Begin to send initialize chain cmd...
[Debug] [2026-4-22 20:35:14] Send RPC:3
[Debug] [2026-4-22 20:35:14] Send cmd [Open config cable:20001] OK
[Debug] [2026-4-22 20:35:14] End to send initialize chain cmd.
[Debug] [2026-4-22 20:35:14] COMMAND[check version information] execute successfully, takes 0.7 secs.
[Debug] [2026-4-22 20:35:14] Log::Print : COMMAND[check version information] execute successfully, takes 0.7 secs.
[Debug] [2026-4-22 20:35:15] COMMAND[get_cable_paras] execute successfully, takes 1.3 secs.
[Debug] [2026-4-22 20:35:15] Log::Print : The cable List : 
Cable index 0:USB Cable II/fffffffffffffffe 

[Debug] [2026-4-22 20:35:15] Log::Print : COMMAND[get_cable_paras] execute successfully, takes 1.3 secs.
[Debug] [2026-4-22 20:35:16] begin the exec of open cable cmd...
[Debug] [2026-4-22 20:35:16] Begin to deal with chain from server...
[Debug] [2026-4-22 20:35:16] Begin to set user chain...
[Debug] [2026-4-22 20:35:16] End to set user chain.
[Debug] [2026-4-22 20:35:16] Begin to update graphic item and tree item ...
[Debug] [2026-4-22 20:35:16] End to update graphic item and tree item ...
[Debug] [2026-4-22 20:35:16] Log::Print : PANGO USB CABLE II cable driver: D2XX DLL
[Debug] [2026-4-22 20:35:16] Log::Print : PG2L100H
[Debug] [2026-4-22 20:35:16] Log::Print : This device configure situation (done bit): 1
[Info] [2026-4-22 20:35:18] set OpenLastPath: D:/desktop/aaa/generate_bitstream/hdmi_ddr_ov5640_top.sbit
[Debug] [2026-4-22 20:35:18] begin to get device info from CFG file...
[Debug] [2026-4-22 20:35:18] end to get device info from CFG file...
[Debug] [2026-4-22 20:35:18] Begin to update graphic item and tree item ...
[Debug] [2026-4-22 20:35:18] End to update graphic item and tree item ...
[Debug] [2026-4-22 20:35:18] Begin to update graphic item and tree item ...
[Debug] [2026-4-22 20:35:18] End to update graphic item and tree item ...
[Debug] [2026-4-22 20:35:18] End to deal wiht chain from server.
[Debug] [2026-4-22 20:35:18] end the exec of open cable cmd.
[Debug] [2026-4-22 20:35:18] COMMAND[Open config cable] execute successfully, takes 3.6 secs.
[Debug] [2026-4-22 20:35:18] Log::Print : COMMAND[Open config cable] execute successfully, takes 3.6 secs.
[Debug] [2026-4-22 20:35:19] Begin to send programming cmd...
[Debug] [2026-4-22 20:35:19] Send RPC:4
[Debug] [2026-4-22 20:35:19] Begin to send program data.
[Debug] [2026-4-22 20:35:19] End to send program data.
[Debug] [2026-4-22 20:35:19] Send cmd [Program:20002] OK
[Debug] [2026-4-22 20:35:20] The value of Progress is 6
[Debug] [2026-4-22 20:35:20] The value of Progress is 10
[Debug] [2026-4-22 20:35:20] The value of Progress is 15
[Debug] [2026-4-22 20:35:20] The value of Progress is 20
[Debug] [2026-4-22 20:35:20] The value of Progress is 25
[Debug] [2026-4-22 20:35:21] The value of Progress is 30
[Debug] [2026-4-22 20:35:21] The value of Progress is 35
[Debug] [2026-4-22 20:35:21] The value of Progress is 40
[Debug] [2026-4-22 20:35:21] The value of Progress is 45
[Debug] [2026-4-22 20:35:21] The value of Progress is 50
[Debug] [2026-4-22 20:35:21] The value of Progress is 55
[Debug] [2026-4-22 20:35:21] The value of Progress is 60
[Debug] [2026-4-22 20:35:22] The value of Progress is 65
[Debug] [2026-4-22 20:35:22] The value of Progress is 70
[Debug] [2026-4-22 20:35:22] The value of Progress is 75
[Debug] [2026-4-22 20:35:22] The value of Progress is 80
[Debug] [2026-4-22 20:35:22] The value of Progress is 85
[Debug] [2026-4-22 20:35:22] The value of Progress is 90
[Debug] [2026-4-22 20:35:23] The value of Progress is 95
[Debug] [2026-4-22 20:35:23] The value of Progress is 100
[Debug] [2026-4-22 20:35:23] COMMAND[Program] execute successfully, takes 3.4 secs.
[Debug] [2026-4-22 20:35:23] End to send programming cmd.
[Debug] [2026-4-22 20:35:23] Log::Print : The done bit is 1
[Debug] [2026-4-22 20:35:23] Log::Print : COMMAND[Program] execute successfully, takes 3.4 secs.
[Info] [2026-4-22 20:39:26] /***************************End Configration***************************/
[Info] [2026-4-22 21:06:12] /***************************Start Configuration***************************/
[Info] [2026-4-22 21:06:12] Path: D:/pango/PDS_2022.2-SP6.4/bin
[Info] [2026-4-22 21:06:12] Version: 146967
[Info] [2026-4-22 21:06:13] Current Path: D:/desktop/aaa
[Info] [2026-4-22 21:06:13] PDS Dir Path: D:/desktop/aaa
[Info] [2026-4-22 21:06:18] Configuration is not connect with server. connect first then scan chain.
[Debug] [2026-4-22 21:06:18] Client Local host name:LCR
[Debug] [2026-4-22 21:06:18] Client Local Address:192.168.3.19
[Debug] [2026-4-22 21:06:18] Client Local Address:172.20.152.103
[Debug] [2026-4-22 21:06:18] Client Local Address:192.168.140.1
[Debug] [2026-4-22 21:06:18] Client Local Address:192.168.77.1
[Debug] [2026-4-22 21:06:18] Server Address:127.0.0.1, Port:65420
[Debug] [2026-4-22 21:06:18] Log::Print : Connecting to server[127.0.0.1 : 65420].
[Info] [2026-4-22 21:06:18] Connect OK, Server: 127.0.0.1  Port: 65420
[Debug] [2026-4-22 21:06:18] Finish.
[Info] [2026-4-22 21:06:18] Connect server succeeded
[Debug] [2026-4-22 21:06:18] Send RPC:1
[Debug] [2026-4-22 21:06:18] Send cmd [check version information:40004] OK
[Debug] [2026-4-22 21:06:18] Send RPC:2
[Debug] [2026-4-22 21:06:18] Send cmd [get_cable_paras:40010] OK
[Debug] [2026-4-22 21:06:18] Begin to send initialize chain cmd...
[Debug] [2026-4-22 21:06:18] Send RPC:3
[Debug] [2026-4-22 21:06:18] Send cmd [Open config cable:20001] OK
[Debug] [2026-4-22 21:06:18] End to send initialize chain cmd.
[Debug] [2026-4-22 21:06:18] COMMAND[check version information] execute successfully, takes 0.0 secs.
[Debug] [2026-4-22 21:06:18] Log::Print : Connect to server[127.0.0.1 : 65420] successfully.
[Debug] [2026-4-22 21:06:18] Log::Print : COMMAND[check version information] execute successfully, takes 0.0 secs.
[Debug] [2026-4-22 21:06:20] COMMAND[get_cable_paras] execute successfully, takes 1.6 secs.
[Debug] [2026-4-22 21:06:20] Log::Print : The cable List : 
Cable index 0:USB Cable II/fffffffffffffffe 

[Debug] [2026-4-22 21:06:20] Log::Print : COMMAND[get_cable_paras] execute successfully, takes 1.6 secs.
[Debug] [2026-4-22 21:06:20] begin the exec of open cable cmd...
[Debug] [2026-4-22 21:06:20] Begin to deal with chain from server...
[Debug] [2026-4-22 21:06:20] Begin to set user chain...
[Debug] [2026-4-22 21:06:20] End to set user chain.
[Debug] [2026-4-22 21:06:20] Begin to update graphic item and tree item ...
[Debug] [2026-4-22 21:06:20] End to update graphic item and tree item ...
[Debug] [2026-4-22 21:06:20] Log::Print : PANGO USB CABLE II cable driver: D2XX DLL
[Debug] [2026-4-22 21:06:20] Log::Print : PG2L100H
[Debug] [2026-4-22 21:06:20] Log::Print : This device configure situation (done bit): 1
[Info] [2026-4-22 21:06:22] set OpenLastPath: D:/desktop/aaa/generate_bitstream/hdmi_ddr_ov5640_top.sbit
[Debug] [2026-4-22 21:06:22] begin to get device info from CFG file...
[Debug] [2026-4-22 21:06:22] end to get device info from CFG file...
[Debug] [2026-4-22 21:06:22] Begin to update graphic item and tree item ...
[Debug] [2026-4-22 21:06:22] End to update graphic item and tree item ...
[Debug] [2026-4-22 21:06:22] Begin to update graphic item and tree item ...
[Debug] [2026-4-22 21:06:22] End to update graphic item and tree item ...
[Debug] [2026-4-22 21:06:22] End to deal wiht chain from server.
[Debug] [2026-4-22 21:06:22] end the exec of open cable cmd.
[Debug] [2026-4-22 21:06:22] COMMAND[Open config cable] execute successfully, takes 4.2 secs.
[Debug] [2026-4-22 21:06:22] Log::Print : COMMAND[Open config cable] execute successfully, takes 4.2 secs.
[Debug] [2026-4-22 21:06:24] Begin to send programming cmd...
[Debug] [2026-4-22 21:06:24] Send RPC:4
[Debug] [2026-4-22 21:06:24] Begin to send program data.
[Debug] [2026-4-22 21:06:24] End to send program data.
[Debug] [2026-4-22 21:06:24] Send cmd [Program:20002] OK
[Debug] [2026-4-22 21:06:24] The value of Progress is 6
[Debug] [2026-4-22 21:06:25] The value of Progress is 10
[Debug] [2026-4-22 21:06:25] The value of Progress is 15
[Debug] [2026-4-22 21:06:25] The value of Progress is 20
[Debug] [2026-4-22 21:06:25] The value of Progress is 25
[Debug] [2026-4-22 21:06:25] The value of Progress is 30
[Debug] [2026-4-22 21:06:25] The value of Progress is 35
[Debug] [2026-4-22 21:06:25] The value of Progress is 40
[Debug] [2026-4-22 21:06:26] The value of Progress is 45
[Debug] [2026-4-22 21:06:26] The value of Progress is 50
[Debug] [2026-4-22 21:06:26] The value of Progress is 55
[Debug] [2026-4-22 21:06:26] The value of Progress is 60
[Debug] [2026-4-22 21:06:26] The value of Progress is 65
[Debug] [2026-4-22 21:06:26] The value of Progress is 70
[Debug] [2026-4-22 21:06:27] The value of Progress is 75
[Debug] [2026-4-22 21:06:27] The value of Progress is 80
[Debug] [2026-4-22 21:06:27] The value of Progress is 85
[Debug] [2026-4-22 21:06:27] The value of Progress is 90
[Debug] [2026-4-22 21:06:27] The value of Progress is 95
[Debug] [2026-4-22 21:06:27] The value of Progress is 100
[Debug] [2026-4-22 21:06:27] COMMAND[Program] execute successfully, takes 3.4 secs.
[Debug] [2026-4-22 21:06:27] End to send programming cmd.
[Debug] [2026-4-22 21:06:27] Log::Print : The done bit is 1
[Debug] [2026-4-22 21:06:27] Log::Print : COMMAND[Program] execute successfully, takes 3.4 secs.
[Debug] [2026-4-22 21:17:40] Begin to send initialize chain cmd...
[Debug] [2026-4-22 21:17:40] Send RPC:5
[Debug] [2026-4-22 21:17:40] Send cmd [Open config cable:20001] OK
[Debug] [2026-4-22 21:17:40] End to send initialize chain cmd.
[Debug] [2026-4-22 21:17:40] begin the exec of open cable cmd...
[Debug] [2026-4-22 21:17:40] Begin to deal with chain from server...
[Debug] [2026-4-22 21:17:40] Begin to set user chain...
[Debug] [2026-4-22 21:17:40] End to set user chain.
[Debug] [2026-4-22 21:17:40] Begin to update graphic item and tree item ...
[Debug] [2026-4-22 21:17:40] End to update graphic item and tree item ...
[Debug] [2026-4-22 21:17:40] Log::Print : PANGO USB CABLE II cable driver: D2XX DLL
[Debug] [2026-4-22 21:17:40] Log::Print : PG2L100H
[Debug] [2026-4-22 21:17:40] Log::Print : This device configure situation (done bit): 1
[Info] [2026-4-22 21:17:42] set OpenLastPath: D:/desktop/aaa/generate_bitstream/hdmi_ddr_ov5640_top.sbit
[Debug] [2026-4-22 21:17:42] begin to get device info from CFG file...
[Debug] [2026-4-22 21:17:42] end to get device info from CFG file...
[Debug] [2026-4-22 21:17:42] Begin to update graphic item and tree item ...
[Debug] [2026-4-22 21:17:42] End to update graphic item and tree item ...
[Debug] [2026-4-22 21:17:42] Begin to update graphic item and tree item ...
[Debug] [2026-4-22 21:17:42] End to update graphic item and tree item ...
[Debug] [2026-4-22 21:17:42] End to deal wiht chain from server.
[Debug] [2026-4-22 21:17:42] end the exec of open cable cmd.
[Debug] [2026-4-22 21:17:42] COMMAND[Open config cable] execute successfully, takes 2.3 secs.
[Debug] [2026-4-22 21:17:42] Log::Print : COMMAND[Open config cable] execute successfully, takes 2.3 secs.
[Debug] [2026-4-22 21:17:45] Begin to send programming cmd...
[Debug] [2026-4-22 21:17:45] Send RPC:6
[Debug] [2026-4-22 21:17:45] Begin to send program data.
[Debug] [2026-4-22 21:17:45] End to send program data.
[Debug] [2026-4-22 21:17:45] Send cmd [Program:20002] OK
[Debug] [2026-4-22 21:17:45] The value of Progress is 6
[Debug] [2026-4-22 21:17:45] The value of Progress is 10
[Debug] [2026-4-22 21:17:46] The value of Progress is 15
[Debug] [2026-4-22 21:17:46] The value of Progress is 20
[Debug] [2026-4-22 21:17:46] The value of Progress is 25
[Debug] [2026-4-22 21:17:46] The value of Progress is 30
[Debug] [2026-4-22 21:17:46] The value of Progress is 35
[Debug] [2026-4-22 21:17:46] The value of Progress is 40
[Debug] [2026-4-22 21:17:47] The value of Progress is 45
[Debug] [2026-4-22 21:17:47] The value of Progress is 50
[Debug] [2026-4-22 21:17:47] The value of Progress is 55
[Debug] [2026-4-22 21:17:47] The value of Progress is 60
[Debug] [2026-4-22 21:17:47] The value of Progress is 65
[Debug] [2026-4-22 21:17:47] The value of Progress is 70
[Debug] [2026-4-22 21:17:47] The value of Progress is 75
[Debug] [2026-4-22 21:17:48] The value of Progress is 80
[Debug] [2026-4-22 21:17:48] The value of Progress is 85
[Debug] [2026-4-22 21:17:48] The value of Progress is 90
[Debug] [2026-4-22 21:17:48] The value of Progress is 95
[Debug] [2026-4-22 21:17:48] The value of Progress is 100
[Debug] [2026-4-22 21:17:48] COMMAND[Program] execute successfully, takes 3.4 secs.
[Debug] [2026-4-22 21:17:48] End to send programming cmd.
[Debug] [2026-4-22 21:17:48] Log::Print : The done bit is 1
[Debug] [2026-4-22 21:17:48] Log::Print : COMMAND[Program] execute successfully, takes 3.4 secs.
[Info] [2026-4-22 21:19:12] /***************************End Configration***************************/
[Info] [2026-4-22 21:31:25] /***************************Start Configuration***************************/
[Info] [2026-4-22 21:31:25] Path: D:/pango/PDS_2022.2-SP6.4/bin
[Info] [2026-4-22 21:31:25] Version: 146967
[Info] [2026-4-22 21:31:26] Current Path: D:/desktop/aaa
[Info] [2026-4-22 21:31:26] PDS Dir Path: D:/desktop/aaa
[Info] [2026-4-22 21:31:28] Configuration is not connect with server. connect first then scan chain.
[Debug] [2026-4-22 21:31:28] Client Local host name:LCR
[Debug] [2026-4-22 21:31:28] Client Local Address:192.168.3.19
[Debug] [2026-4-22 21:31:28] Client Local Address:172.20.152.103
[Debug] [2026-4-22 21:31:28] Client Local Address:192.168.140.1
[Debug] [2026-4-22 21:31:28] Client Local Address:192.168.77.1
[Debug] [2026-4-22 21:31:28] Server Address:127.0.0.1, Port:65420
[Debug] [2026-4-22 21:31:28] Log::Print : Connecting to server[127.0.0.1 : 65420].
[Info] [2026-4-22 21:31:28] Connect OK, Server: 127.0.0.1  Port: 65420
[Debug] [2026-4-22 21:31:28] Finish.
[Info] [2026-4-22 21:31:28] Connect server succeeded
[Debug] [2026-4-22 21:31:28] Send RPC:1
[Debug] [2026-4-22 21:31:28] Send cmd [check version information:40004] OK
[Debug] [2026-4-22 21:31:28] Log::Print : Connect to server[127.0.0.1 : 65420] successfully.
[Debug] [2026-4-22 21:31:29] Send RPC:2
[Debug] [2026-4-22 21:31:29] Send cmd [get_cable_paras:40010] OK
[Debug] [2026-4-22 21:31:29] Begin to send initialize chain cmd...
[Debug] [2026-4-22 21:31:29] Send RPC:3
[Debug] [2026-4-22 21:31:29] Send cmd [Open config cable:20001] OK
[Debug] [2026-4-22 21:31:29] End to send initialize chain cmd.
[Debug] [2026-4-22 21:31:29] COMMAND[check version information] execute successfully, takes 0.5 secs.
[Debug] [2026-4-22 21:31:29] Log::Print : COMMAND[check version information] execute successfully, takes 0.5 secs.
[Debug] [2026-4-22 21:31:30] COMMAND[get_cable_paras] execute successfully, takes 1.5 secs.
[Debug] [2026-4-22 21:31:30] Log::Print : The cable List : 
Cable index 0:USB Cable II/fffffffffffffffe 

[Debug] [2026-4-22 21:31:30] Log::Print : COMMAND[get_cable_paras] execute successfully, takes 1.5 secs.
[Debug] [2026-4-22 21:31:31] begin the exec of open cable cmd...
[Debug] [2026-4-22 21:31:31] Begin to deal with chain from server...
[Debug] [2026-4-22 21:31:31] Begin to set user chain...
[Debug] [2026-4-22 21:31:31] End to set user chain.
[Debug] [2026-4-22 21:31:31] Begin to update graphic item and tree item ...
[Debug] [2026-4-22 21:31:31] End to update graphic item and tree item ...
[Debug] [2026-4-22 21:31:31] Log::Print : PANGO USB CABLE II cable driver: D2XX DLL
[Debug] [2026-4-22 21:31:31] Log::Print : PG2L100H
[Debug] [2026-4-22 21:31:31] Log::Print : This device configure situation (done bit): 1
[Info] [2026-4-22 21:31:33] set OpenLastPath: D:/desktop/aaa/generate_bitstream/hdmi_ddr_ov5640_top.sbit
[Debug] [2026-4-22 21:31:33] begin to get device info from CFG file...
[Debug] [2026-4-22 21:31:33] end to get device info from CFG file...
[Debug] [2026-4-22 21:31:33] Begin to update graphic item and tree item ...
[Debug] [2026-4-22 21:31:33] End to update graphic item and tree item ...
[Debug] [2026-4-22 21:31:33] Begin to update graphic item and tree item ...
[Debug] [2026-4-22 21:31:33] End to update graphic item and tree item ...
[Debug] [2026-4-22 21:31:33] End to deal wiht chain from server.
[Debug] [2026-4-22 21:31:33] end the exec of open cable cmd.
[Debug] [2026-4-22 21:31:33] COMMAND[Open config cable] execute successfully, takes 4.0 secs.
[Debug] [2026-4-22 21:31:33] Log::Print : COMMAND[Open config cable] execute successfully, takes 4.0 secs.
[Debug] [2026-4-22 21:31:44] Begin to send programming cmd...
[Debug] [2026-4-22 21:31:44] Send RPC:4
[Debug] [2026-4-22 21:31:44] Begin to send program data.
[Debug] [2026-4-22 21:31:44] End to send program data.
[Debug] [2026-4-22 21:31:44] Send cmd [Program:20002] OK
[Debug] [2026-4-22 21:31:44] The value of Progress is 6
[Debug] [2026-4-22 21:31:44] The value of Progress is 10
[Debug] [2026-4-22 21:31:45] The value of Progress is 15
[Debug] [2026-4-22 21:31:45] The value of Progress is 20
[Debug] [2026-4-22 21:31:45] The value of Progress is 25
[Debug] [2026-4-22 21:31:45] The value of Progress is 30
[Debug] [2026-4-22 21:31:45] The value of Progress is 35
[Debug] [2026-4-22 21:31:45] The value of Progress is 40
[Debug] [2026-4-22 21:31:46] The value of Progress is 45
[Debug] [2026-4-22 21:31:46] The value of Progress is 50
[Debug] [2026-4-22 21:31:46] The value of Progress is 55
[Debug] [2026-4-22 21:31:46] The value of Progress is 60
[Debug] [2026-4-22 21:31:46] The value of Progress is 65
[Debug] [2026-4-22 21:31:46] The value of Progress is 70
[Debug] [2026-4-22 21:31:46] The value of Progress is 75
[Debug] [2026-4-22 21:31:47] The value of Progress is 80
[Debug] [2026-4-22 21:31:47] The value of Progress is 85
[Debug] [2026-4-22 21:31:47] The value of Progress is 90
[Debug] [2026-4-22 21:31:47] The value of Progress is 95
[Debug] [2026-4-22 21:31:47] The value of Progress is 100
[Debug] [2026-4-22 21:31:47] COMMAND[Program] execute successfully, takes 3.5 secs.
[Debug] [2026-4-22 21:31:47] End to send programming cmd.
[Debug] [2026-4-22 21:31:47] Log::Print : The done bit is 1
[Debug] [2026-4-22 21:31:47] Log::Print : COMMAND[Program] execute successfully, takes 3.5 secs.
[Debug] [2026-4-22 21:34:55] Begin to send programming cmd...
[Debug] [2026-4-22 21:34:55] Send RPC:5
[Debug] [2026-4-22 21:34:55] Begin to send program data.
[Debug] [2026-4-22 21:34:55] End to send program data.
[Debug] [2026-4-22 21:34:55] Send cmd [Program:20002] OK
[Debug] [2026-4-22 21:34:55] The value of Progress is 6
[Debug] [2026-4-22 21:34:56] The value of Progress is 10
[Debug] [2026-4-22 21:34:56] The value of Progress is 15
[Debug] [2026-4-22 21:34:56] The value of Progress is 20
[Debug] [2026-4-22 21:34:56] The value of Progress is 25
[Debug] [2026-4-22 21:34:56] The value of Progress is 30
[Debug] [2026-4-22 21:34:56] The value of Progress is 35
[Debug] [2026-4-22 21:34:57] The value of Progress is 40
[Debug] [2026-4-22 21:34:57] The value of Progress is 45
[Debug] [2026-4-22 21:34:57] The value of Progress is 50
[Debug] [2026-4-22 21:34:57] The value of Progress is 55
[Debug] [2026-4-22 21:34:57] The value of Progress is 60
[Debug] [2026-4-22 21:34:57] The value of Progress is 65
[Debug] [2026-4-22 21:34:57] The value of Progress is 70
[Debug] [2026-4-22 21:34:58] The value of Progress is 75
[Debug] [2026-4-22 21:34:58] The value of Progress is 80
[Debug] [2026-4-22 21:34:58] The value of Progress is 85
[Debug] [2026-4-22 21:34:58] The value of Progress is 90
[Debug] [2026-4-22 21:34:58] The value of Progress is 95
[Debug] [2026-4-22 21:34:58] The value of Progress is 100
[Debug] [2026-4-22 21:34:59] COMMAND[Program] execute successfully, takes 3.4 secs.
[Debug] [2026-4-22 21:34:59] End to send programming cmd.
[Debug] [2026-4-22 21:34:59] Log::Print : The done bit is 1
[Debug] [2026-4-22 21:34:59] Log::Print : COMMAND[Program] execute successfully, takes 3.4 secs.
[Debug] [2026-4-22 21:43:05] Begin to send programming cmd...
[Error] [2026-4-22 21:43:05] can not open bit stream file.
[Debug] [2026-4-22 21:43:05] Send RPC:6
[Debug] [2026-4-22 21:43:05] Begin to send program data.
[Debug] [2026-4-22 21:43:05] End to send program data.
[Debug] [2026-4-22 21:43:05] Send cmd [Program:20002] OK
[Error] [2026-4-22 21:43:06] fail to exec Program cmd...
[Debug] [2026-4-22 21:43:06] End to send programming cmd.
[Error] [2026-4-22 21:43:06] MsgOut: JtagServer-0602: Fail to open D:/desktop/aaa/generate_bitstream/hdmi_ddr_ov5640_top.sbit file.
[Error] [2026-4-22 21:43:06] MsgOut: JtagServer-0602: Fail to open D:/desktop/aaa/generate_bitstream/hdmi_ddr_ov5640_top.sbit file.
[Error] [2026-4-22 21:43:06] MsgOut: Configuration-0008: The command 'Program' execute fail.
[Debug] [2026-4-22 21:43:12] Begin to send initialize chain cmd...
[Debug] [2026-4-22 21:43:12] Send RPC:7
[Debug] [2026-4-22 21:43:12] Send cmd [Open config cable:20001] OK
[Debug] [2026-4-22 21:43:12] End to send initialize chain cmd.
[Debug] [2026-4-22 21:43:12] begin the exec of open cable cmd...
[Debug] [2026-4-22 21:43:12] Begin to deal with chain from server...
[Debug] [2026-4-22 21:43:12] Begin to set user chain...
[Debug] [2026-4-22 21:43:12] End to set user chain.
[Debug] [2026-4-22 21:43:12] Begin to update graphic item and tree item ...
[Debug] [2026-4-22 21:43:12] End to update graphic item and tree item ...
[Debug] [2026-4-22 21:43:12] Log::Print : PANGO USB CABLE II cable driver: D2XX DLL
[Debug] [2026-4-22 21:43:12] Log::Print : PG2L100H
[Debug] [2026-4-22 21:43:12] Log::Print : This device configure situation (done bit): 1
[Info] [2026-4-22 21:43:16] set OpenLastPath: D:/desktop/aaa/generate_bitstream/bak/hdmi_ddr_ov5640_top.sbit
[Debug] [2026-4-22 21:43:16] begin to get device info from CFG file...
[Debug] [2026-4-22 21:43:16] end to get device info from CFG file...
[Debug] [2026-4-22 21:43:16] Begin to update graphic item and tree item ...
[Debug] [2026-4-22 21:43:16] End to update graphic item and tree item ...
[Debug] [2026-4-22 21:43:16] Begin to update graphic item and tree item ...
[Debug] [2026-4-22 21:43:16] End to update graphic item and tree item ...
[Debug] [2026-4-22 21:43:16] End to deal wiht chain from server.
[Debug] [2026-4-22 21:43:16] end the exec of open cable cmd.
[Debug] [2026-4-22 21:43:16] COMMAND[Open config cable] execute successfully, takes 4.0 secs.
[Debug] [2026-4-22 21:43:16] Log::Print : COMMAND[Open config cable] execute successfully, takes 4.0 secs.
[Debug] [2026-4-22 21:43:17] Begin to send programming cmd...
[Debug] [2026-4-22 21:43:17] Send RPC:8
[Debug] [2026-4-22 21:43:17] Begin to send program data.
[Debug] [2026-4-22 21:43:17] End to send program data.
[Debug] [2026-4-22 21:43:17] Send cmd [Program:20002] OK
[Debug] [2026-4-22 21:43:18] The value of Progress is 6
[Debug] [2026-4-22 21:43:18] The value of Progress is 10
[Debug] [2026-4-22 21:43:18] The value of Progress is 15
[Debug] [2026-4-22 21:43:18] The value of Progress is 20
[Debug] [2026-4-22 21:43:18] The value of Progress is 25
[Debug] [2026-4-22 21:43:19] The value of Progress is 30
[Debug] [2026-4-22 21:43:19] The value of Progress is 35
[Debug] [2026-4-22 21:43:19] The value of Progress is 40
[Debug] [2026-4-22 21:43:19] The value of Progress is 45
[Debug] [2026-4-22 21:43:19] The value of Progress is 50
[Debug] [2026-4-22 21:43:19] The value of Progress is 55
[Debug] [2026-4-22 21:43:20] The value of Progress is 60
[Debug] [2026-4-22 21:43:20] The value of Progress is 65
[Debug] [2026-4-22 21:43:20] The value of Progress is 70
[Debug] [2026-4-22 21:43:20] The value of Progress is 75
[Debug] [2026-4-22 21:43:20] The value of Progress is 80
[Debug] [2026-4-22 21:43:20] The value of Progress is 85
[Debug] [2026-4-22 21:43:20] The value of Progress is 90
[Debug] [2026-4-22 21:43:21] The value of Progress is 95
[Debug] [2026-4-22 21:43:21] The value of Progress is 100
[Debug] [2026-4-22 21:43:21] COMMAND[Program] execute successfully, takes 3.4 secs.
[Debug] [2026-4-22 21:43:21] End to send programming cmd.
[Debug] [2026-4-22 21:43:21] Log::Print : The done bit is 1
[Debug] [2026-4-22 21:43:21] Log::Print : COMMAND[Program] execute successfully, takes 3.4 secs.
[Debug] [2026-4-22 21:50:47] Begin to send initialize chain cmd...
[Debug] [2026-4-22 21:50:47] Send RPC:9
[Debug] [2026-4-22 21:50:47] Send cmd [Open config cable:20001] OK
[Debug] [2026-4-22 21:50:47] End to send initialize chain cmd.
[Error] [2026-4-22 21:50:47] fail to exec Open config cable cmd...
[Error] [2026-4-22 21:50:47] MsgOut: JtagServer-0006: Fail to open PANGO USB CABLE II cable.
[Error] [2026-4-22 21:50:47] MsgOut: JtagServer-0306: No devices detected while scanning the JTAG chain, failed detecting JTAG device chain.
[Warn] [2026-4-22 21:50:47] MsgOut: Please check the device power, cable connection situation and whether put the chip in the right way or not.
   If these do not work, try to restart the software.
[Error] [2026-4-22 21:50:47] MsgOut: Configuration-0008: The command 'Open config cable' execute fail.
[Debug] [2026-4-22 21:50:50] Begin to send initialize chain cmd...
[Debug] [2026-4-22 21:50:50] Send RPC:10
[Debug] [2026-4-22 21:50:50] Send cmd [Open config cable:20001] OK
[Debug] [2026-4-22 21:50:50] End to send initialize chain cmd.
[Debug] [2026-4-22 21:50:50] begin the exec of open cable cmd...
[Debug] [2026-4-22 21:50:50] Begin to deal with chain from server...
[Debug] [2026-4-22 21:50:50] Begin to set user chain...
[Debug] [2026-4-22 21:50:50] End to set user chain.
[Debug] [2026-4-22 21:50:50] Begin to update graphic item and tree item ...
[Debug] [2026-4-22 21:50:50] End to update graphic item and tree item ...
[Debug] [2026-4-22 21:50:50] Log::Print : PANGO USB CABLE II cable driver: D2XX DLL
[Debug] [2026-4-22 21:50:50] Log::Print : PG2L100H
[Debug] [2026-4-22 21:50:50] Log::Print : This device configure situation (done bit): 1
[Info] [2026-4-22 21:50:56] set OpenLastPath: D:/desktop/aaa/generate_bitstream/hdmi_ddr_ov5640_top.sbit
[Debug] [2026-4-22 21:50:56] begin to get device info from CFG file...
[Debug] [2026-4-22 21:50:56] end to get device info from CFG file...
[Debug] [2026-4-22 21:50:56] Begin to update graphic item and tree item ...
[Debug] [2026-4-22 21:50:56] End to update graphic item and tree item ...
[Debug] [2026-4-22 21:50:56] Begin to update graphic item and tree item ...
[Debug] [2026-4-22 21:50:56] End to update graphic item and tree item ...
[Debug] [2026-4-22 21:50:56] End to deal wiht chain from server.
[Debug] [2026-4-22 21:50:56] end the exec of open cable cmd.
[Debug] [2026-4-22 21:50:56] COMMAND[Open config cable] execute successfully, takes 5.9 secs.
[Debug] [2026-4-22 21:50:56] Log::Print : COMMAND[Open config cable] execute successfully, takes 5.9 secs.
[Debug] [2026-4-22 21:50:58] Begin to send programming cmd...
[Debug] [2026-4-22 21:50:58] Send RPC:11
[Debug] [2026-4-22 21:50:58] Begin to send program data.
[Debug] [2026-4-22 21:50:58] End to send program data.
[Debug] [2026-4-22 21:50:58] Send cmd [Program:20002] OK
[Debug] [2026-4-22 21:50:59] The value of Progress is 6
[Debug] [2026-4-22 21:50:59] The value of Progress is 10
[Debug] [2026-4-22 21:50:59] The value of Progress is 15
[Debug] [2026-4-22 21:50:59] The value of Progress is 20
[Debug] [2026-4-22 21:50:59] The value of Progress is 25
[Debug] [2026-4-22 21:50:59] The value of Progress is 30
[Debug] [2026-4-22 21:51:00] The value of Progress is 35
[Debug] [2026-4-22 21:51:00] The value of Progress is 40
[Debug] [2026-4-22 21:51:00] The value of Progress is 45
[Debug] [2026-4-22 21:51:00] The value of Progress is 50
[Debug] [2026-4-22 21:51:00] The value of Progress is 55
[Debug] [2026-4-22 21:51:00] The value of Progress is 60
[Debug] [2026-4-22 21:51:01] The value of Progress is 65
[Debug] [2026-4-22 21:51:01] The value of Progress is 70
[Debug] [2026-4-22 21:51:01] The value of Progress is 75
[Debug] [2026-4-22 21:51:01] The value of Progress is 80
[Debug] [2026-4-22 21:51:01] The value of Progress is 85
[Debug] [2026-4-22 21:51:01] The value of Progress is 90
[Debug] [2026-4-22 21:51:02] The value of Progress is 95
[Debug] [2026-4-22 21:51:02] The value of Progress is 100
[Debug] [2026-4-22 21:51:02] COMMAND[Program] execute successfully, takes 3.4 secs.
[Debug] [2026-4-22 21:51:02] End to send programming cmd.
[Debug] [2026-4-22 21:51:02] Log::Print : The done bit is 1
[Debug] [2026-4-22 21:51:02] Log::Print : COMMAND[Program] execute successfully, takes 3.4 secs.
[Debug] [2026-4-22 21:54:30] Begin to send programming cmd...
[Debug] [2026-4-22 21:54:30] Send RPC:12
[Debug] [2026-4-22 21:54:30] Begin to send program data.
[Debug] [2026-4-22 21:54:30] End to send program data.
[Debug] [2026-4-22 21:54:30] Send cmd [Program:20002] OK
[Debug] [2026-4-22 21:54:31] The value of Progress is 6
[Debug] [2026-4-22 21:54:31] The value of Progress is 10
[Debug] [2026-4-22 21:54:31] The value of Progress is 15
[Debug] [2026-4-22 21:54:31] The value of Progress is 20
[Debug] [2026-4-22 21:54:31] The value of Progress is 25
[Debug] [2026-4-22 21:54:32] The value of Progress is 30
[Debug] [2026-4-22 21:54:32] The value of Progress is 35
[Debug] [2026-4-22 21:54:32] The value of Progress is 40
[Debug] [2026-4-22 21:54:32] The value of Progress is 45
[Debug] [2026-4-22 21:54:32] The value of Progress is 50
[Debug] [2026-4-22 21:54:32] The value of Progress is 55
[Debug] [2026-4-22 21:54:33] The value of Progress is 60
[Debug] [2026-4-22 21:54:33] The value of Progress is 65
[Debug] [2026-4-22 21:54:33] The value of Progress is 70
[Debug] [2026-4-22 21:54:33] The value of Progress is 75
[Debug] [2026-4-22 21:54:33] The value of Progress is 80
[Debug] [2026-4-22 21:54:33] The value of Progress is 85
[Debug] [2026-4-22 21:54:34] The value of Progress is 90
[Debug] [2026-4-22 21:54:34] The value of Progress is 95
[Debug] [2026-4-22 21:54:34] The value of Progress is 100
[Debug] [2026-4-22 21:54:34] COMMAND[Program] execute successfully, takes 3.5 secs.
[Debug] [2026-4-22 21:54:34] End to send programming cmd.
[Debug] [2026-4-22 21:54:34] Log::Print : The done bit is 1
[Debug] [2026-4-22 21:54:34] Log::Print : COMMAND[Program] execute successfully, takes 3.5 secs.
[Debug] [2026-4-22 21:56:06] Begin to send programming cmd...
[Debug] [2026-4-22 21:56:06] Send RPC:13
[Debug] [2026-4-22 21:56:06] Begin to send program data.
[Debug] [2026-4-22 21:56:06] End to send program data.
[Debug] [2026-4-22 21:56:06] Send cmd [Program:20002] OK
[Debug] [2026-4-22 21:56:06] The value of Progress is 6
[Debug] [2026-4-22 21:56:06] The value of Progress is 10
[Debug] [2026-4-22 21:56:06] The value of Progress is 15
[Debug] [2026-4-22 21:56:07] The value of Progress is 20
[Debug] [2026-4-22 21:56:07] The value of Progress is 25
[Debug] [2026-4-22 21:56:07] The value of Progress is 30
[Debug] [2026-4-22 21:56:07] The value of Progress is 35
[Debug] [2026-4-22 21:56:07] The value of Progress is 40
[Debug] [2026-4-22 21:56:07] The value of Progress is 45
[Debug] [2026-4-22 21:56:08] The value of Progress is 50
[Debug] [2026-4-22 21:56:08] The value of Progress is 55
[Debug] [2026-4-22 21:56:08] The value of Progress is 60
[Debug] [2026-4-22 21:56:08] The value of Progress is 65
[Debug] [2026-4-22 21:56:08] The value of Progress is 70
[Debug] [2026-4-22 21:56:08] The value of Progress is 75
[Debug] [2026-4-22 21:56:09] The value of Progress is 80
[Debug] [2026-4-22 21:56:09] The value of Progress is 85
[Debug] [2026-4-22 21:56:09] The value of Progress is 90
[Debug] [2026-4-22 21:56:09] The value of Progress is 95
[Debug] [2026-4-22 21:56:09] The value of Progress is 100
[Debug] [2026-4-22 21:56:09] COMMAND[Program] execute successfully, takes 3.4 secs.
[Debug] [2026-4-22 21:56:09] End to send programming cmd.
[Debug] [2026-4-22 21:56:09] Log::Print : The done bit is 1
[Debug] [2026-4-22 21:56:09] Log::Print : COMMAND[Program] execute successfully, takes 3.4 secs.
[Info] [2026-4-22 22:00:06] /***************************End Configration***************************/
[Info] [2026-4-22 22:07:43] /***************************Start Configuration***************************/
[Info] [2026-4-22 22:07:43] Path: D:/pango/PDS_2022.2-SP6.4/bin
[Info] [2026-4-22 22:07:43] Version: 146967
[Info] [2026-4-22 22:07:44] Current Path: D:/desktop/aaa
[Info] [2026-4-22 22:07:44] PDS Dir Path: D:/desktop/aaa
[Info] [2026-4-22 22:07:50] Configuration is not connect with server. connect first then scan chain.
[Debug] [2026-4-22 22:07:50] Client Local host name:LCR
[Debug] [2026-4-22 22:07:50] Client Local Address:192.168.3.19
[Debug] [2026-4-22 22:07:50] Client Local Address:172.20.152.103
[Debug] [2026-4-22 22:07:50] Client Local Address:192.168.140.1
[Debug] [2026-4-22 22:07:50] Client Local Address:192.168.77.1
[Debug] [2026-4-22 22:07:50] Server Address:127.0.0.1, Port:65420
[Debug] [2026-4-22 22:07:51] Log::Print : Connecting to server[127.0.0.1 : 65420].
[Info] [2026-4-22 22:07:51] Connect OK, Server: 127.0.0.1  Port: 65420
[Debug] [2026-4-22 22:07:51] Finish.
[Info] [2026-4-22 22:07:51] Connect server succeeded
[Debug] [2026-4-22 22:07:51] Send RPC:1
[Debug] [2026-4-22 22:07:51] Send cmd [check version information:40004] OK
[Debug] [2026-4-22 22:07:51] Log::Print : Connect to server[127.0.0.1 : 65420] successfully.
[Debug] [2026-4-22 22:07:52] Send RPC:2
[Debug] [2026-4-22 22:07:52] Send cmd [get_cable_paras:40010] OK
[Debug] [2026-4-22 22:07:52] Begin to send initialize chain cmd...
[Debug] [2026-4-22 22:07:52] Send RPC:3
[Debug] [2026-4-22 22:07:52] Send cmd [Open config cable:20001] OK
[Debug] [2026-4-22 22:07:52] End to send initialize chain cmd.
[Debug] [2026-4-22 22:07:52] COMMAND[check version information] execute successfully, takes 1.1 secs.
[Debug] [2026-4-22 22:07:52] Log::Print : COMMAND[check version information] execute successfully, takes 1.1 secs.
[Debug] [2026-4-22 22:07:54] COMMAND[get_cable_paras] execute successfully, takes 2.0 secs.
[Debug] [2026-4-22 22:07:54] Log::Print : The cable List : 
Cable index 0:USB Cable II/fffffffffffffffe 

[Debug] [2026-4-22 22:07:54] Log::Print : COMMAND[get_cable_paras] execute successfully, takes 2.0 secs.
[Debug] [2026-4-22 22:07:54] begin the exec of open cable cmd...
[Debug] [2026-4-22 22:07:54] Begin to deal with chain from server...
[Debug] [2026-4-22 22:07:54] Begin to set user chain...
[Debug] [2026-4-22 22:07:54] End to set user chain.
[Debug] [2026-4-22 22:07:54] Begin to update graphic item and tree item ...
[Debug] [2026-4-22 22:07:54] End to update graphic item and tree item ...
[Debug] [2026-4-22 22:07:54] Log::Print : PANGO USB CABLE II cable driver: D2XX DLL
[Debug] [2026-4-22 22:07:54] Log::Print : PG2L100H
[Debug] [2026-4-22 22:07:54] Log::Print : This device configure situation (done bit): 1
[Info] [2026-4-22 22:07:56] set OpenLastPath: D:/desktop/aaa/generate_bitstream/hdmi_ddr_ov5640_top.sbit
[Debug] [2026-4-22 22:07:56] begin to get device info from CFG file...
[Debug] [2026-4-22 22:07:56] end to get device info from CFG file...
[Debug] [2026-4-22 22:07:56] Begin to update graphic item and tree item ...
[Debug] [2026-4-22 22:07:56] End to update graphic item and tree item ...
[Debug] [2026-4-22 22:07:56] Begin to update graphic item and tree item ...
[Debug] [2026-4-22 22:07:56] End to update graphic item and tree item ...
[Debug] [2026-4-22 22:07:56] End to deal wiht chain from server.
[Debug] [2026-4-22 22:07:56] end the exec of open cable cmd.
[Debug] [2026-4-22 22:07:56] COMMAND[Open config cable] execute successfully, takes 4.1 secs.
[Debug] [2026-4-22 22:07:56] Log::Print : COMMAND[Open config cable] execute successfully, takes 4.1 secs.
[Debug] [2026-4-22 22:07:58] Begin to send programming cmd...
[Debug] [2026-4-22 22:07:58] Send RPC:4
[Debug] [2026-4-22 22:07:58] Begin to send program data.
[Debug] [2026-4-22 22:07:58] End to send program data.
[Debug] [2026-4-22 22:07:58] Send cmd [Program:20002] OK
[Debug] [2026-4-22 22:07:58] The value of Progress is 6
[Debug] [2026-4-22 22:07:58] The value of Progress is 10
[Debug] [2026-4-22 22:07:58] The value of Progress is 15
[Debug] [2026-4-22 22:07:59] The value of Progress is 20
[Debug] [2026-4-22 22:07:59] The value of Progress is 25
[Debug] [2026-4-22 22:07:59] The value of Progress is 30
[Debug] [2026-4-22 22:07:59] The value of Progress is 35
[Debug] [2026-4-22 22:07:59] The value of Progress is 40
[Debug] [2026-4-22 22:07:59] The value of Progress is 45
[Debug] [2026-4-22 22:07:59] The value of Progress is 50
[Debug] [2026-4-22 22:08:00] The value of Progress is 55
[Debug] [2026-4-22 22:08:00] The value of Progress is 60
[Debug] [2026-4-22 22:08:00] The value of Progress is 65
[Debug] [2026-4-22 22:08:00] The value of Progress is 70
[Debug] [2026-4-22 22:08:00] The value of Progress is 75
[Debug] [2026-4-22 22:08:00] The value of Progress is 80
[Debug] [2026-4-22 22:08:01] The value of Progress is 85
[Debug] [2026-4-22 22:08:01] The value of Progress is 90
[Debug] [2026-4-22 22:08:01] The value of Progress is 95
[Debug] [2026-4-22 22:08:01] The value of Progress is 100
[Debug] [2026-4-22 22:08:01] COMMAND[Program] execute successfully, takes 3.4 secs.
[Debug] [2026-4-22 22:08:01] End to send programming cmd.
[Debug] [2026-4-22 22:08:01] Log::Print : The done bit is 1
[Debug] [2026-4-22 22:08:01] Log::Print : COMMAND[Program] execute successfully, takes 3.4 secs.
[Debug] [2026-4-22 22:09:56] Begin to send programming cmd...
[Debug] [2026-4-22 22:09:56] Send RPC:5
[Debug] [2026-4-22 22:09:56] Begin to send program data.
[Debug] [2026-4-22 22:09:56] End to send program data.
[Debug] [2026-4-22 22:09:56] Send cmd [Program:20002] OK
[Debug] [2026-4-22 22:09:56] The value of Progress is 6
[Debug] [2026-4-22 22:09:56] The value of Progress is 10
[Debug] [2026-4-22 22:09:56] The value of Progress is 15
[Debug] [2026-4-22 22:09:56] The value of Progress is 20
[Debug] [2026-4-22 22:09:57] The value of Progress is 25
[Debug] [2026-4-22 22:09:57] The value of Progress is 30
[Debug] [2026-4-22 22:09:57] The value of Progress is 35
[Debug] [2026-4-22 22:09:57] The value of Progress is 40
[Debug] [2026-4-22 22:09:57] The value of Progress is 45
[Debug] [2026-4-22 22:09:57] The value of Progress is 50
[Debug] [2026-4-22 22:09:57] The value of Progress is 55
[Debug] [2026-4-22 22:09:58] The value of Progress is 60
[Debug] [2026-4-22 22:09:58] The value of Progress is 65
[Debug] [2026-4-22 22:09:58] The value of Progress is 70
[Debug] [2026-4-22 22:09:58] The value of Progress is 75
[Debug] [2026-4-22 22:09:58] The value of Progress is 80
[Debug] [2026-4-22 22:09:58] The value of Progress is 85
[Debug] [2026-4-22 22:09:59] The value of Progress is 90
[Debug] [2026-4-22 22:09:59] The value of Progress is 95
[Debug] [2026-4-22 22:09:59] The value of Progress is 100
[Debug] [2026-4-22 22:09:59] COMMAND[Program] execute successfully, takes 3.4 secs.
[Debug] [2026-4-22 22:09:59] End to send programming cmd.
[Debug] [2026-4-22 22:09:59] Log::Print : The done bit is 1
[Debug] [2026-4-22 22:09:59] Log::Print : COMMAND[Program] execute successfully, takes 3.4 secs.
[Debug] [2026-4-22 22:12:50] Begin to send programming cmd...
[Debug] [2026-4-22 22:12:50] Send RPC:6
[Debug] [2026-4-22 22:12:50] Begin to send program data.
[Debug] [2026-4-22 22:12:50] End to send program data.
[Debug] [2026-4-22 22:12:50] Send cmd [Program:20002] OK
[Debug] [2026-4-22 22:12:50] The value of Progress is 6
[Debug] [2026-4-22 22:12:50] The value of Progress is 10
[Debug] [2026-4-22 22:12:50] The value of Progress is 15
[Debug] [2026-4-22 22:12:50] The value of Progress is 20
[Debug] [2026-4-22 22:12:50] The value of Progress is 25
[Debug] [2026-4-22 22:12:51] The value of Progress is 30
[Debug] [2026-4-22 22:12:51] The value of Progress is 35
[Debug] [2026-4-22 22:12:51] The value of Progress is 40
[Debug] [2026-4-22 22:12:51] The value of Progress is 45
[Debug] [2026-4-22 22:12:51] The value of Progress is 50
[Debug] [2026-4-22 22:12:51] The value of Progress is 55
[Debug] [2026-4-22 22:12:52] The value of Progress is 60
[Debug] [2026-4-22 22:12:52] The value of Progress is 65
[Debug] [2026-4-22 22:12:52] The value of Progress is 70
[Debug] [2026-4-22 22:12:52] The value of Progress is 75
[Debug] [2026-4-22 22:12:52] The value of Progress is 80
[Debug] [2026-4-22 22:12:52] The value of Progress is 85
[Debug] [2026-4-22 22:12:53] The value of Progress is 90
[Debug] [2026-4-22 22:12:53] The value of Progress is 95
[Debug] [2026-4-22 22:12:53] The value of Progress is 100
[Debug] [2026-4-22 22:12:53] COMMAND[Program] execute successfully, takes 3.4 secs.
[Debug] [2026-4-22 22:12:53] End to send programming cmd.
[Debug] [2026-4-22 22:12:53] Log::Print : The done bit is 1
[Debug] [2026-4-22 22:12:53] Log::Print : COMMAND[Program] execute successfully, takes 3.4 secs.
[Info] [2026-4-22 22:14:16] /***************************End Configration***************************/
[Info] [2026-4-24 16:03:43] /***************************Start Configuration***************************/
[Info] [2026-4-24 16:03:43] Path: D:/pango/PDS_2022.2-SP6.4/bin
[Info] [2026-4-24 16:03:43] Version: 146967
[Info] [2026-4-24 16:03:44] Current Path: D:/desktop/aaa
[Info] [2026-4-24 16:03:44] PDS Dir Path: D:/desktop/aaa
[Info] [2026-4-24 16:03:47] Configuration is not connect with server. connect first then scan chain.
[Debug] [2026-4-24 16:03:47] Client Local host name:LCR
[Debug] [2026-4-24 16:03:47] Client Local Address:192.168.3.19
[Debug] [2026-4-24 16:03:47] Client Local Address:192.168.140.1
[Debug] [2026-4-24 16:03:47] Client Local Address:192.168.77.1
[Debug] [2026-4-24 16:03:47] Server Address:127.0.0.1, Port:65420
[Debug] [2026-4-24 16:03:47] Log::Print : Connecting to server[127.0.0.1 : 65420].
[Info] [2026-4-24 16:03:47] Connect OK, Server: 127.0.0.1  Port: 65420
[Debug] [2026-4-24 16:03:47] Finish.
[Info] [2026-4-24 16:03:47] Connect server succeeded
[Debug] [2026-4-24 16:03:47] Send RPC:1
[Debug] [2026-4-24 16:03:47] Send cmd [check version information:40004] OK
[Debug] [2026-4-24 16:03:47] Log::Print : Connect to server[127.0.0.1 : 65420] successfully.
[Debug] [2026-4-24 16:03:48] Send RPC:2
[Debug] [2026-4-24 16:03:48] Send cmd [get_cable_paras:40010] OK
[Debug] [2026-4-24 16:03:48] Begin to send initialize chain cmd...
[Debug] [2026-4-24 16:03:48] Send RPC:3
[Debug] [2026-4-24 16:03:48] Send cmd [Open config cable:20001] OK
[Debug] [2026-4-24 16:03:48] End to send initialize chain cmd.
[Debug] [2026-4-24 16:03:48] COMMAND[check version information] execute successfully, takes 1.0 secs.
[Debug] [2026-4-24 16:03:48] Log::Print : COMMAND[check version information] execute successfully, takes 1.0 secs.
[Debug] [2026-4-24 16:03:50] COMMAND[get_cable_paras] execute successfully, takes 1.3 secs.
[Debug] [2026-4-24 16:03:50] Log::Print : The cable List : 
Cable index 0:USB Cable II/fffffffffffffffe 

[Debug] [2026-4-24 16:03:50] Log::Print : COMMAND[get_cable_paras] execute successfully, takes 1.3 secs.
[Debug] [2026-4-24 16:03:50] begin the exec of open cable cmd...
[Debug] [2026-4-24 16:03:50] Begin to deal with chain from server...
[Debug] [2026-4-24 16:03:50] Begin to set user chain...
[Debug] [2026-4-24 16:03:50] End to set user chain.
[Debug] [2026-4-24 16:03:50] Begin to update graphic item and tree item ...
[Debug] [2026-4-24 16:03:50] End to update graphic item and tree item ...
[Debug] [2026-4-24 16:03:50] Log::Print : PANGO USB CABLE II cable driver: D2XX DLL
[Debug] [2026-4-24 16:03:50] Log::Print : PG2L100H
[Debug] [2026-4-24 16:03:50] Log::Print : This device configure situation (done bit): 1
[Info] [2026-4-24 16:03:53] set OpenLastPath: D:/desktop/aaa/generate_bitstream/bak/hdmi_ddr_ov5640_top.sbit
[Debug] [2026-4-24 16:03:53] begin to get device info from CFG file...
[Debug] [2026-4-24 16:03:53] end to get device info from CFG file...
[Debug] [2026-4-24 16:03:53] Begin to update graphic item and tree item ...
[Debug] [2026-4-24 16:03:53] End to update graphic item and tree item ...
[Debug] [2026-4-24 16:03:53] Begin to update graphic item and tree item ...
[Debug] [2026-4-24 16:03:53] End to update graphic item and tree item ...
[Debug] [2026-4-24 16:03:53] End to deal wiht chain from server.
[Debug] [2026-4-24 16:03:53] end the exec of open cable cmd.
[Debug] [2026-4-24 16:03:53] COMMAND[Open config cable] execute successfully, takes 4.5 secs.
[Debug] [2026-4-24 16:03:53] Log::Print : COMMAND[Open config cable] execute successfully, takes 4.5 secs.
[Debug] [2026-4-24 16:03:56] Begin to send programming cmd...
[Debug] [2026-4-24 16:03:56] Send RPC:4
[Debug] [2026-4-24 16:03:56] Begin to send program data.
[Debug] [2026-4-24 16:03:56] End to send program data.
[Debug] [2026-4-24 16:03:56] Send cmd [Program:20002] OK
[Debug] [2026-4-24 16:03:57] The value of Progress is 6
[Debug] [2026-4-24 16:03:57] The value of Progress is 10
[Debug] [2026-4-24 16:03:57] The value of Progress is 15
[Debug] [2026-4-24 16:03:57] The value of Progress is 20
[Debug] [2026-4-24 16:03:57] The value of Progress is 25
[Debug] [2026-4-24 16:03:57] The value of Progress is 30
[Debug] [2026-4-24 16:03:58] The value of Progress is 35
[Debug] [2026-4-24 16:03:58] The value of Progress is 40
[Debug] [2026-4-24 16:03:58] The value of Progress is 45
[Debug] [2026-4-24 16:03:58] The value of Progress is 50
[Debug] [2026-4-24 16:03:58] The value of Progress is 55
[Debug] [2026-4-24 16:03:58] The value of Progress is 60
[Debug] [2026-4-24 16:03:59] The value of Progress is 65
[Debug] [2026-4-24 16:03:59] The value of Progress is 70
[Debug] [2026-4-24 16:03:59] The value of Progress is 75
[Debug] [2026-4-24 16:03:59] The value of Progress is 80
[Debug] [2026-4-24 16:03:59] The value of Progress is 85
[Debug] [2026-4-24 16:03:59] The value of Progress is 90
[Debug] [2026-4-24 16:04:00] The value of Progress is 95
[Debug] [2026-4-24 16:04:00] The value of Progress is 100
[Debug] [2026-4-24 16:04:00] COMMAND[Program] execute successfully, takes 3.4 secs.
[Debug] [2026-4-24 16:04:00] End to send programming cmd.
[Debug] [2026-4-24 16:04:00] Log::Print : The done bit is 1
[Debug] [2026-4-24 16:04:00] Log::Print : COMMAND[Program] execute successfully, takes 3.4 secs.
[Debug] [2026-4-24 16:47:37] Begin to send programming cmd...
[Debug] [2026-4-24 16:47:37] Send RPC:5
[Debug] [2026-4-24 16:47:37] Begin to send program data.
[Debug] [2026-4-24 16:47:37] End to send program data.
[Debug] [2026-4-24 16:47:37] Send cmd [Program:20002] OK
[Debug] [2026-4-24 16:47:37] The value of Progress is 6
[Debug] [2026-4-24 16:47:37] The value of Progress is 10
[Debug] [2026-4-24 16:47:37] The value of Progress is 15
[Debug] [2026-4-24 16:47:38] The value of Progress is 20
[Debug] [2026-4-24 16:47:38] The value of Progress is 25
[Debug] [2026-4-24 16:47:38] The value of Progress is 30
[Debug] [2026-4-24 16:47:38] The value of Progress is 35
[Debug] [2026-4-24 16:47:38] The value of Progress is 40
[Debug] [2026-4-24 16:47:38] The value of Progress is 45
[Debug] [2026-4-24 16:47:39] The value of Progress is 50
[Debug] [2026-4-24 16:47:39] The value of Progress is 55
[Debug] [2026-4-24 16:47:39] The value of Progress is 60
[Debug] [2026-4-24 16:47:39] The value of Progress is 65
[Debug] [2026-4-24 16:47:39] The value of Progress is 70
[Debug] [2026-4-24 16:47:39] The value of Progress is 75
[Debug] [2026-4-24 16:47:40] The value of Progress is 80
[Debug] [2026-4-24 16:47:40] The value of Progress is 85
[Debug] [2026-4-24 16:47:40] The value of Progress is 90
[Debug] [2026-4-24 16:47:40] The value of Progress is 95
[Debug] [2026-4-24 16:47:40] The value of Progress is 100
[Debug] [2026-4-24 16:47:40] COMMAND[Program] execute successfully, takes 3.5 secs.
[Debug] [2026-4-24 16:47:40] End to send programming cmd.
[Debug] [2026-4-24 16:47:40] Log::Print : The done bit is 1
[Debug] [2026-4-24 16:47:40] Log::Print : COMMAND[Program] execute successfully, takes 3.5 secs.
[Debug] [2026-4-24 16:47:47] Begin to send programming cmd...
[Debug] [2026-4-24 16:47:47] Send RPC:6
[Debug] [2026-4-24 16:47:47] Begin to send program data.
[Debug] [2026-4-24 16:47:47] End to send program data.
[Debug] [2026-4-24 16:47:47] Send cmd [Program:20002] OK
[Debug] [2026-4-24 16:47:47] The value of Progress is 6
[Debug] [2026-4-24 16:47:48] The value of Progress is 10
[Debug] [2026-4-24 16:47:48] The value of Progress is 15
[Debug] [2026-4-24 16:47:48] The value of Progress is 20
[Debug] [2026-4-24 16:47:48] The value of Progress is 25
[Debug] [2026-4-24 16:47:48] The value of Progress is 30
[Debug] [2026-4-24 16:47:48] The value of Progress is 35
[Debug] [2026-4-24 16:47:48] The value of Progress is 40
[Debug] [2026-4-24 16:47:49] The value of Progress is 45
[Debug] [2026-4-24 16:47:49] The value of Progress is 50
[Debug] [2026-4-24 16:47:49] The value of Progress is 55
[Debug] [2026-4-24 16:47:49] The value of Progress is 60
[Debug] [2026-4-24 16:47:49] The value of Progress is 65
[Debug] [2026-4-24 16:47:49] End to send programming cmd.
[Debug] [2026-4-24 16:47:49] The value of Progress is 70
[Debug] [2026-4-24 16:47:50] The value of Progress is 75
[Debug] [2026-4-24 16:47:50] The value of Progress is 80
[Debug] [2026-4-24 16:47:50] The value of Progress is 85
[Debug] [2026-4-24 16:47:50] The value of Progress is 90
[Debug] [2026-4-24 16:47:50] The value of Progress is 95
[Debug] [2026-4-24 16:47:50] The value of Progress is 100
[Debug] [2026-4-24 16:47:50] COMMAND[Program] execute successfully, takes 3.4 secs.
[Debug] [2026-4-24 16:47:50] Log::Print : The done bit is 1
[Debug] [2026-4-24 16:47:50] Log::Print : COMMAND[Program] execute successfully, takes 3.4 secs.
[Debug] [2026-4-24 16:47:51] Begin to send initialize chain cmd...
[Debug] [2026-4-24 16:47:51] Send RPC:7
[Debug] [2026-4-24 16:47:51] Send cmd [Open config cable:20001] OK
[Debug] [2026-4-24 16:47:51] End to send initialize chain cmd.
[Debug] [2026-4-24 16:47:51] begin the exec of open cable cmd...
[Debug] [2026-4-24 16:47:51] Begin to deal with chain from server...
[Debug] [2026-4-24 16:47:51] Begin to set user chain...
[Debug] [2026-4-24 16:47:51] End to set user chain.
[Debug] [2026-4-24 16:47:51] Begin to update graphic item and tree item ...
[Debug] [2026-4-24 16:47:51] End to update graphic item and tree item ...
[Debug] [2026-4-24 16:47:51] Log::Print : PANGO USB CABLE II cable driver: D2XX DLL
[Debug] [2026-4-24 16:47:51] Log::Print : PG2L100H
[Debug] [2026-4-24 16:47:51] Log::Print : This device configure situation (done bit): 1
[Info] [2026-4-24 16:47:55] set OpenLastPath: D:/desktop/aaa/generate_bitstream/hdmi_ddr_ov5640_top.sbit
[Debug] [2026-4-24 16:47:55] begin to get device info from CFG file...
[Debug] [2026-4-24 16:47:55] end to get device info from CFG file...
[Debug] [2026-4-24 16:47:55] Begin to update graphic item and tree item ...
[Debug] [2026-4-24 16:47:55] End to update graphic item and tree item ...
[Debug] [2026-4-24 16:47:55] Begin to update graphic item and tree item ...
[Debug] [2026-4-24 16:47:55] End to update graphic item and tree item ...
[Debug] [2026-4-24 16:47:55] End to deal wiht chain from server.
[Debug] [2026-4-24 16:47:55] end the exec of open cable cmd.
[Debug] [2026-4-24 16:47:55] COMMAND[Open config cable] execute successfully, takes 4.3 secs.
[Debug] [2026-4-24 16:47:55] Log::Print : COMMAND[Open config cable] execute successfully, takes 4.3 secs.
[Debug] [2026-4-24 16:47:57] Begin to send programming cmd...
[Debug] [2026-4-24 16:47:57] Send RPC:8
[Debug] [2026-4-24 16:47:57] Begin to send program data.
[Debug] [2026-4-24 16:47:57] End to send program data.
[Debug] [2026-4-24 16:47:57] Send cmd [Program:20002] OK
[Debug] [2026-4-24 16:47:57] The value of Progress is 6
[Debug] [2026-4-24 16:47:57] The value of Progress is 10
[Debug] [2026-4-24 16:47:58] The value of Progress is 15
[Debug] [2026-4-24 16:47:58] The value of Progress is 20
[Debug] [2026-4-24 16:47:58] The value of Progress is 25
[Debug] [2026-4-24 16:47:58] The value of Progress is 30
[Debug] [2026-4-24 16:47:58] The value of Progress is 35
[Debug] [2026-4-24 16:47:58] The value of Progress is 40
[Debug] [2026-4-24 16:47:59] The value of Progress is 45
[Debug] [2026-4-24 16:47:59] The value of Progress is 50
[Debug] [2026-4-24 16:47:59] The value of Progress is 55
[Debug] [2026-4-24 16:47:59] The value of Progress is 60
[Debug] [2026-4-24 16:47:59] The value of Progress is 65
[Debug] [2026-4-24 16:47:59] The value of Progress is 70
[Debug] [2026-4-24 16:48:00] The value of Progress is 75
[Debug] [2026-4-24 16:48:00] The value of Progress is 80
[Debug] [2026-4-24 16:48:00] The value of Progress is 85
[Debug] [2026-4-24 16:48:00] The value of Progress is 90
[Debug] [2026-4-24 16:48:00] The value of Progress is 95
[Debug] [2026-4-24 16:48:00] The value of Progress is 100
[Debug] [2026-4-24 16:48:00] COMMAND[Program] execute successfully, takes 3.4 secs.
[Debug] [2026-4-24 16:48:00] End to send programming cmd.
[Debug] [2026-4-24 16:48:00] Log::Print : The done bit is 1
[Debug] [2026-4-24 16:48:00] Log::Print : COMMAND[Program] execute successfully, takes 3.4 secs.
[Debug] [2026-4-24 16:51:22] Begin to send programming cmd...
[Error] [2026-4-24 16:51:22] can not open bit stream file.
[Debug] [2026-4-24 16:51:22] Send RPC:9
[Debug] [2026-4-24 16:51:22] Begin to send program data.
[Debug] [2026-4-24 16:51:22] End to send program data.
[Debug] [2026-4-24 16:51:22] Send cmd [Program:20002] OK
[Error] [2026-4-24 16:51:22] fail to exec Program cmd...
[Debug] [2026-4-24 16:51:22] End to send programming cmd.
[Error] [2026-4-24 16:51:22] MsgOut: JtagServer-0602: Fail to open D:/desktop/aaa/generate_bitstream/hdmi_ddr_ov5640_top.sbit file.
[Error] [2026-4-24 16:51:22] MsgOut: JtagServer-0602: Fail to open D:/desktop/aaa/generate_bitstream/hdmi_ddr_ov5640_top.sbit file.
[Error] [2026-4-24 16:51:22] MsgOut: Configuration-0008: The command 'Program' execute fail.
[Debug] [2026-4-24 16:51:26] Begin to send programming cmd...
[Error] [2026-4-24 16:51:26] can not open bit stream file.
[Debug] [2026-4-24 16:51:26] Send RPC:10
[Debug] [2026-4-24 16:51:26] Begin to send program data.
[Debug] [2026-4-24 16:51:26] End to send program data.
[Debug] [2026-4-24 16:51:26] Send cmd [Program:20002] OK
[Error] [2026-4-24 16:51:27] fail to exec Program cmd...
[Debug] [2026-4-24 16:51:27] End to send programming cmd.
[Error] [2026-4-24 16:51:27] MsgOut: JtagServer-0602: Fail to open D:/desktop/aaa/generate_bitstream/hdmi_ddr_ov5640_top.sbit file.
[Error] [2026-4-24 16:51:27] MsgOut: JtagServer-0602: Fail to open D:/desktop/aaa/generate_bitstream/hdmi_ddr_ov5640_top.sbit file.
[Error] [2026-4-24 16:51:27] MsgOut: Configuration-0008: The command 'Program' execute fail.
[Debug] [2026-4-24 16:51:28] Begin to send initialize chain cmd...
[Debug] [2026-4-24 16:51:28] Send RPC:11
[Debug] [2026-4-24 16:51:28] Send cmd [Open config cable:20001] OK
[Debug] [2026-4-24 16:51:28] End to send initialize chain cmd.
[Debug] [2026-4-24 16:51:29] begin the exec of open cable cmd...
[Debug] [2026-4-24 16:51:29] Begin to deal with chain from server...
[Debug] [2026-4-24 16:51:29] Begin to set user chain...
[Debug] [2026-4-24 16:51:29] End to set user chain.
[Debug] [2026-4-24 16:51:29] Begin to update graphic item and tree item ...
[Debug] [2026-4-24 16:51:29] End to update graphic item and tree item ...
[Debug] [2026-4-24 16:51:29] Log::Print : PANGO USB CABLE II cable driver: D2XX DLL
[Debug] [2026-4-24 16:51:29] Log::Print : PG2L100H
[Debug] [2026-4-24 16:51:29] Log::Print : This device configure situation (done bit): 0
[Info] [2026-4-24 16:51:32] set OpenLastPath: D:/desktop/aaa/generate_bitstream/bak/hdmi_ddr_ov5640_top.sbit
[Debug] [2026-4-24 16:51:32] begin to get device info from CFG file...
[Debug] [2026-4-24 16:51:32] end to get device info from CFG file...
[Debug] [2026-4-24 16:51:32] Begin to update graphic item and tree item ...
[Debug] [2026-4-24 16:51:32] End to update graphic item and tree item ...
[Debug] [2026-4-24 16:51:32] Begin to update graphic item and tree item ...
[Debug] [2026-4-24 16:51:32] End to update graphic item and tree item ...
[Debug] [2026-4-24 16:51:32] End to deal wiht chain from server.
[Debug] [2026-4-24 16:51:32] end the exec of open cable cmd.
[Debug] [2026-4-24 16:51:32] COMMAND[Open config cable] execute successfully, takes 3.7 secs.
[Debug] [2026-4-24 16:51:32] Log::Print : COMMAND[Open config cable] execute successfully, takes 3.7 secs.
[Debug] [2026-4-24 16:51:34] Begin to send programming cmd...
[Debug] [2026-4-24 16:51:34] Send RPC:12
[Debug] [2026-4-24 16:51:34] Begin to send program data.
[Debug] [2026-4-24 16:51:34] End to send program data.
[Debug] [2026-4-24 16:51:34] Send cmd [Program:20002] OK
[Debug] [2026-4-24 16:51:34] The value of Progress is 6
[Debug] [2026-4-24 16:51:35] The value of Progress is 10
[Debug] [2026-4-24 16:51:35] The value of Progress is 15
[Debug] [2026-4-24 16:51:35] The value of Progress is 20
[Debug] [2026-4-24 16:51:35] The value of Progress is 25
[Debug] [2026-4-24 16:51:35] The value of Progress is 30
[Debug] [2026-4-24 16:51:35] The value of Progress is 35
[Debug] [2026-4-24 16:51:36] The value of Progress is 40
[Debug] [2026-4-24 16:51:36] The value of Progress is 45
[Debug] [2026-4-24 16:51:36] The value of Progress is 50
[Debug] [2026-4-24 16:51:36] The value of Progress is 55
[Debug] [2026-4-24 16:51:36] The value of Progress is 60
[Debug] [2026-4-24 16:51:36] The value of Progress is 65
[Debug] [2026-4-24 16:51:36] The value of Progress is 70
[Debug] [2026-4-24 16:51:37] The value of Progress is 75
[Debug] [2026-4-24 16:51:37] The value of Progress is 80
[Debug] [2026-4-24 16:51:37] The value of Progress is 85
[Debug] [2026-4-24 16:51:37] The value of Progress is 90
[Debug] [2026-4-24 16:51:37] The value of Progress is 95
[Debug] [2026-4-24 16:51:37] The value of Progress is 100
[Debug] [2026-4-24 16:51:38] COMMAND[Program] execute successfully, takes 3.4 secs.
[Debug] [2026-4-24 16:51:38] End to send programming cmd.
[Debug] [2026-4-24 16:51:38] Log::Print : The done bit is 1
[Debug] [2026-4-24 16:51:38] Log::Print : COMMAND[Program] execute successfully, takes 3.4 secs.
[Debug] [2026-4-24 16:51:47] Begin to send reset fpga cmd...
[Debug] [2026-4-24 16:51:47] Send RPC:13
[Debug] [2026-4-24 16:51:47] Send cmd [Reset FPGA:20025] OK
[Debug] [2026-4-24 16:51:47] End to send reset fpga cmd.
[Debug] [2026-4-24 16:51:47] COMMAND[Reset FPGA] execute successfully, takes 0.4 secs.
[Debug] [2026-4-24 16:51:47] Log::Print : COMMAND[Reset FPGA] execute successfully, takes 0.4 secs.
[Debug] [2026-4-24 16:51:49] Begin to operte outer flash through FPGA...
[Debug] [2026-4-24 16:52:15] Begin to send programming cmd...
[Debug] [2026-4-24 16:52:15] Send RPC:14
[Debug] [2026-4-24 16:52:15] Begin to send program data.
[Debug] [2026-4-24 16:52:15] End to send program data.
[Debug] [2026-4-24 16:52:15] Send cmd [Program:20002] OK
[Debug] [2026-4-24 16:52:15] The value of Progress is 6
[Debug] [2026-4-24 16:52:15] The value of Progress is 10
[Debug] [2026-4-24 16:52:15] The value of Progress is 15
[Debug] [2026-4-24 16:52:16] The value of Progress is 20
[Debug] [2026-4-24 16:52:16] The value of Progress is 25
[Debug] [2026-4-24 16:52:16] The value of Progress is 30
[Debug] [2026-4-24 16:52:16] The value of Progress is 35
[Debug] [2026-4-24 16:52:16] The value of Progress is 40
[Debug] [2026-4-24 16:52:16] The value of Progress is 45
[Debug] [2026-4-24 16:52:17] The value of Progress is 50
[Debug] [2026-4-24 16:52:17] The value of Progress is 55
[Debug] [2026-4-24 16:52:17] The value of Progress is 60
[Debug] [2026-4-24 16:52:17] The value of Progress is 65
[Debug] [2026-4-24 16:52:17] The value of Progress is 70
[Debug] [2026-4-24 16:52:17] The value of Progress is 75
[Debug] [2026-4-24 16:52:18] The value of Progress is 80
[Debug] [2026-4-24 16:52:18] The value of Progress is 85
[Debug] [2026-4-24 16:52:18] The value of Progress is 90
[Debug] [2026-4-24 16:52:18] The value of Progress is 95
[Debug] [2026-4-24 16:52:18] The value of Progress is 100
[Debug] [2026-4-24 16:52:18] COMMAND[Program] execute successfully, takes 3.5 secs.
[Debug] [2026-4-24 16:52:18] End to send programming cmd.
[Debug] [2026-4-24 16:52:18] Log::Print : The done bit is 1
[Debug] [2026-4-24 16:52:18] Log::Print : COMMAND[Program] execute successfully, takes 3.5 secs.
[Debug] [2026-4-24 16:59:58] Begin to send initialize chain cmd...
[Debug] [2026-4-24 16:59:58] Send RPC:15
[Debug] [2026-4-24 16:59:58] Send cmd [Open config cable:20001] OK
[Debug] [2026-4-24 16:59:58] End to send initialize chain cmd.
[Debug] [2026-4-24 16:59:58] begin the exec of open cable cmd...
[Debug] [2026-4-24 16:59:58] Begin to deal with chain from server...
[Debug] [2026-4-24 16:59:58] Begin to set user chain...
[Debug] [2026-4-24 16:59:58] End to set user chain.
[Debug] [2026-4-24 16:59:58] Begin to update graphic item and tree item ...
[Debug] [2026-4-24 16:59:58] End to update graphic item and tree item ...
[Debug] [2026-4-24 16:59:58] Log::Print : PANGO USB CABLE II cable driver: D2XX DLL
[Debug] [2026-4-24 16:59:58] Log::Print : PG2L100H
[Debug] [2026-4-24 16:59:58] Log::Print : This device configure situation (done bit): 1
[Info] [2026-4-24 17:00:01] set OpenLastPath: D:/desktop/aaa/generate_bitstream/hdmi_ddr_ov5640_top.sbit
[Debug] [2026-4-24 17:00:01] begin to get device info from CFG file...
[Debug] [2026-4-24 17:00:01] end to get device info from CFG file...
[Debug] [2026-4-24 17:00:01] Begin to update graphic item and tree item ...
[Debug] [2026-4-24 17:00:01] End to update graphic item and tree item ...
[Debug] [2026-4-24 17:00:01] Begin to update graphic item and tree item ...
[Debug] [2026-4-24 17:00:01] End to update graphic item and tree item ...
[Debug] [2026-4-24 17:00:01] End to deal wiht chain from server.
[Debug] [2026-4-24 17:00:01] end the exec of open cable cmd.
[Debug] [2026-4-24 17:00:01] COMMAND[Open config cable] execute successfully, takes 3.3 secs.
[Debug] [2026-4-24 17:00:01] Log::Print : COMMAND[Open config cable] execute successfully, takes 3.3 secs.
[Debug] [2026-4-24 17:00:03] Begin to send programming cmd...
[Debug] [2026-4-24 17:00:03] Send RPC:16
[Debug] [2026-4-24 17:00:03] Begin to send program data.
[Debug] [2026-4-24 17:00:03] End to send program data.
[Debug] [2026-4-24 17:00:03] Send cmd [Program:20002] OK
[Debug] [2026-4-24 17:00:04] The value of Progress is 6
[Debug] [2026-4-24 17:00:04] The value of Progress is 10
[Debug] [2026-4-24 17:00:04] The value of Progress is 15
[Debug] [2026-4-24 17:00:04] The value of Progress is 20
[Debug] [2026-4-24 17:00:04] The value of Progress is 25
[Debug] [2026-4-24 17:00:05] The value of Progress is 30
[Debug] [2026-4-24 17:00:05] The value of Progress is 35
[Debug] [2026-4-24 17:00:05] The value of Progress is 40
[Debug] [2026-4-24 17:00:05] The value of Progress is 45
[Debug] [2026-4-24 17:00:05] The value of Progress is 50
[Debug] [2026-4-24 17:00:05] The value of Progress is 55
[Debug] [2026-4-24 17:00:06] The value of Progress is 60
[Debug] [2026-4-24 17:00:06] The value of Progress is 65
[Debug] [2026-4-24 17:00:06] The value of Progress is 70
[Debug] [2026-4-24 17:00:06] The value of Progress is 75
[Debug] [2026-4-24 17:00:06] The value of Progress is 80
[Debug] [2026-4-24 17:00:06] The value of Progress is 85
[Debug] [2026-4-24 17:00:06] The value of Progress is 90
[Debug] [2026-4-24 17:00:07] The value of Progress is 95
[Debug] [2026-4-24 17:00:07] The value of Progress is 100
[Debug] [2026-4-24 17:00:07] COMMAND[Program] execute successfully, takes 3.4 secs.
[Debug] [2026-4-24 17:00:07] End to send programming cmd.
[Debug] [2026-4-24 17:00:07] Log::Print : The done bit is 1
[Debug] [2026-4-24 17:00:07] Log::Print : COMMAND[Program] execute successfully, takes 3.4 secs.
[Debug] [2026-4-24 17:00:20] Begin to send programming cmd...
[Debug] [2026-4-24 17:00:20] Send RPC:17
[Debug] [2026-4-24 17:00:20] Begin to send program data.
[Debug] [2026-4-24 17:00:20] End to send program data.
[Debug] [2026-4-24 17:00:20] Send cmd [Program:20002] OK
[Debug] [2026-4-24 17:00:20] The value of Progress is 6
[Debug] [2026-4-24 17:00:20] The value of Progress is 10
[Debug] [2026-4-24 17:00:20] The value of Progress is 15
[Debug] [2026-4-24 17:00:21] The value of Progress is 20
[Debug] [2026-4-24 17:00:21] The value of Progress is 25
[Debug] [2026-4-24 17:00:21] The value of Progress is 30
[Debug] [2026-4-24 17:00:21] The value of Progress is 35
[Debug] [2026-4-24 17:00:21] The value of Progress is 40
[Debug] [2026-4-24 17:00:21] The value of Progress is 45
[Debug] [2026-4-24 17:00:22] The value of Progress is 50
[Debug] [2026-4-24 17:00:22] The value of Progress is 55
[Debug] [2026-4-24 17:00:22] The value of Progress is 60
[Debug] [2026-4-24 17:00:22] The value of Progress is 65
[Debug] [2026-4-24 17:00:22] The value of Progress is 70
[Debug] [2026-4-24 17:00:22] The value of Progress is 75
[Debug] [2026-4-24 17:00:22] The value of Progress is 80
[Debug] [2026-4-24 17:00:23] The value of Progress is 85
[Debug] [2026-4-24 17:00:23] The value of Progress is 90
[Debug] [2026-4-24 17:00:23] The value of Progress is 95
[Debug] [2026-4-24 17:00:23] The value of Progress is 100
[Debug] [2026-4-24 17:00:23] COMMAND[Program] execute successfully, takes 3.4 secs.
[Debug] [2026-4-24 17:00:23] End to send programming cmd.
[Debug] [2026-4-24 17:00:23] Log::Print : The done bit is 1
[Debug] [2026-4-24 17:00:23] Log::Print : COMMAND[Program] execute successfully, takes 3.4 secs.
[Debug] [2026-4-24 17:12:50] Begin to send initialize chain cmd...
[Debug] [2026-4-24 17:12:50] Send RPC:18
[Debug] [2026-4-24 17:12:50] Send cmd [Open config cable:20001] OK
[Debug] [2026-4-24 17:12:50] End to send initialize chain cmd.
[Debug] [2026-4-24 17:12:50] begin the exec of open cable cmd...
[Debug] [2026-4-24 17:12:50] Begin to deal with chain from server...
[Debug] [2026-4-24 17:12:50] Begin to set user chain...
[Debug] [2026-4-24 17:12:50] End to set user chain.
[Debug] [2026-4-24 17:12:50] Begin to update graphic item and tree item ...
[Debug] [2026-4-24 17:12:50] End to update graphic item and tree item ...
[Debug] [2026-4-24 17:12:51] Log::Print : PANGO USB CABLE II cable driver: D2XX DLL
[Debug] [2026-4-24 17:12:51] Log::Print : PG2L100H
[Debug] [2026-4-24 17:12:51] Log::Print : This device configure situation (done bit): 1
[Info] [2026-4-24 17:12:52] set OpenLastPath: D:/desktop/aaa/generate_bitstream/hdmi_ddr_ov5640_top.sbit
[Debug] [2026-4-24 17:12:52] begin to get device info from CFG file...
[Debug] [2026-4-24 17:12:52] end to get device info from CFG file...
[Debug] [2026-4-24 17:12:52] Begin to update graphic item and tree item ...
[Debug] [2026-4-24 17:12:52] End to update graphic item and tree item ...
[Debug] [2026-4-24 17:12:52] Begin to update graphic item and tree item ...
[Debug] [2026-4-24 17:12:52] End to update graphic item and tree item ...
[Debug] [2026-4-24 17:12:52] End to deal wiht chain from server.
[Debug] [2026-4-24 17:12:52] end the exec of open cable cmd.
[Debug] [2026-4-24 17:12:52] COMMAND[Open config cable] execute successfully, takes 2.4 secs.
[Debug] [2026-4-24 17:12:52] Log::Print : COMMAND[Open config cable] execute successfully, takes 2.4 secs.
[Debug] [2026-4-24 17:12:54] Begin to send programming cmd...
[Debug] [2026-4-24 17:12:54] Send RPC:19
[Debug] [2026-4-24 17:12:54] Begin to send program data.
[Debug] [2026-4-24 17:12:54] End to send program data.
[Debug] [2026-4-24 17:12:54] Send cmd [Program:20002] OK
[Debug] [2026-4-24 17:12:54] The value of Progress is 6
[Debug] [2026-4-24 17:12:54] The value of Progress is 10
[Debug] [2026-4-24 17:12:55] The value of Progress is 15
[Debug] [2026-4-24 17:12:55] The value of Progress is 20
[Debug] [2026-4-24 17:12:55] The value of Progress is 25
[Debug] [2026-4-24 17:12:55] The value of Progress is 30
[Debug] [2026-4-24 17:12:55] The value of Progress is 35
[Debug] [2026-4-24 17:12:55] The value of Progress is 40
[Debug] [2026-4-24 17:12:56] The value of Progress is 45
[Debug] [2026-4-24 17:12:56] The value of Progress is 50
[Debug] [2026-4-24 17:12:56] The value of Progress is 55
[Debug] [2026-4-24 17:12:56] The value of Progress is 60
[Debug] [2026-4-24 17:12:56] The value of Progress is 65
[Debug] [2026-4-24 17:12:56] The value of Progress is 70
[Debug] [2026-4-24 17:12:57] The value of Progress is 75
[Debug] [2026-4-24 17:12:57] The value of Progress is 80
[Debug] [2026-4-24 17:12:57] The value of Progress is 85
[Debug] [2026-4-24 17:12:57] The value of Progress is 90
[Debug] [2026-4-24 17:12:57] The value of Progress is 95
[Debug] [2026-4-24 17:12:57] The value of Progress is 100
[Debug] [2026-4-24 17:12:57] COMMAND[Program] execute successfully, takes 3.4 secs.
[Debug] [2026-4-24 17:12:57] End to send programming cmd.
[Debug] [2026-4-24 17:12:57] Log::Print : The done bit is 1
[Debug] [2026-4-24 17:12:57] Log::Print : COMMAND[Program] execute successfully, takes 3.4 secs.
[Debug] [2026-4-24 17:13:03] Begin to send programming cmd...
[Debug] [2026-4-24 17:13:03] Send RPC:20
[Debug] [2026-4-24 17:13:03] Begin to send program data.
[Debug] [2026-4-24 17:13:03] End to send program data.
[Debug] [2026-4-24 17:13:03] Send cmd [Program:20002] OK
[Debug] [2026-4-24 17:13:03] The value of Progress is 6
[Debug] [2026-4-24 17:13:03] The value of Progress is 10
[Debug] [2026-4-24 17:13:03] The value of Progress is 15
[Debug] [2026-4-24 17:13:04] The value of Progress is 20
[Debug] [2026-4-24 17:13:04] The value of Progress is 25
[Debug] [2026-4-24 17:13:04] The value of Progress is 30
[Debug] [2026-4-24 17:13:04] The value of Progress is 35
[Debug] [2026-4-24 17:13:04] The value of Progress is 40
[Debug] [2026-4-24 17:13:04] The value of Progress is 45
[Debug] [2026-4-24 17:13:05] The value of Progress is 50
[Debug] [2026-4-24 17:13:05] The value of Progress is 55
[Debug] [2026-4-24 17:13:05] The value of Progress is 60
[Debug] [2026-4-24 17:13:05] The value of Progress is 65
[Debug] [2026-4-24 17:13:05] The value of Progress is 70
[Debug] [2026-4-24 17:13:05] The value of Progress is 75
[Debug] [2026-4-24 17:13:06] The value of Progress is 80
[Debug] [2026-4-24 17:13:06] The value of Progress is 85
[Debug] [2026-4-24 17:13:06] The value of Progress is 90
[Debug] [2026-4-24 17:13:06] The value of Progress is 95
[Debug] [2026-4-24 17:13:06] The value of Progress is 100
[Debug] [2026-4-24 17:13:06] COMMAND[Program] execute successfully, takes 3.4 secs.
[Debug] [2026-4-24 17:13:06] End to send programming cmd.
[Debug] [2026-4-24 17:13:06] Log::Print : The done bit is 1
[Debug] [2026-4-24 17:13:06] Log::Print : COMMAND[Program] execute successfully, takes 3.4 secs.
[Debug] [2026-4-24 17:29:55] Begin to send initialize chain cmd...
[Debug] [2026-4-24 17:29:55] Send RPC:21
[Debug] [2026-4-24 17:29:55] Send cmd [Open config cable:20001] OK
[Debug] [2026-4-24 17:29:55] End to send initialize chain cmd.
[Debug] [2026-4-24 17:29:55] begin the exec of open cable cmd...
[Debug] [2026-4-24 17:29:55] Begin to deal with chain from server...
[Debug] [2026-4-24 17:29:55] Begin to set user chain...
[Debug] [2026-4-24 17:29:55] End to set user chain.
[Debug] [2026-4-24 17:29:55] Begin to update graphic item and tree item ...
[Debug] [2026-4-24 17:29:55] End to update graphic item and tree item ...
[Debug] [2026-4-24 17:29:55] Log::Print : PANGO USB CABLE II cable driver: D2XX DLL
[Debug] [2026-4-24 17:29:55] Log::Print : PG2L100H
[Debug] [2026-4-24 17:29:55] Log::Print : This device configure situation (done bit): 1
[Info] [2026-4-24 17:29:58] set OpenLastPath: D:/desktop/aaa/generate_bitstream/hdmi_ddr_ov5640_top.sbit
[Debug] [2026-4-24 17:29:58] begin to get device info from CFG file...
[Debug] [2026-4-24 17:29:58] end to get device info from CFG file...
[Debug] [2026-4-24 17:29:58] Begin to update graphic item and tree item ...
[Debug] [2026-4-24 17:29:58] End to update graphic item and tree item ...
[Debug] [2026-4-24 17:29:58] Begin to update graphic item and tree item ...
[Debug] [2026-4-24 17:29:58] End to update graphic item and tree item ...
[Debug] [2026-4-24 17:29:58] End to deal wiht chain from server.
[Debug] [2026-4-24 17:29:58] end the exec of open cable cmd.
[Debug] [2026-4-24 17:29:58] COMMAND[Open config cable] execute successfully, takes 3.3 secs.
[Debug] [2026-4-24 17:29:58] Log::Print : COMMAND[Open config cable] execute successfully, takes 3.3 secs.
[Debug] [2026-4-24 17:30:00] Begin to send programming cmd...
[Debug] [2026-4-24 17:30:00] Send RPC:22
[Debug] [2026-4-24 17:30:00] Begin to send program data.
[Debug] [2026-4-24 17:30:00] End to send program data.
[Debug] [2026-4-24 17:30:00] Send cmd [Program:20002] OK
[Debug] [2026-4-24 17:30:00] The value of Progress is 6
[Debug] [2026-4-24 17:30:00] The value of Progress is 10
[Debug] [2026-4-24 17:30:00] The value of Progress is 15
[Debug] [2026-4-24 17:30:01] The value of Progress is 20
[Debug] [2026-4-24 17:30:01] The value of Progress is 25
[Debug] [2026-4-24 17:30:01] The value of Progress is 30
[Debug] [2026-4-24 17:30:01] The value of Progress is 35
[Debug] [2026-4-24 17:30:01] The value of Progress is 40
[Debug] [2026-4-24 17:30:01] The value of Progress is 45
[Debug] [2026-4-24 17:30:02] The value of Progress is 50
[Debug] [2026-4-24 17:30:02] The value of Progress is 55
[Debug] [2026-4-24 17:30:02] The value of Progress is 60
[Debug] [2026-4-24 17:30:02] The value of Progress is 65
[Debug] [2026-4-24 17:30:02] The value of Progress is 70
[Debug] [2026-4-24 17:30:02] The value of Progress is 75
[Debug] [2026-4-24 17:30:02] The value of Progress is 80
[Debug] [2026-4-24 17:30:03] The value of Progress is 85
[Debug] [2026-4-24 17:30:03] The value of Progress is 90
[Debug] [2026-4-24 17:30:03] The value of Progress is 95
[Debug] [2026-4-24 17:30:03] The value of Progress is 100
[Debug] [2026-4-24 17:30:03] COMMAND[Program] execute successfully, takes 3.4 secs.
[Debug] [2026-4-24 17:30:03] End to send programming cmd.
[Debug] [2026-4-24 17:30:03] Log::Print : The done bit is 1
[Debug] [2026-4-24 17:30:03] Log::Print : COMMAND[Program] execute successfully, takes 3.4 secs.
[Info] [2026-4-24 17:33:01] /***************************End Configration***************************/
[Info] [2026-4-24 17:44:41] /***************************Start Configuration***************************/
[Info] [2026-4-24 17:44:41] Path: D:/pango/PDS_2022.2-SP6.4/bin
[Info] [2026-4-24 17:44:41] Version: 146967
[Info] [2026-4-24 17:44:42] Current Path: D:/desktop/aaa
[Info] [2026-4-24 17:44:42] PDS Dir Path: D:/desktop/aaa
[Info] [2026-4-24 17:44:45] Configuration is not connect with server. connect first then scan chain.
[Debug] [2026-4-24 17:44:45] Client Local host name:LCR
[Debug] [2026-4-24 17:44:45] Client Local Address:192.168.3.19
[Debug] [2026-4-24 17:44:45] Client Local Address:192.168.140.1
[Debug] [2026-4-24 17:44:45] Client Local Address:192.168.77.1
[Debug] [2026-4-24 17:44:45] Server Address:127.0.0.1, Port:65420
[Debug] [2026-4-24 17:44:45] Log::Print : Connecting to server[127.0.0.1 : 65420].
[Info] [2026-4-24 17:44:45] Connect OK, Server: 127.0.0.1  Port: 65420
[Debug] [2026-4-24 17:44:45] Finish.
[Info] [2026-4-24 17:44:45] Connect server succeeded
[Debug] [2026-4-24 17:44:45] Send RPC:1
[Debug] [2026-4-24 17:44:45] Send cmd [check version information:40004] OK
[Debug] [2026-4-24 17:44:45] Log::Print : Connect to server[127.0.0.1 : 65420] successfully.
[Debug] [2026-4-24 17:44:46] Send RPC:2
[Debug] [2026-4-24 17:44:46] Send cmd [get_cable_paras:40010] OK
[Debug] [2026-4-24 17:44:46] Begin to send initialize chain cmd...
[Debug] [2026-4-24 17:44:46] Send RPC:3
[Debug] [2026-4-24 17:44:46] Send cmd [Open config cable:20001] OK
[Debug] [2026-4-24 17:44:46] End to send initialize chain cmd.
[Debug] [2026-4-24 17:44:46] COMMAND[check version information] execute successfully, takes 0.7 secs.
[Debug] [2026-4-24 17:44:46] Log::Print : COMMAND[check version information] execute successfully, takes 0.7 secs.
[Debug] [2026-4-24 17:44:47] COMMAND[get_cable_paras] execute successfully, takes 1.3 secs.
[Debug] [2026-4-24 17:44:47] Log::Print : The cable List : 
Cable index 0:USB Cable II/fffffffffffffffe 

[Debug] [2026-4-24 17:44:47] Log::Print : COMMAND[get_cable_paras] execute successfully, takes 1.3 secs.
[Debug] [2026-4-24 17:44:47] begin the exec of open cable cmd...
[Debug] [2026-4-24 17:44:47] Begin to deal with chain from server...
[Debug] [2026-4-24 17:44:47] Begin to set user chain...
[Debug] [2026-4-24 17:44:47] End to set user chain.
[Debug] [2026-4-24 17:44:47] Begin to update graphic item and tree item ...
[Debug] [2026-4-24 17:44:48] End to update graphic item and tree item ...
[Debug] [2026-4-24 17:44:48] Log::Print : PANGO USB CABLE II cable driver: D2XX DLL
[Debug] [2026-4-24 17:44:48] Log::Print : PG2L100H
[Debug] [2026-4-24 17:44:48] Log::Print : This device configure situation (done bit): 1
[Info] [2026-4-24 17:44:49] set OpenLastPath: D:/desktop/aaa/generate_bitstream/hdmi_ddr_ov5640_top.sbit
[Debug] [2026-4-24 17:44:49] begin to get device info from CFG file...
[Debug] [2026-4-24 17:44:49] end to get device info from CFG file...
[Debug] [2026-4-24 17:44:49] Begin to update graphic item and tree item ...
[Debug] [2026-4-24 17:44:49] End to update graphic item and tree item ...
[Debug] [2026-4-24 17:44:49] Begin to update graphic item and tree item ...
[Debug] [2026-4-24 17:44:49] End to update graphic item and tree item ...
[Debug] [2026-4-24 17:44:49] End to deal wiht chain from server.
[Debug] [2026-4-24 17:44:49] end the exec of open cable cmd.
[Debug] [2026-4-24 17:44:49] COMMAND[Open config cable] execute successfully, takes 3.6 secs.
[Debug] [2026-4-24 17:44:49] Log::Print : COMMAND[Open config cable] execute successfully, takes 3.6 secs.
[Debug] [2026-4-24 17:44:52] Begin to send programming cmd...
[Debug] [2026-4-24 17:44:52] Send RPC:4
[Debug] [2026-4-24 17:44:52] Begin to send program data.
[Debug] [2026-4-24 17:44:52] End to send program data.
[Debug] [2026-4-24 17:44:52] Send cmd [Program:20002] OK
[Debug] [2026-4-24 17:44:52] The value of Progress is 6
[Debug] [2026-4-24 17:44:52] The value of Progress is 10
[Debug] [2026-4-24 17:44:53] The value of Progress is 15
[Debug] [2026-4-24 17:44:53] The value of Progress is 20
[Debug] [2026-4-24 17:44:53] The value of Progress is 25
[Debug] [2026-4-24 17:44:53] The value of Progress is 30
[Debug] [2026-4-24 17:44:53] The value of Progress is 35
[Debug] [2026-4-24 17:44:53] The value of Progress is 40
[Debug] [2026-4-24 17:44:54] The value of Progress is 45
[Debug] [2026-4-24 17:44:54] The value of Progress is 50
[Debug] [2026-4-24 17:44:54] The value of Progress is 55
[Debug] [2026-4-24 17:44:54] The value of Progress is 60
[Debug] [2026-4-24 17:44:54] The value of Progress is 65
[Debug] [2026-4-24 17:44:54] The value of Progress is 70
[Debug] [2026-4-24 17:44:55] The value of Progress is 75
[Debug] [2026-4-24 17:44:55] The value of Progress is 80
[Debug] [2026-4-24 17:44:55] The value of Progress is 85
[Debug] [2026-4-24 17:44:55] The value of Progress is 90
[Debug] [2026-4-24 17:44:55] The value of Progress is 95
[Debug] [2026-4-24 17:44:55] The value of Progress is 100
[Debug] [2026-4-24 17:44:55] COMMAND[Program] execute successfully, takes 3.4 secs.
[Debug] [2026-4-24 17:44:55] End to send programming cmd.
[Debug] [2026-4-24 17:44:55] Log::Print : The done bit is 1
[Debug] [2026-4-24 17:44:55] Log::Print : COMMAND[Program] execute successfully, takes 3.4 secs.
[Debug] [2026-4-24 17:46:50] Begin to send programming cmd...
[Debug] [2026-4-24 17:46:50] Send RPC:5
[Debug] [2026-4-24 17:46:50] Begin to send program data.
[Debug] [2026-4-24 17:46:50] End to send program data.
[Debug] [2026-4-24 17:46:50] Send cmd [Program:20002] OK
[Debug] [2026-4-24 17:46:50] The value of Progress is 6
[Debug] [2026-4-24 17:46:51] The value of Progress is 10
[Debug] [2026-4-24 17:46:51] The value of Progress is 15
[Debug] [2026-4-24 17:46:51] The value of Progress is 20
[Debug] [2026-4-24 17:46:51] The value of Progress is 25
[Debug] [2026-4-24 17:46:51] The value of Progress is 30
[Debug] [2026-4-24 17:46:51] The value of Progress is 35
[Debug] [2026-4-24 17:46:51] The value of Progress is 40
[Debug] [2026-4-24 17:46:52] The value of Progress is 45
[Debug] [2026-4-24 17:46:52] The value of Progress is 50
[Debug] [2026-4-24 17:46:52] The value of Progress is 55
[Debug] [2026-4-24 17:46:52] The value of Progress is 60
[Debug] [2026-4-24 17:46:52] The value of Progress is 65
[Debug] [2026-4-24 17:46:52] The value of Progress is 70
[Debug] [2026-4-24 17:46:53] The value of Progress is 75
[Debug] [2026-4-24 17:46:53] The value of Progress is 80
[Debug] [2026-4-24 17:46:53] The value of Progress is 85
[Debug] [2026-4-24 17:46:53] The value of Progress is 90
[Debug] [2026-4-24 17:46:53] The value of Progress is 95
[Debug] [2026-4-24 17:46:53] The value of Progress is 100
[Debug] [2026-4-24 17:46:53] COMMAND[Program] execute successfully, takes 3.4 secs.
[Debug] [2026-4-24 17:46:53] End to send programming cmd.
[Debug] [2026-4-24 17:46:53] Log::Print : The done bit is 1
[Debug] [2026-4-24 17:46:53] Log::Print : COMMAND[Program] execute successfully, takes 3.4 secs.
[Debug] [2026-4-24 17:50:20] Begin to send programming cmd...
[Debug] [2026-4-24 17:50:20] Send RPC:6
[Debug] [2026-4-24 17:50:20] Begin to send program data.
[Debug] [2026-4-24 17:50:20] End to send program data.
[Debug] [2026-4-24 17:50:20] Send cmd [Program:20002] OK
[Debug] [2026-4-24 17:50:21] The value of Progress is 6
[Debug] [2026-4-24 17:50:21] The value of Progress is 10
[Debug] [2026-4-24 17:50:21] The value of Progress is 15
[Debug] [2026-4-24 17:50:21] The value of Progress is 20
[Debug] [2026-4-24 17:50:21] The value of Progress is 25
[Debug] [2026-4-24 17:50:21] The value of Progress is 30
[Debug] [2026-4-24 17:50:21] The value of Progress is 35
[Debug] [2026-4-24 17:50:22] The value of Progress is 40
[Debug] [2026-4-24 17:50:22] The value of Progress is 45
[Debug] [2026-4-24 17:50:22] The value of Progress is 50
[Debug] [2026-4-24 17:50:22] The value of Progress is 55
[Debug] [2026-4-24 17:50:22] The value of Progress is 60
[Debug] [2026-4-24 17:50:22] The value of Progress is 65
[Debug] [2026-4-24 17:50:23] The value of Progress is 70
[Debug] [2026-4-24 17:50:23] The value of Progress is 75
[Debug] [2026-4-24 17:50:23] The value of Progress is 80
[Debug] [2026-4-24 17:50:23] The value of Progress is 85
[Debug] [2026-4-24 17:50:23] The value of Progress is 90
[Debug] [2026-4-24 17:50:23] The value of Progress is 95
[Debug] [2026-4-24 17:50:24] The value of Progress is 100
[Debug] [2026-4-24 17:50:24] COMMAND[Program] execute successfully, takes 3.4 secs.
[Debug] [2026-4-24 17:50:24] End to send programming cmd.
[Debug] [2026-4-24 17:50:24] Log::Print : The done bit is 1
[Debug] [2026-4-24 17:50:24] Log::Print : COMMAND[Program] execute successfully, takes 3.4 secs.
[Debug] [2026-4-24 17:50:39] Begin to send programming cmd...
[Debug] [2026-4-24 17:50:39] Send RPC:7
[Debug] [2026-4-24 17:50:39] Begin to send program data.
[Debug] [2026-4-24 17:50:39] End to send program data.
[Debug] [2026-4-24 17:50:39] Send cmd [Program:20002] OK
[Debug] [2026-4-24 17:50:39] The value of Progress is 6
[Debug] [2026-4-24 17:50:39] The value of Progress is 10
[Debug] [2026-4-24 17:50:39] The value of Progress is 15
[Debug] [2026-4-24 17:50:40] The value of Progress is 20
[Debug] [2026-4-24 17:50:40] The value of Progress is 25
[Debug] [2026-4-24 17:50:40] The value of Progress is 30
[Debug] [2026-4-24 17:50:40] The value of Progress is 35
[Debug] [2026-4-24 17:50:40] The value of Progress is 40
[Debug] [2026-4-24 17:50:40] The value of Progress is 45
[Debug] [2026-4-24 17:50:40] The value of Progress is 50
[Debug] [2026-4-24 17:50:41] The value of Progress is 55
[Debug] [2026-4-24 17:50:41] The value of Progress is 60
[Debug] [2026-4-24 17:50:41] The value of Progress is 65
[Debug] [2026-4-24 17:50:41] The value of Progress is 70
[Debug] [2026-4-24 17:50:41] The value of Progress is 75
[Debug] [2026-4-24 17:50:41] The value of Progress is 80
[Debug] [2026-4-24 17:50:42] The value of Progress is 85
[Debug] [2026-4-24 17:50:42] The value of Progress is 90
[Debug] [2026-4-24 17:50:42] The value of Progress is 95
[Debug] [2026-4-24 17:50:42] The value of Progress is 100
[Debug] [2026-4-24 17:50:42] COMMAND[Program] execute successfully, takes 3.4 secs.
[Debug] [2026-4-24 17:50:42] End to send programming cmd.
[Debug] [2026-4-24 17:50:42] Log::Print : The done bit is 1
[Debug] [2026-4-24 17:50:42] Log::Print : COMMAND[Program] execute successfully, takes 3.4 secs.
[Debug] [2026-4-24 18:00:13] Begin to send initialize chain cmd...
[Debug] [2026-4-24 18:00:13] Send RPC:8
[Debug] [2026-4-24 18:00:13] Send cmd [Open config cable:20001] OK
[Debug] [2026-4-24 18:00:13] End to send initialize chain cmd.
[Debug] [2026-4-24 18:00:14] begin the exec of open cable cmd...
[Debug] [2026-4-24 18:00:14] Begin to deal with chain from server...
[Debug] [2026-4-24 18:00:14] Begin to set user chain...
[Debug] [2026-4-24 18:00:14] End to set user chain.
[Debug] [2026-4-24 18:00:14] Begin to update graphic item and tree item ...
[Debug] [2026-4-24 18:00:14] End to update graphic item and tree item ...
[Debug] [2026-4-24 18:00:14] Log::Print : PANGO USB CABLE II cable driver: D2XX DLL
[Debug] [2026-4-24 18:00:14] Log::Print : PG2L100H
[Debug] [2026-4-24 18:00:14] Log::Print : This device configure situation (done bit): 1
[Info] [2026-4-24 18:00:22] set OpenLastPath: D:/desktop/aaa/generate_bitstream/hdmi_ddr_ov5640_top.sbit
[Debug] [2026-4-24 18:00:22] begin to get device info from CFG file...
[Debug] [2026-4-24 18:00:22] end to get device info from CFG file...
[Debug] [2026-4-24 18:00:22] Begin to update graphic item and tree item ...
[Debug] [2026-4-24 18:00:22] End to update graphic item and tree item ...
[Debug] [2026-4-24 18:00:22] Begin to update graphic item and tree item ...
[Debug] [2026-4-24 18:00:22] End to update graphic item and tree item ...
[Debug] [2026-4-24 18:00:22] End to deal wiht chain from server.
[Debug] [2026-4-24 18:00:22] end the exec of open cable cmd.
[Debug] [2026-4-24 18:00:22] COMMAND[Open config cable] execute successfully, takes 9.0 secs.
[Debug] [2026-4-24 18:00:22] Log::Print : COMMAND[Open config cable] execute successfully, takes 9.0 secs.
[Debug] [2026-4-24 18:00:24] Begin to send programming cmd...
[Debug] [2026-4-24 18:00:24] Send RPC:9
[Debug] [2026-4-24 18:00:24] Begin to send program data.
[Debug] [2026-4-24 18:00:24] End to send program data.
[Debug] [2026-4-24 18:00:24] Send cmd [Program:20002] OK
[Debug] [2026-4-24 18:00:24] The value of Progress is 6
[Debug] [2026-4-24 18:00:24] The value of Progress is 10
[Debug] [2026-4-24 18:00:24] The value of Progress is 15
[Debug] [2026-4-24 18:00:24] The value of Progress is 20
[Debug] [2026-4-24 18:00:24] The value of Progress is 25
[Debug] [2026-4-24 18:00:25] The value of Progress is 30
[Debug] [2026-4-24 18:00:25] The value of Progress is 35
[Debug] [2026-4-24 18:00:25] The value of Progress is 40
[Debug] [2026-4-24 18:00:25] The value of Progress is 45
[Debug] [2026-4-24 18:00:25] The value of Progress is 50
[Debug] [2026-4-24 18:00:25] The value of Progress is 55
[Debug] [2026-4-24 18:00:26] The value of Progress is 60
[Debug] [2026-4-24 18:00:26] The value of Progress is 65
[Debug] [2026-4-24 18:00:26] The value of Progress is 70
[Debug] [2026-4-24 18:00:26] The value of Progress is 75
[Debug] [2026-4-24 18:00:26] The value of Progress is 80
[Debug] [2026-4-24 18:00:26] The value of Progress is 85
[Debug] [2026-4-24 18:00:27] The value of Progress is 90
[Debug] [2026-4-24 18:00:27] The value of Progress is 95
[Debug] [2026-4-24 18:00:27] The value of Progress is 100
[Debug] [2026-4-24 18:00:27] COMMAND[Program] execute successfully, takes 3.4 secs.
[Debug] [2026-4-24 18:00:27] End to send programming cmd.
[Debug] [2026-4-24 18:00:27] Log::Print : The done bit is 1
[Debug] [2026-4-24 18:00:27] Log::Print : COMMAND[Program] execute successfully, takes 3.4 secs.
[Debug] [2026-4-24 18:00:36] Begin to send programming cmd...
[Debug] [2026-4-24 18:00:36] Send RPC:10
[Debug] [2026-4-24 18:00:36] Begin to send program data.
[Debug] [2026-4-24 18:00:36] End to send program data.
[Debug] [2026-4-24 18:00:36] Send cmd [Program:20002] OK
[Debug] [2026-4-24 18:00:37] The value of Progress is 6
[Debug] [2026-4-24 18:00:37] The value of Progress is 10
[Debug] [2026-4-24 18:00:37] The value of Progress is 15
[Debug] [2026-4-24 18:00:37] The value of Progress is 20
[Debug] [2026-4-24 18:00:37] The value of Progress is 25
[Debug] [2026-4-24 18:00:37] The value of Progress is 30
[Debug] [2026-4-24 18:00:37] The value of Progress is 35
[Debug] [2026-4-24 18:00:38] The value of Progress is 40
[Debug] [2026-4-24 18:00:38] The value of Progress is 45
[Debug] [2026-4-24 18:00:38] The value of Progress is 50
[Debug] [2026-4-24 18:00:38] The value of Progress is 55
[Debug] [2026-4-24 18:00:38] The value of Progress is 60
[Debug] [2026-4-24 18:00:38] The value of Progress is 65
[Debug] [2026-4-24 18:00:39] The value of Progress is 70
[Debug] [2026-4-24 18:00:39] The value of Progress is 75
[Debug] [2026-4-24 18:00:39] The value of Progress is 80
[Debug] [2026-4-24 18:00:39] The value of Progress is 85
[Debug] [2026-4-24 18:00:39] The value of Progress is 90
[Debug] [2026-4-24 18:00:39] The value of Progress is 95
[Debug] [2026-4-24 18:00:39] The value of Progress is 100
[Debug] [2026-4-24 18:00:40] COMMAND[Program] execute successfully, takes 3.4 secs.
[Debug] [2026-4-24 18:00:40] End to send programming cmd.
[Debug] [2026-4-24 18:00:40] Log::Print : The done bit is 1
[Debug] [2026-4-24 18:00:40] Log::Print : COMMAND[Program] execute successfully, takes 3.4 secs.
[Debug] [2026-4-24 18:01:19] Begin to send programming cmd...
[Debug] [2026-4-24 18:01:19] Send RPC:11
[Debug] [2026-4-24 18:01:19] Begin to send program data.
[Debug] [2026-4-24 18:01:19] End to send program data.
[Debug] [2026-4-24 18:01:19] Send cmd [Program:20002] OK
[Debug] [2026-4-24 18:01:19] The value of Progress is 6
[Debug] [2026-4-24 18:01:20] The value of Progress is 10
[Debug] [2026-4-24 18:01:20] The value of Progress is 15
[Debug] [2026-4-24 18:01:20] The value of Progress is 20
[Debug] [2026-4-24 18:01:20] The value of Progress is 25
[Debug] [2026-4-24 18:01:20] The value of Progress is 30
[Debug] [2026-4-24 18:01:20] The value of Progress is 35
[Debug] [2026-4-24 18:01:20] The value of Progress is 40
[Debug] [2026-4-24 18:01:21] The value of Progress is 45
[Debug] [2026-4-24 18:01:21] The value of Progress is 50
[Debug] [2026-4-24 18:01:21] The value of Progress is 55
[Debug] [2026-4-24 18:01:21] The value of Progress is 60
[Debug] [2026-4-24 18:01:21] The value of Progress is 65
[Debug] [2026-4-24 18:01:21] The value of Progress is 70
[Debug] [2026-4-24 18:01:22] The value of Progress is 75
[Debug] [2026-4-24 18:01:22] The value of Progress is 80
[Debug] [2026-4-24 18:01:22] The value of Progress is 85
[Debug] [2026-4-24 18:01:22] The value of Progress is 90
[Debug] [2026-4-24 18:01:22] The value of Progress is 95
[Debug] [2026-4-24 18:01:22] The value of Progress is 100
[Debug] [2026-4-24 18:01:22] COMMAND[Program] execute successfully, takes 3.4 secs.
[Debug] [2026-4-24 18:01:22] End to send programming cmd.
[Debug] [2026-4-24 18:01:22] Log::Print : The done bit is 1
[Debug] [2026-4-24 18:01:22] Log::Print : COMMAND[Program] execute successfully, takes 3.4 secs.
[Debug] [2026-4-24 18:01:28] Begin to send scan outer flash cmd...
[Debug] [2026-4-24 18:01:28] Send RPC:12
[Debug] [2026-4-24 18:01:28] Send cmd [Scan Outer SPI Flash:20300] OK
[Debug] [2026-4-24 18:01:28] End to send scan outer flash cmd.
[Debug] [2026-4-24 18:01:29] begin to exec scan jtag flash cmd...
[Debug] [2026-4-24 18:01:29] Begin to initialize JtagFlash for selected FPGA Device...
[Debug] [2026-4-24 18:01:29] Begin to update graphic item and tree item ...
[Debug] [2026-4-24 18:01:29] End to update graphic item and tree item ...
[Debug] [2026-4-24 18:01:35] selected file name is empty and ignore.
[Debug] [2026-4-24 18:01:35] End to initialize OuterFlash for selected FPGA Device...
[Debug] [2026-4-24 18:01:35] end to exec scan jtag flash cmd...
[Debug] [2026-4-24 18:01:35] COMMAND[Scan Outer SPI Flash] execute successfully, takes 7.2 secs.
[Debug] [2026-4-24 18:01:35] Log::Print : COMMAND[Scan Outer SPI Flash] execute successfully, takes 7.2 secs.
[Debug] [2026-4-24 18:01:47] Begin to Converte file.
[Debug] [2026-4-24 18:02:07] End to Converte file.
[Debug] [2026-4-24 18:02:13] Begin to Converte file.
[Debug] [2026-4-24 18:02:13] End to Converte file.
[Debug] [2026-4-24 18:02:16] Begin to operate flash.
[Debug] [2026-4-24 18:02:16] End to operate flash.
[Debug] [2026-4-24 18:02:24] Begin to Converte file.
[Debug] [2026-4-24 18:02:24] End to Converte file.
[Debug] [2026-4-24 18:02:50] begin to parse sfc file.
[Debug] [2026-4-24 18:02:50] begin to get device info from CFG file...
[Debug] [2026-4-24 18:02:50] end to get device info from CFG file...
[Debug] [2026-4-24 18:02:50] begin to get device info from CFG file...
[Debug] [2026-4-24 18:02:50] end to get device info from CFG file...
[Debug] [2026-4-24 18:02:50] end to parse sfc file.
[Debug] [2026-4-24 18:02:50] Log::Print : The Start Address of bit file D:/desktop/aaa/generate_bitstream/hdmi_ddr_ov5640_top.sbit: 0x0
[Debug] [2026-4-24 18:02:57] Begin to send scan outer flash cmd...
[Debug] [2026-4-24 18:02:57] Send RPC:13
[Debug] [2026-4-24 18:02:57] Send cmd [Scan Outer SPI Flash:20300] OK
[Debug] [2026-4-24 18:02:57] End to send scan outer flash cmd.
[Debug] [2026-4-24 18:02:58] begin to exec scan jtag flash cmd...
[Debug] [2026-4-24 18:02:58] Begin to initialize JtagFlash for selected FPGA Device...
[Debug] [2026-4-24 18:02:58] Begin to update graphic item and tree item ...
[Debug] [2026-4-24 18:02:58] End to update graphic item and tree item ...
[Info] [2026-4-24 18:03:00] set OpenLastPath: D:/desktop/aaa/generate_bitstream/hdmi_ddr_ov5640_top.sfc
[Debug] [2026-4-24 18:03:00] begin to check SFC File and Flash Device Read Mode.
[Error] [2026-4-24 18:03:00] device W25Q128Q can't support SPI X1, 32-bit address read mode.
[Error] [2026-4-24 18:03:00] Device doesn't match the given file.
[Error] [2026-4-24 18:03:00] MsgOut: Configuration-0027: The read mode info from bitstream file is 'SPI X1, 32-bit address', current device 'W25Q128Q' doesn't support this read mode.
[Debug] [2026-4-24 18:03:01] End to initialize OuterFlash for selected FPGA Device...
[Debug] [2026-4-24 18:03:01] end to exec scan jtag flash cmd...
[Debug] [2026-4-24 18:03:01] COMMAND[Scan Outer SPI Flash] execute successfully, takes 3.6 secs.
[Error] [2026-4-24 18:03:01] MsgOut: Configuration-0009: Operation error :
 Assign new configuration file to FPGA device fail.
[Debug] [2026-4-24 18:03:01] Log::Print : COMMAND[Scan Outer SPI Flash] execute successfully, takes 3.6 secs.
[Debug] [2026-4-24 18:03:04] Begin to assign configuration file...
[Info] [2026-4-24 18:03:06] set OpenLastPath: D:/desktop/aaa/generate_bitstream/hdmi_ddr_ov5640_top.sfc
[Debug] [2026-4-24 18:03:06] begin to check SFC File and Flash Device Read Mode.
[Error] [2026-4-24 18:03:06] device W25Q128Q can't support SPI X1, 32-bit address read mode.
[Error] [2026-4-24 18:03:06] Device doesn't match the given file.
[Error] [2026-4-24 18:03:06] MsgOut: Configuration-0027: The read mode info from bitstream file is 'SPI X1, 32-bit address', current device 'W25Q128Q' doesn't support this read mode.
[Debug] [2026-4-24 18:03:08] End to assign configuration file...
[Error] [2026-4-24 18:03:08] MsgOut: Configuration-0009: Operation error :
 Assign new configuration file to FPGA device fail.
[Debug] [2026-4-24 18:03:15] Begin to send initialize chain cmd...
[Debug] [2026-4-24 18:03:15] Send RPC:14
[Debug] [2026-4-24 18:03:15] Send cmd [Open config cable:20001] OK
[Debug] [2026-4-24 18:03:15] End to send initialize chain cmd.
[Debug] [2026-4-24 18:03:15] begin the exec of open cable cmd...
[Debug] [2026-4-24 18:03:15] Begin to deal with chain from server...
[Debug] [2026-4-24 18:03:15] Begin to set user chain...
[Debug] [2026-4-24 18:03:15] End to set user chain.
[Debug] [2026-4-24 18:03:15] Begin to update graphic item and tree item ...
[Debug] [2026-4-24 18:03:15] End to update graphic item and tree item ...
[Debug] [2026-4-24 18:03:15] Log::Print : PANGO USB CABLE II cable driver: D2XX DLL
[Debug] [2026-4-24 18:03:15] Log::Print : PG2L100H
[Debug] [2026-4-24 18:03:15] Log::Print : This device configure situation (done bit): 1
[Info] [2026-4-24 18:03:17] set OpenLastPath: D:/desktop/aaa/generate_bitstream/hdmi_ddr_ov5640_top.sbit
[Debug] [2026-4-24 18:03:17] begin to get device info from CFG file...
[Debug] [2026-4-24 18:03:17] end to get device info from CFG file...
[Debug] [2026-4-24 18:03:17] Begin to update graphic item and tree item ...
[Debug] [2026-4-24 18:03:17] End to update graphic item and tree item ...
[Debug] [2026-4-24 18:03:17] Begin to update graphic item and tree item ...
[Debug] [2026-4-24 18:03:17] End to update graphic item and tree item ...
[Debug] [2026-4-24 18:03:17] End to deal wiht chain from server.
[Debug] [2026-4-24 18:03:17] end the exec of open cable cmd.
[Debug] [2026-4-24 18:03:17] COMMAND[Open config cable] execute successfully, takes 2.2 secs.
[Debug] [2026-4-24 18:03:17] Log::Print : COMMAND[Open config cable] execute successfully, takes 2.2 secs.
[Debug] [2026-4-24 18:03:22] Begin to Converte file.
[Debug] [2026-4-24 18:03:22] End to Converte file.
[Debug] [2026-4-24 18:03:26] begin to parse sfc file.
[Debug] [2026-4-24 18:03:26] begin to get device info from CFG file...
[Debug] [2026-4-24 18:03:26] end to get device info from CFG file...
[Debug] [2026-4-24 18:03:26] begin to get device info from CFG file...
[Debug] [2026-4-24 18:03:26] end to get device info from CFG file...
[Debug] [2026-4-24 18:03:26] end to parse sfc file.
[Debug] [2026-4-24 18:03:26] Log::Print : The Start Address of bit file D:/desktop/aaa/generate_bitstream/hdmi_ddr_ov5640_top.sbit: 0x0
[Debug] [2026-4-24 18:03:29] Begin to send scan outer flash cmd...
[Debug] [2026-4-24 18:03:29] Send RPC:15
[Debug] [2026-4-24 18:03:29] Send cmd [Scan Outer SPI Flash:20300] OK
[Debug] [2026-4-24 18:03:29] End to send scan outer flash cmd.
[Debug] [2026-4-24 18:03:29] begin to exec scan jtag flash cmd...
[Debug] [2026-4-24 18:03:29] Begin to initialize JtagFlash for selected FPGA Device...
[Debug] [2026-4-24 18:03:29] Begin to update graphic item and tree item ...
[Debug] [2026-4-24 18:03:29] End to update graphic item and tree item ...
[Info] [2026-4-24 18:03:31] set OpenLastPath: D:/desktop/aaa/generate_bitstream/hdmi_ddr_ov5640_top.sfc
[Debug] [2026-4-24 18:03:31] begin to check SFC File and Flash Device Read Mode.
[Error] [2026-4-24 18:03:31] device W25Q128Q can't support SPI X1, 32-bit address read mode.
[Error] [2026-4-24 18:03:31] Device doesn't match the given file.
[Error] [2026-4-24 18:03:31] MsgOut: Configuration-0027: The read mode info from bitstream file is 'SPI X1, 32-bit address', current device 'W25Q128Q' doesn't support this read mode.
[Debug] [2026-4-24 18:03:32] End to initialize OuterFlash for selected FPGA Device...
[Debug] [2026-4-24 18:03:32] end to exec scan jtag flash cmd...
[Debug] [2026-4-24 18:03:32] COMMAND[Scan Outer SPI Flash] execute successfully, takes 3.2 secs.
[Error] [2026-4-24 18:03:32] MsgOut: Configuration-0009: Operation error :
 Assign new configuration file to FPGA device fail.
[Debug] [2026-4-24 18:03:32] Log::Print : COMMAND[Scan Outer SPI Flash] execute successfully, takes 3.2 secs.
[Debug] [2026-4-24 18:03:35] Begin to operate flash.
[Debug] [2026-4-24 18:03:35] End to operate flash.
[Debug] [2026-4-24 18:03:44] Begin to Converte file.
[Debug] [2026-4-24 18:03:44] End to Converte file.
[Debug] [2026-4-24 18:03:49] begin to parse sfc file.
[Debug] [2026-4-24 18:03:49] begin to get device info from CFG file...
[Debug] [2026-4-24 18:03:49] end to get device info from CFG file...
[Debug] [2026-4-24 18:03:49] begin to get device info from CFG file...
[Debug] [2026-4-24 18:03:49] end to get device info from CFG file...
[Debug] [2026-4-24 18:03:49] end to parse sfc file.
[Debug] [2026-4-24 18:03:49] Log::Print : The Start Address of bit file D:/desktop/aaa/generate_bitstream/hdmi_ddr_ov5640_top.sbit: 0x0
[Debug] [2026-4-24 18:04:04] Send RPC:16
[Debug] [2026-4-24 18:04:04] Send cmd [set_cable_paras:40011] OK
[Debug] [2026-4-24 18:04:05] COMMAND[set_cable_paras] execute successfully, takes 0.9 secs.
[Debug] [2026-4-24 18:04:05] Log::Print : COMMAND[set_cable_paras] execute successfully, takes 0.9 secs.
[Debug] [2026-4-24 18:04:08] Begin to Converte file.
[Debug] [2026-4-24 18:04:08] End to Converte file.
[Debug] [2026-4-24 18:04:16] begin to parse sfc file.
[Debug] [2026-4-24 18:04:16] begin to get device info from CFG file...
[Debug] [2026-4-24 18:04:16] end to get device info from CFG file...
[Debug] [2026-4-24 18:04:16] begin to get device info from CFG file...
[Debug] [2026-4-24 18:04:16] end to get device info from CFG file...
[Debug] [2026-4-24 18:04:16] end to parse sfc file.
[Debug] [2026-4-24 18:04:16] Log::Print : The Start Address of bit file D:/desktop/aaa/generate_bitstream/hdmi_ddr_ov5640_top.sbit: 0x0
[Debug] [2026-4-24 18:04:26] Begin to operte outer flash through FPGA...
[Debug] [2026-4-24 18:04:29] Begin to send scan outer flash cmd...
[Debug] [2026-4-24 18:04:29] Send RPC:17
[Debug] [2026-4-24 18:04:29] Send cmd [Scan Outer SPI Flash:20300] OK
[Debug] [2026-4-24 18:04:29] End to send scan outer flash cmd.
[Debug] [2026-4-24 18:04:29] begin to exec scan jtag flash cmd...
[Debug] [2026-4-24 18:04:29] Begin to initialize JtagFlash for selected FPGA Device...
[Debug] [2026-4-24 18:04:29] Begin to update graphic item and tree item ...
[Debug] [2026-4-24 18:04:29] End to update graphic item and tree item ...
[Info] [2026-4-24 18:04:31] set OpenLastPath: D:/desktop/aaa/generate_bitstream/hdmi_ddr_ov5640_top.sfc
[Debug] [2026-4-24 18:04:31] begin to check SFC File and Flash Device Read Mode.
[Debug] [2026-4-24 18:04:31] end to check SFC File and Flash Device Read Mode.
[Debug] [2026-4-24 18:04:31] Begin to update graphic item and tree item ...
[Debug] [2026-4-24 18:04:31] End to update graphic item and tree item ...
[Debug] [2026-4-24 18:04:31] End to initialize OuterFlash for selected FPGA Device...
[Debug] [2026-4-24 18:04:31] end to exec scan jtag flash cmd...
[Debug] [2026-4-24 18:04:31] COMMAND[Scan Outer SPI Flash] execute successfully, takes 2.3 secs.
[Debug] [2026-4-24 18:04:31] Log::Print : COMMAND[Scan Outer SPI Flash] execute successfully, takes 2.3 secs.
[Debug] [2026-4-24 18:04:38] begin to send promgram jtag flash cmd.
[Debug] [2026-4-24 18:04:38] begin to send jtag flash erase cmd
[Debug] [2026-4-24 18:04:38] Send RPC:18
[Debug] [2026-4-24 18:04:38] Begin to send embed flash erase data.
[Debug] [2026-4-24 18:04:38] Begin to send flash erase data.
[Debug] [2026-4-24 18:04:38] End to send flash erase data.
[Debug] [2026-4-24 18:04:38] End to send embed flash erase data.
[Debug] [2026-4-24 18:04:38] Send cmd [Erase Outer Flash:20302] OK
[Debug] [2026-4-24 18:04:38] Log::Print : The start address of operating flash is 0x0.
[Debug] [2026-4-24 18:04:38] The value of Progress is 1
[Debug] [2026-4-24 18:04:40] The value of Progress is 6
[Debug] [2026-4-24 18:04:41] The value of Progress is 10
[Debug] [2026-4-24 18:04:42] The value of Progress is 15
[Debug] [2026-4-24 18:04:43] The value of Progress is 20
[Debug] [2026-4-24 18:04:44] The value of Progress is 25
[Debug] [2026-4-24 18:04:46] The value of Progress is 31
[Debug] [2026-4-24 18:04:47] The value of Progress is 36
[Debug] [2026-4-24 18:04:48] The value of Progress is 41
[Debug] [2026-4-24 18:04:49] The value of Progress is 46
[Debug] [2026-4-24 18:04:50] The value of Progress is 50
[Debug] [2026-4-24 18:04:51] The value of Progress is 55
[Debug] [2026-4-24 18:04:53] The value of Progress is 60
[Debug] [2026-4-24 18:04:54] The value of Progress is 65
[Debug] [2026-4-24 18:04:55] The value of Progress is 70
[Debug] [2026-4-24 18:04:56] The value of Progress is 75
[Debug] [2026-4-24 18:04:58] The value of Progress is 81
[Debug] [2026-4-24 18:04:59] The value of Progress is 86
[Debug] [2026-4-24 18:05:00] The value of Progress is 91
[Debug] [2026-4-24 18:05:01] The value of Progress is 96
[Debug] [2026-4-24 18:05:02] The value of Progress is 100
[Debug] [2026-4-24 18:05:02] COMMAND[Erase Outer Flash] execute finish, takes 24.2 secs.
[Debug] [2026-4-24 18:05:02] end to send jtag flash erase cmd.
[Debug] [2026-4-24 18:05:02] Send RPC:19
[Debug] [2026-4-24 18:05:02] Begin to send jtag flash program data.
[Debug] [2026-4-24 18:05:02] Begin to send flash program data.
[Debug] [2026-4-24 18:05:02] End to send flash program data.
[Debug] [2026-4-24 18:05:02] End to send embed flash program data.
[Debug] [2026-4-24 18:05:02] Send cmd [Program Outer Flash:20301] OK
[Debug] [2026-4-24 18:05:02] Log::Print : COMMAND[Erase Outer Flash] execute finish, takes 24.2 secs.
[Debug] [2026-4-24 18:05:02] Log::Print : The start address of operating flash is 0x0.
[Debug] [2026-4-24 18:05:04] The value of Progress is 1
[Debug] [2026-4-24 18:05:08] The value of Progress is 6
[Debug] [2026-4-24 18:05:10] The value of Progress is 10
[Debug] [2026-4-24 18:05:13] The value of Progress is 15
[Debug] [2026-4-24 18:05:16] The value of Progress is 20
[Debug] [2026-4-24 18:05:19] The value of Progress is 25
[Debug] [2026-4-24 18:05:22] The value of Progress is 30
[Debug] [2026-4-24 18:05:25] The value of Progress is 35
[Debug] [2026-4-24 18:05:28] The value of Progress is 40
[Debug] [2026-4-24 18:05:31] The value of Progress is 45
[Debug] [2026-4-24 18:05:34] The value of Progress is 50
[Debug] [2026-4-24 18:05:37] The value of Progress is 55
[Debug] [2026-4-24 18:05:40] The value of Progress is 60
[Debug] [2026-4-24 18:05:43] The value of Progress is 65
[Debug] [2026-4-24 18:05:46] The value of Progress is 70
[Debug] [2026-4-24 18:05:49] The value of Progress is 75
[Debug] [2026-4-24 18:05:52] The value of Progress is 80
[Debug] [2026-4-24 18:05:55] The value of Progress is 85
[Debug] [2026-4-24 18:05:58] The value of Progress is 90
[Debug] [2026-4-24 18:06:01] The value of Progress is 95
[Debug] [2026-4-24 18:06:04] The value of Progress is 100
[Debug] [2026-4-24 18:06:04] COMMAND[Program Outer Flash] execute finish, takes 62.0 secs.
[Debug] [2026-4-24 18:06:04] begin to send jtag flash verify cmd
[Debug] [2026-4-24 18:06:04] Send RPC:20
[Debug] [2026-4-24 18:06:04] Begin to send embed flash verify data.
[Debug] [2026-4-24 18:06:04] Begin to send flash verify data.
[Debug] [2026-4-24 18:06:04] End to send flash verify data.
[Debug] [2026-4-24 18:06:04] End to send embed flash verify data.
[Debug] [2026-4-24 18:06:04] Send cmd [Verify Outer Flash:20303] OK
[Debug] [2026-4-24 18:06:04] Log::Print : COMMAND[Program Outer Flash] execute finish, takes 62.0 secs.
[Debug] [2026-4-24 18:06:04] Log::Print : The start address of operating flash is 0x0.
[Debug] [2026-4-24 18:06:04] The value of Progress is 1
[Debug] [2026-4-24 18:06:04] The value of Progress is 6
[Debug] [2026-4-24 18:06:04] The value of Progress is 10
[Debug] [2026-4-24 18:06:05] The value of Progress is 15
[Debug] [2026-4-24 18:06:05] The value of Progress is 20
[Debug] [2026-4-24 18:06:05] The value of Progress is 25
[Debug] [2026-4-24 18:06:05] The value of Progress is 30
[Debug] [2026-4-24 18:06:05] The value of Progress is 35
[Debug] [2026-4-24 18:06:06] The value of Progress is 40
[Debug] [2026-4-24 18:06:06] The value of Progress is 45
[Debug] [2026-4-24 18:06:06] The value of Progress is 50
[Debug] [2026-4-24 18:06:06] The value of Progress is 55
[Debug] [2026-4-24 18:06:06] The value of Progress is 60
[Debug] [2026-4-24 18:06:06] The value of Progress is 65
[Debug] [2026-4-24 18:06:07] The value of Progress is 70
[Debug] [2026-4-24 18:06:07] The value of Progress is 75
[Debug] [2026-4-24 18:06:07] The value of Progress is 80
[Debug] [2026-4-24 18:06:07] The value of Progress is 85
[Debug] [2026-4-24 18:06:07] The value of Progress is 90
[Debug] [2026-4-24 18:06:08] The value of Progress is 95
[Debug] [2026-4-24 18:06:08] The value of Progress is 100
[Debug] [2026-4-24 18:06:08] COMMAND[Verify Outer Flash] execute successfully, takes 4.0 secs.
[Debug] [2026-4-24 18:06:08] end to send jtag flash verify cmd
[Debug] [2026-4-24 18:06:08] end to send jtag flash program cmd.
[Debug] [2026-4-24 18:06:08] Log::Print : COMMAND[Verify Outer Flash] execute successfully, takes 4.0 secs.
[Debug] [2026-4-24 18:06:16] begin to send promgram jtag flash cmd.
[Debug] [2026-4-24 18:06:16] begin to send jtag flash erase cmd
[Debug] [2026-4-24 18:06:16] Send RPC:21
[Debug] [2026-4-24 18:06:16] Begin to send embed flash erase data.
[Debug] [2026-4-24 18:06:16] Begin to send flash erase data.
[Debug] [2026-4-24 18:06:16] End to send flash erase data.
[Debug] [2026-4-24 18:06:16] End to send embed flash erase data.
[Debug] [2026-4-24 18:06:16] Send cmd [Erase Outer Flash:20302] OK
[Debug] [2026-4-24 18:06:16] Log::Print : The start address of operating flash is 0x0.
[Debug] [2026-4-24 18:06:16] The value of Progress is 1
[Debug] [2026-4-24 18:06:18] The value of Progress is 6
[Debug] [2026-4-24 18:06:19] The value of Progress is 10
[Debug] [2026-4-24 18:06:20] The value of Progress is 15
[Debug] [2026-4-24 18:06:21] The value of Progress is 20
[Debug] [2026-4-24 18:06:23] The value of Progress is 25
[Debug] [2026-4-24 18:06:24] The value of Progress is 31
[Debug] [2026-4-24 18:06:25] The value of Progress is 36
[Debug] [2026-4-24 18:06:26] The value of Progress is 41
[Debug] [2026-4-24 18:06:28] The value of Progress is 46
[Debug] [2026-4-24 18:06:28] The value of Progress is 50
[Debug] [2026-4-24 18:06:30] The value of Progress is 55
[Debug] [2026-4-24 18:06:31] The value of Progress is 60
[Debug] [2026-4-24 18:06:32] The value of Progress is 65
[Debug] [2026-4-24 18:06:33] The value of Progress is 70
[Debug] [2026-4-24 18:06:35] The value of Progress is 75
[Debug] [2026-4-24 18:06:36] The value of Progress is 81
[Debug] [2026-4-24 18:06:37] The value of Progress is 86
[Debug] [2026-4-24 18:06:38] The value of Progress is 91
[Debug] [2026-4-24 18:06:39] The value of Progress is 96
[Debug] [2026-4-24 18:06:40] The value of Progress is 100
[Debug] [2026-4-24 18:06:40] COMMAND[Erase Outer Flash] execute finish, takes 24.3 secs.
[Debug] [2026-4-24 18:06:40] end to send jtag flash erase cmd.
[Debug] [2026-4-24 18:06:40] Send RPC:22
[Debug] [2026-4-24 18:06:40] Begin to send jtag flash program data.
[Debug] [2026-4-24 18:06:40] Begin to send flash program data.
[Debug] [2026-4-24 18:06:40] End to send flash program data.
[Debug] [2026-4-24 18:06:40] End to send embed flash program data.
[Debug] [2026-4-24 18:06:40] Send cmd [Program Outer Flash:20301] OK
[Debug] [2026-4-24 18:06:40] Log::Print : COMMAND[Erase Outer Flash] execute finish, takes 24.3 secs.
[Debug] [2026-4-24 18:06:40] Log::Print : The start address of operating flash is 0x0.
[Debug] [2026-4-24 18:06:42] The value of Progress is 1
[Debug] [2026-4-24 18:06:46] The value of Progress is 6
[Debug] [2026-4-24 18:06:48] The value of Progress is 10
[Debug] [2026-4-24 18:06:51] The value of Progress is 15
[Debug] [2026-4-24 18:06:54] The value of Progress is 20
[Debug] [2026-4-24 18:06:57] The value of Progress is 25
[Debug] [2026-4-24 18:07:00] The value of Progress is 30
[Debug] [2026-4-24 18:07:03] The value of Progress is 35
[Debug] [2026-4-24 18:07:06] The value of Progress is 40
[Debug] [2026-4-24 18:07:09] The value of Progress is 45
[Debug] [2026-4-24 18:07:12] The value of Progress is 50
[Debug] [2026-4-24 18:07:15] The value of Progress is 55
[Debug] [2026-4-24 18:07:18] The value of Progress is 60
[Debug] [2026-4-24 18:07:21] The value of Progress is 65
[Debug] [2026-4-24 18:07:24] The value of Progress is 70
[Debug] [2026-4-24 18:07:27] The value of Progress is 75
[Debug] [2026-4-24 18:07:30] The value of Progress is 80
[Debug] [2026-4-24 18:07:33] The value of Progress is 85
[Debug] [2026-4-24 18:07:36] The value of Progress is 90
[Debug] [2026-4-24 18:07:39] The value of Progress is 95
[Debug] [2026-4-24 18:07:42] The value of Progress is 100
[Debug] [2026-4-24 18:07:42] COMMAND[Program Outer Flash] execute finish, takes 61.7 secs.
[Debug] [2026-4-24 18:07:42] begin to send jtag flash verify cmd
[Debug] [2026-4-24 18:07:42] Send RPC:23
[Debug] [2026-4-24 18:07:42] Begin to send embed flash verify data.
[Debug] [2026-4-24 18:07:42] Begin to send flash verify data.
[Debug] [2026-4-24 18:07:42] End to send flash verify data.
[Debug] [2026-4-24 18:07:42] End to send embed flash verify data.
[Debug] [2026-4-24 18:07:42] Send cmd [Verify Outer Flash:20303] OK
[Debug] [2026-4-24 18:07:42] Log::Print : COMMAND[Program Outer Flash] execute finish, takes 61.7 secs.
[Debug] [2026-4-24 18:07:42] Log::Print : The start address of operating flash is 0x0.
[Debug] [2026-4-24 18:07:42] The value of Progress is 1
[Debug] [2026-4-24 18:07:42] The value of Progress is 6
[Debug] [2026-4-24 18:07:42] The value of Progress is 10
[Debug] [2026-4-24 18:07:43] The value of Progress is 15
[Debug] [2026-4-24 18:07:43] The value of Progress is 20
[Debug] [2026-4-24 18:07:43] The value of Progress is 25
[Debug] [2026-4-24 18:07:43] The value of Progress is 30
[Debug] [2026-4-24 18:07:43] The value of Progress is 35
[Debug] [2026-4-24 18:07:44] The value of Progress is 40
[Debug] [2026-4-24 18:07:44] The value of Progress is 45
[Debug] [2026-4-24 18:07:44] The value of Progress is 50
[Debug] [2026-4-24 18:07:44] The value of Progress is 55
[Debug] [2026-4-24 18:07:44] The value of Progress is 60
[Debug] [2026-4-24 18:07:44] The value of Progress is 65
[Debug] [2026-4-24 18:07:45] The value of Progress is 70
[Debug] [2026-4-24 18:07:45] The value of Progress is 75
[Debug] [2026-4-24 18:07:45] The value of Progress is 80
[Debug] [2026-4-24 18:07:45] The value of Progress is 85
[Debug] [2026-4-24 18:07:45] The value of Progress is 90
[Debug] [2026-4-24 18:07:46] The value of Progress is 95
[Debug] [2026-4-24 18:07:46] The value of Progress is 100
[Debug] [2026-4-24 18:07:46] COMMAND[Verify Outer Flash] execute successfully, takes 4.0 secs.
[Debug] [2026-4-24 18:07:46] end to send jtag flash verify cmd
[Debug] [2026-4-24 18:07:46] end to send jtag flash program cmd.
[Debug] [2026-4-24 18:07:46] Log::Print : COMMAND[Verify Outer Flash] execute successfully, takes 4.0 secs.
[Debug] [2026-4-24 18:07:52] Begin to send reset fpga cmd...
[Debug] [2026-4-24 18:07:52] Send RPC:24
[Debug] [2026-4-24 18:07:52] Send cmd [Reset FPGA:20025] OK
[Debug] [2026-4-24 18:07:52] End to send reset fpga cmd.
[Debug] [2026-4-24 18:07:52] COMMAND[Reset FPGA] execute successfully, takes 0.4 secs.
[Debug] [2026-4-24 18:07:52] Log::Print : COMMAND[Reset FPGA] execute successfully, takes 0.4 secs.
[Debug] [2026-4-24 18:07:59] Begin to send reset fpga cmd...
[Debug] [2026-4-24 18:07:59] Send RPC:25
[Debug] [2026-4-24 18:07:59] Send cmd [Reset FPGA:20025] OK
[Debug] [2026-4-24 18:07:59] End to send reset fpga cmd.
[Debug] [2026-4-24 18:07:59] COMMAND[Reset FPGA] execute successfully, takes 0.4 secs.
[Debug] [2026-4-24 18:07:59] Log::Print : COMMAND[Reset FPGA] execute successfully, takes 0.4 secs.
[Info] [2026-4-24 18:09:33] /***************************End Configration***************************/
[Info] [2026-4-24 18:21:48] /***************************Start Configuration***************************/
[Info] [2026-4-24 18:21:48] Path: D:/pango/PDS_2022.2-SP6.4/bin
[Info] [2026-4-24 18:21:48] Version: 146967
[Info] [2026-4-24 18:21:49] Current Path: D:/desktop/aaa
[Info] [2026-4-24 18:21:49] PDS Dir Path: D:/desktop/aaa
[Info] [2026-4-24 18:21:53] /***************************End Configration***************************/
[Info] [2026-4-24 19:18:42] /***************************Start Configuration***************************/
[Info] [2026-4-24 19:18:42] Path: D:/pango/PDS_2022.2-SP6.4/bin
[Info] [2026-4-24 19:18:42] Version: 146967
[Info] [2026-4-24 19:18:43] Current Path: D:/desktop/aaa
[Info] [2026-4-24 19:18:43] PDS Dir Path: D:/desktop/aaa
[Info] [2026-4-24 19:19:10] Configuration is not connect with server. connect first then scan chain.
[Debug] [2026-4-24 19:19:10] Client Local host name:LCR
[Debug] [2026-4-24 19:19:10] Client Local Address:192.168.3.19
[Debug] [2026-4-24 19:19:10] Client Local Address:192.168.140.1
[Debug] [2026-4-24 19:19:10] Client Local Address:192.168.77.1
[Debug] [2026-4-24 19:19:10] Server Address:127.0.0.1, Port:65420
[Debug] [2026-4-24 19:19:10] Log::Print : Connecting to server[127.0.0.1 : 65420].
[Info] [2026-4-24 19:19:10] Connect OK, Server: 127.0.0.1  Port: 65420
[Debug] [2026-4-24 19:19:10] Finish.
[Info] [2026-4-24 19:19:10] Connect server succeeded
[Debug] [2026-4-24 19:19:10] Send RPC:1
[Debug] [2026-4-24 19:19:11] Send cmd [check version information:40004] OK
[Debug] [2026-4-24 19:19:11] Log::Print : Connect to server[127.0.0.1 : 65420] successfully.
[Debug] [2026-4-24 19:19:11] Send RPC:2
[Debug] [2026-4-24 19:19:11] Send cmd [get_cable_paras:40010] OK
[Debug] [2026-4-24 19:19:11] Begin to send initialize chain cmd...
[Debug] [2026-4-24 19:19:11] Send RPC:3
[Debug] [2026-4-24 19:19:11] Send cmd [Open config cable:20001] OK
[Debug] [2026-4-24 19:19:11] End to send initialize chain cmd.
[Debug] [2026-4-24 19:19:11] COMMAND[check version information] execute successfully, takes 0.7 secs.
[Debug] [2026-4-24 19:19:11] Log::Print : COMMAND[check version information] execute successfully, takes 0.7 secs.
[Debug] [2026-4-24 19:19:12] COMMAND[get_cable_paras] execute successfully, takes 1.3 secs.
[Debug] [2026-4-24 19:19:12] Log::Print : The cable List : 
Cable index 0:USB Cable II/fffffffffffffffe 

[Debug] [2026-4-24 19:19:12] Log::Print : COMMAND[get_cable_paras] execute successfully, takes 1.3 secs.
[Debug] [2026-4-24 19:19:13] begin the exec of open cable cmd...
[Debug] [2026-4-24 19:19:13] Begin to deal with chain from server...
[Debug] [2026-4-24 19:19:13] Begin to set user chain...
[Debug] [2026-4-24 19:19:13] End to set user chain.
[Debug] [2026-4-24 19:19:13] Begin to update graphic item and tree item ...
[Debug] [2026-4-24 19:19:13] End to update graphic item and tree item ...
[Debug] [2026-4-24 19:19:13] Log::Print : PANGO USB CABLE II cable driver: D2XX DLL
[Debug] [2026-4-24 19:19:13] Log::Print : PG2L100H
[Debug] [2026-4-24 19:19:13] Log::Print : This device configure situation (done bit): 1
[Info] [2026-4-24 19:19:17] set OpenLastPath: D:/desktop/aaa/generate_bitstream/hdmi_ddr_ov5640_top.sbit
[Debug] [2026-4-24 19:19:17] begin to get device info from CFG file...
[Debug] [2026-4-24 19:19:17] end to get device info from CFG file...
[Debug] [2026-4-24 19:19:17] Begin to update graphic item and tree item ...
[Debug] [2026-4-24 19:19:17] End to update graphic item and tree item ...
[Debug] [2026-4-24 19:19:17] Begin to update graphic item and tree item ...
[Debug] [2026-4-24 19:19:17] End to update graphic item and tree item ...
[Debug] [2026-4-24 19:19:17] End to deal wiht chain from server.
[Debug] [2026-4-24 19:19:17] end the exec of open cable cmd.
[Debug] [2026-4-24 19:19:17] COMMAND[Open config cable] execute successfully, takes 5.8 secs.
[Debug] [2026-4-24 19:19:17] Log::Print : COMMAND[Open config cable] execute successfully, takes 5.8 secs.
[Debug] [2026-4-24 19:19:20] Begin to send programming cmd...
[Debug] [2026-4-24 19:19:20] Send RPC:4
[Debug] [2026-4-24 19:19:20] Begin to send program data.
[Debug] [2026-4-24 19:19:20] End to send program data.
[Debug] [2026-4-24 19:19:20] Send cmd [Program:20002] OK
[Debug] [2026-4-24 19:19:21] The value of Progress is 6
[Debug] [2026-4-24 19:19:21] The value of Progress is 10
[Debug] [2026-4-24 19:19:21] The value of Progress is 15
[Debug] [2026-4-24 19:19:21] The value of Progress is 20
[Debug] [2026-4-24 19:19:21] The value of Progress is 25
[Debug] [2026-4-24 19:19:22] The value of Progress is 30
[Debug] [2026-4-24 19:19:22] The value of Progress is 35
[Debug] [2026-4-24 19:19:22] The value of Progress is 40
[Debug] [2026-4-24 19:19:22] The value of Progress is 45
[Debug] [2026-4-24 19:19:22] The value of Progress is 50
[Debug] [2026-4-24 19:19:22] The value of Progress is 55
[Debug] [2026-4-24 19:19:23] The value of Progress is 60
[Debug] [2026-4-24 19:19:23] The value of Progress is 65
[Debug] [2026-4-24 19:19:23] The value of Progress is 70
[Debug] [2026-4-24 19:19:23] The value of Progress is 75
[Debug] [2026-4-24 19:19:23] The value of Progress is 80
[Debug] [2026-4-24 19:19:23] The value of Progress is 85
[Debug] [2026-4-24 19:19:23] The value of Progress is 90
[Debug] [2026-4-24 19:19:24] The value of Progress is 95
[Debug] [2026-4-24 19:19:24] The value of Progress is 100
[Debug] [2026-4-24 19:19:24] COMMAND[Program] execute successfully, takes 3.4 secs.
[Debug] [2026-4-24 19:19:24] End to send programming cmd.
[Debug] [2026-4-24 19:19:24] Log::Print : The done bit is 1
[Debug] [2026-4-24 19:19:24] Log::Print : COMMAND[Program] execute successfully, takes 3.4 secs.
[Debug] [2026-4-24 19:47:10] Begin to Converte file.
[Debug] [2026-4-24 19:47:22] begin to parse sfc file.
[Debug] [2026-4-24 19:47:22] begin to get device info from CFG file...
[Debug] [2026-4-24 19:47:22] end to get device info from CFG file...
[Debug] [2026-4-24 19:47:22] begin to get device info from CFG file...
[Debug] [2026-4-24 19:47:22] end to get device info from CFG file...
[Debug] [2026-4-24 19:47:22] end to parse sfc file.
[Debug] [2026-4-24 19:47:22] Log::Print : The Start Address of bit file D:/desktop/aaa/generate_bitstream/hdmi_ddr_ov5640_top.sbit: 0x0
[Debug] [2026-4-24 19:47:23] End to Converte file.
[Debug] [2026-4-24 19:47:24] Begin to send scan outer flash cmd...
[Debug] [2026-4-24 19:47:24] Send RPC:5
[Debug] [2026-4-24 19:47:24] Send cmd [Scan Outer SPI Flash:20300] OK
[Debug] [2026-4-24 19:47:24] End to send scan outer flash cmd.
[Debug] [2026-4-24 19:47:25] begin to exec scan jtag flash cmd...
[Debug] [2026-4-24 19:47:25] Begin to initialize JtagFlash for selected FPGA Device...
[Debug] [2026-4-24 19:47:25] Begin to update graphic item and tree item ...
[Debug] [2026-4-24 19:47:25] End to update graphic item and tree item ...
[Info] [2026-4-24 19:47:27] set OpenLastPath: D:/desktop/aaa/generate_bitstream/hdmi_ddr_ov5640_top.sfc
[Debug] [2026-4-24 19:47:27] begin to check SFC File and Flash Device Read Mode.
[Error] [2026-4-24 19:47:27] device W25Q128Q can't support SPI X2, 32-bit address read mode.
[Error] [2026-4-24 19:47:27] Device doesn't match the given file.
[Error] [2026-4-24 19:47:27] MsgOut: Configuration-0027: The read mode info from bitstream file is 'SPI X2, 32-bit address', current device 'W25Q128Q' doesn't support this read mode.
[Debug] [2026-4-24 19:47:28] End to initialize OuterFlash for selected FPGA Device...
[Debug] [2026-4-24 19:47:28] end to exec scan jtag flash cmd...
[Debug] [2026-4-24 19:47:28] COMMAND[Scan Outer SPI Flash] execute successfully, takes 3.7 secs.
[Error] [2026-4-24 19:47:28] MsgOut: Configuration-0009: Operation error :
 Assign new configuration file to FPGA device fail.
[Debug] [2026-4-24 19:47:28] Log::Print : COMMAND[Scan Outer SPI Flash] execute successfully, takes 3.7 secs.
[Debug] [2026-4-24 19:47:34] Begin to send scan outer flash cmd...
[Debug] [2026-4-24 19:47:34] Send RPC:6
[Debug] [2026-4-24 19:47:34] Send cmd [Scan Outer SPI Flash:20300] OK
[Debug] [2026-4-24 19:47:34] End to send scan outer flash cmd.
[Debug] [2026-4-24 19:47:34] begin to exec scan jtag flash cmd...
[Debug] [2026-4-24 19:47:34] Begin to initialize JtagFlash for selected FPGA Device...
[Debug] [2026-4-24 19:47:34] Begin to update graphic item and tree item ...
[Debug] [2026-4-24 19:47:34] End to update graphic item and tree item ...
[Info] [2026-4-24 19:47:36] set OpenLastPath: D:/desktop/aaa/generate_bitstream/hdmi_ddr_ov5640_top.sfc
[Debug] [2026-4-24 19:47:36] begin to check SFC File and Flash Device Read Mode.
[Error] [2026-4-24 19:47:36] device W25Q128Q can't support SPI X2, 32-bit address read mode.
[Error] [2026-4-24 19:47:36] Device doesn't match the given file.
[Error] [2026-4-24 19:47:36] MsgOut: Configuration-0027: The read mode info from bitstream file is 'SPI X2, 32-bit address', current device 'W25Q128Q' doesn't support this read mode.
[Debug] [2026-4-24 19:47:37] End to initialize OuterFlash for selected FPGA Device...
[Debug] [2026-4-24 19:47:37] end to exec scan jtag flash cmd...
[Debug] [2026-4-24 19:47:37] COMMAND[Scan Outer SPI Flash] execute successfully, takes 3.4 secs.
[Error] [2026-4-24 19:47:37] MsgOut: Configuration-0009: Operation error :
 Assign new configuration file to FPGA device fail.
[Debug] [2026-4-24 19:47:37] Log::Print : COMMAND[Scan Outer SPI Flash] execute successfully, takes 3.4 secs.
[Debug] [2026-4-24 19:47:46] Begin to send initialize chain cmd...
[Debug] [2026-4-24 19:47:46] Send RPC:7
[Debug] [2026-4-24 19:47:46] Send cmd [Open config cable:20001] OK
[Debug] [2026-4-24 19:47:46] End to send initialize chain cmd.
[Debug] [2026-4-24 19:47:47] begin the exec of open cable cmd...
[Debug] [2026-4-24 19:47:47] Begin to deal with chain from server...
[Debug] [2026-4-24 19:47:47] Begin to set user chain...
[Debug] [2026-4-24 19:47:47] End to set user chain.
[Debug] [2026-4-24 19:47:47] Begin to update graphic item and tree item ...
[Debug] [2026-4-24 19:47:47] End to update graphic item and tree item ...
[Debug] [2026-4-24 19:47:47] Log::Print : PANGO USB CABLE II cable driver: D2XX DLL
[Debug] [2026-4-24 19:47:47] Log::Print : PG2L100H
[Debug] [2026-4-24 19:47:47] Log::Print : This device configure situation (done bit): 1
[Info] [2026-4-24 19:47:49] set OpenLastPath: D:/desktop/aaa/generate_bitstream/hdmi_ddr_ov5640_top.sbit
[Debug] [2026-4-24 19:47:49] begin to get device info from CFG file...
[Debug] [2026-4-24 19:47:49] end to get device info from CFG file...
[Debug] [2026-4-24 19:47:49] Begin to update graphic item and tree item ...
[Debug] [2026-4-24 19:47:49] End to update graphic item and tree item ...
[Debug] [2026-4-24 19:47:49] Begin to update graphic item and tree item ...
[Debug] [2026-4-24 19:47:49] End to update graphic item and tree item ...
[Debug] [2026-4-24 19:47:49] End to deal wiht chain from server.
[Debug] [2026-4-24 19:47:49] end the exec of open cable cmd.
[Debug] [2026-4-24 19:47:49] COMMAND[Open config cable] execute successfully, takes 2.3 secs.
[Debug] [2026-4-24 19:47:49] Log::Print : COMMAND[Open config cable] execute successfully, takes 2.3 secs.
[Debug] [2026-4-24 19:47:52] Begin to Converte file.
[Debug] [2026-4-24 19:47:52] End to Converte file.
[Debug] [2026-4-24 19:48:02] begin to parse sfc file.
[Debug] [2026-4-24 19:48:02] begin to get device info from CFG file...
[Debug] [2026-4-24 19:48:02] end to get device info from CFG file...
[Debug] [2026-4-24 19:48:02] begin to get device info from CFG file...
[Debug] [2026-4-24 19:48:02] end to get device info from CFG file...
[Debug] [2026-4-24 19:48:02] end to parse sfc file.
[Debug] [2026-4-24 19:48:03] Log::Print : The Start Address of bit file D:/desktop/aaa/generate_bitstream/hdmi_ddr_ov5640_top.sbit: 0x0
[Debug] [2026-4-24 19:48:05] Begin to send programming cmd...
[Debug] [2026-4-24 19:48:05] Send RPC:8
[Debug] [2026-4-24 19:48:05] Begin to send program data.
[Debug] [2026-4-24 19:48:05] End to send program data.
[Debug] [2026-4-24 19:48:05] Send cmd [Program:20002] OK
[Debug] [2026-4-24 19:48:06] The value of Progress is 6
[Debug] [2026-4-24 19:48:06] The value of Progress is 10
[Debug] [2026-4-24 19:48:06] The value of Progress is 15
[Debug] [2026-4-24 19:48:06] The value of Progress is 20
[Debug] [2026-4-24 19:48:06] The value of Progress is 25
[Debug] [2026-4-24 19:48:06] The value of Progress is 30
[Debug] [2026-4-24 19:48:07] The value of Progress is 35
[Debug] [2026-4-24 19:48:07] The value of Progress is 40
[Debug] [2026-4-24 19:48:07] The value of Progress is 45
[Debug] [2026-4-24 19:48:07] The value of Progress is 50
[Debug] [2026-4-24 19:48:07] The value of Progress is 55
[Debug] [2026-4-24 19:48:07] The value of Progress is 60
[Debug] [2026-4-24 19:48:08] The value of Progress is 65
[Debug] [2026-4-24 19:48:08] The value of Progress is 70
[Debug] [2026-4-24 19:48:08] The value of Progress is 75
[Debug] [2026-4-24 19:48:08] The value of Progress is 80
[Debug] [2026-4-24 19:48:08] The value of Progress is 85
[Debug] [2026-4-24 19:48:08] The value of Progress is 90
[Debug] [2026-4-24 19:48:08] The value of Progress is 95
[Debug] [2026-4-24 19:48:09] The value of Progress is 100
[Debug] [2026-4-24 19:48:09] COMMAND[Program] execute successfully, takes 3.4 secs.
[Debug] [2026-4-24 19:48:09] End to send programming cmd.
[Debug] [2026-4-24 19:48:09] Log::Print : The done bit is 1
[Debug] [2026-4-24 19:48:09] Log::Print : COMMAND[Program] execute successfully, takes 3.4 secs.
[Debug] [2026-4-24 19:48:22] Begin to send scan outer flash cmd...
[Debug] [2026-4-24 19:48:22] Send RPC:9
[Debug] [2026-4-24 19:48:22] Send cmd [Scan Outer SPI Flash:20300] OK
[Debug] [2026-4-24 19:48:22] End to send scan outer flash cmd.
[Debug] [2026-4-24 19:48:23] begin to exec scan jtag flash cmd...
[Debug] [2026-4-24 19:48:23] Begin to initialize JtagFlash for selected FPGA Device...
[Debug] [2026-4-24 19:48:23] Begin to update graphic item and tree item ...
[Debug] [2026-4-24 19:48:23] End to update graphic item and tree item ...
[Info] [2026-4-24 19:48:25] set OpenLastPath: D:/desktop/aaa/generate_bitstream/hdmi_ddr_ov5640_top.sfc
[Debug] [2026-4-24 19:48:25] begin to check SFC File and Flash Device Read Mode.
[Debug] [2026-4-24 19:48:25] end to check SFC File and Flash Device Read Mode.
[Debug] [2026-4-24 19:48:25] Begin to update graphic item and tree item ...
[Debug] [2026-4-24 19:48:25] End to update graphic item and tree item ...
[Debug] [2026-4-24 19:48:25] End to initialize OuterFlash for selected FPGA Device...
[Debug] [2026-4-24 19:48:25] end to exec scan jtag flash cmd...
[Debug] [2026-4-24 19:48:25] COMMAND[Scan Outer SPI Flash] execute successfully, takes 2.2 secs.
[Debug] [2026-4-24 19:48:25] Log::Print : COMMAND[Scan Outer SPI Flash] execute successfully, takes 2.2 secs.
[Debug] [2026-4-24 19:48:28] begin to send promgram jtag flash cmd.
[Debug] [2026-4-24 19:48:28] begin to send jtag flash erase cmd
[Debug] [2026-4-24 19:48:28] Send RPC:10
[Debug] [2026-4-24 19:48:28] Begin to send embed flash erase data.
[Debug] [2026-4-24 19:48:28] Begin to send flash erase data.
[Debug] [2026-4-24 19:48:28] End to send flash erase data.
[Debug] [2026-4-24 19:48:28] End to send embed flash erase data.
[Debug] [2026-4-24 19:48:28] Send cmd [Erase Outer Flash:20302] OK
[Debug] [2026-4-24 19:48:28] Log::Print : The start address of operating flash is 0x0.
[Debug] [2026-4-24 19:48:28] The value of Progress is 1
[Debug] [2026-4-24 19:48:30] The value of Progress is 6
[Debug] [2026-4-24 19:48:31] The value of Progress is 10
[Debug] [2026-4-24 19:48:32] The value of Progress is 15
[Debug] [2026-4-24 19:48:33] The value of Progress is 20
[Debug] [2026-4-24 19:48:35] The value of Progress is 25
[Debug] [2026-4-24 19:48:36] The value of Progress is 31
[Debug] [2026-4-24 19:48:37] The value of Progress is 36
[Debug] [2026-4-24 19:48:38] The value of Progress is 41
[Debug] [2026-4-24 19:48:40] The value of Progress is 46
[Debug] [2026-4-24 19:48:40] The value of Progress is 50
[Debug] [2026-4-24 19:48:42] The value of Progress is 55
[Debug] [2026-4-24 19:48:43] The value of Progress is 60
[Debug] [2026-4-24 19:48:44] The value of Progress is 65
[Debug] [2026-4-24 19:48:45] The value of Progress is 70
[Debug] [2026-4-24 19:48:47] The value of Progress is 75
[Debug] [2026-4-24 19:48:48] The value of Progress is 81
[Debug] [2026-4-24 19:48:49] The value of Progress is 86
[Debug] [2026-4-24 19:48:50] The value of Progress is 91
[Debug] [2026-4-24 19:48:52] The value of Progress is 96
[Debug] [2026-4-24 19:48:52] The value of Progress is 100
[Debug] [2026-4-24 19:48:52] COMMAND[Erase Outer Flash] execute finish, takes 24.3 secs.
[Debug] [2026-4-24 19:48:52] end to send jtag flash erase cmd.
[Debug] [2026-4-24 19:48:52] Send RPC:11
[Debug] [2026-4-24 19:48:52] Begin to send jtag flash program data.
[Debug] [2026-4-24 19:48:52] Begin to send flash program data.
[Debug] [2026-4-24 19:48:52] End to send flash program data.
[Debug] [2026-4-24 19:48:52] End to send embed flash program data.
[Debug] [2026-4-24 19:48:52] Send cmd [Program Outer Flash:20301] OK
[Debug] [2026-4-24 19:48:52] Log::Print : COMMAND[Erase Outer Flash] execute finish, takes 24.3 secs.
[Debug] [2026-4-24 19:48:52] Log::Print : The start address of operating flash is 0x0.
[Debug] [2026-4-24 19:48:54] The value of Progress is 1
[Debug] [2026-4-24 19:48:58] The value of Progress is 6
[Debug] [2026-4-24 19:49:00] The value of Progress is 10
[Debug] [2026-4-24 19:49:03] The value of Progress is 15
[Debug] [2026-4-24 19:49:06] The value of Progress is 20
[Debug] [2026-4-24 19:49:09] The value of Progress is 25
[Debug] [2026-4-24 19:49:12] The value of Progress is 30
[Debug] [2026-4-24 19:49:15] The value of Progress is 35
[Debug] [2026-4-24 19:49:18] The value of Progress is 40
[Debug] [2026-4-24 19:49:21] The value of Progress is 45
[Debug] [2026-4-24 19:49:24] The value of Progress is 50
[Debug] [2026-4-24 19:49:27] The value of Progress is 55
[Debug] [2026-4-24 19:49:30] The value of Progress is 60
[Debug] [2026-4-24 19:49:33] The value of Progress is 65
[Debug] [2026-4-24 19:49:36] The value of Progress is 70
[Debug] [2026-4-24 19:49:39] The value of Progress is 75
[Debug] [2026-4-24 19:49:42] The value of Progress is 80
[Debug] [2026-4-24 19:49:45] The value of Progress is 85
[Debug] [2026-4-24 19:49:48] The value of Progress is 90
[Debug] [2026-4-24 19:49:51] The value of Progress is 95
[Debug] [2026-4-24 19:49:54] The value of Progress is 100
[Debug] [2026-4-24 19:49:54] COMMAND[Program Outer Flash] execute finish, takes 61.7 secs.
[Debug] [2026-4-24 19:49:54] begin to send jtag flash verify cmd
[Debug] [2026-4-24 19:49:54] Send RPC:12
[Debug] [2026-4-24 19:49:54] Begin to send embed flash verify data.
[Debug] [2026-4-24 19:49:54] Begin to send flash verify data.
[Debug] [2026-4-24 19:49:54] End to send flash verify data.
[Debug] [2026-4-24 19:49:54] End to send embed flash verify data.
[Debug] [2026-4-24 19:49:54] Send cmd [Verify Outer Flash:20303] OK
[Debug] [2026-4-24 19:49:54] Log::Print : COMMAND[Program Outer Flash] execute finish, takes 61.7 secs.
[Debug] [2026-4-24 19:49:54] Log::Print : The start address of operating flash is 0x0.
[Debug] [2026-4-24 19:49:54] The value of Progress is 1
[Debug] [2026-4-24 19:49:54] The value of Progress is 6
[Debug] [2026-4-24 19:49:54] The value of Progress is 10
[Debug] [2026-4-24 19:49:55] The value of Progress is 15
[Debug] [2026-4-24 19:49:55] The value of Progress is 20
[Debug] [2026-4-24 19:49:55] The value of Progress is 25
[Debug] [2026-4-24 19:49:55] The value of Progress is 30
[Debug] [2026-4-24 19:49:55] The value of Progress is 35
[Debug] [2026-4-24 19:49:56] The value of Progress is 40
[Debug] [2026-4-24 19:49:56] The value of Progress is 45
[Debug] [2026-4-24 19:49:56] The value of Progress is 50
[Debug] [2026-4-24 19:49:56] The value of Progress is 55
[Debug] [2026-4-24 19:49:56] The value of Progress is 60
[Debug] [2026-4-24 19:49:57] The value of Progress is 65
[Debug] [2026-4-24 19:49:57] The value of Progress is 70
[Debug] [2026-4-24 19:49:57] The value of Progress is 75
[Debug] [2026-4-24 19:49:57] The value of Progress is 80
[Debug] [2026-4-24 19:49:57] The value of Progress is 85
[Debug] [2026-4-24 19:49:58] The value of Progress is 90
[Debug] [2026-4-24 19:49:58] The value of Progress is 95
[Debug] [2026-4-24 19:49:58] The value of Progress is 100
[Debug] [2026-4-24 19:49:58] COMMAND[Verify Outer Flash] execute successfully, takes 4.0 secs.
[Debug] [2026-4-24 19:49:58] end to send jtag flash verify cmd
[Debug] [2026-4-24 19:49:58] end to send jtag flash program cmd.
[Debug] [2026-4-24 19:49:58] Log::Print : COMMAND[Verify Outer Flash] execute successfully, takes 4.0 secs.
[Info] [2026-4-24 19:50:38] /***************************End Configration***************************/
[Info] [2026-4-24 20:20:03] /***************************Start Configuration***************************/
[Info] [2026-4-24 20:20:03] Path: D:/pango/PDS_2022.2-SP6.4/bin
[Info] [2026-4-24 20:20:03] Version: 146967
[Info] [2026-4-24 20:20:04] Current Path: D:/desktop/aaa
[Info] [2026-4-24 20:20:04] PDS Dir Path: D:/desktop/aaa
[Info] [2026-4-24 20:20:07] Configuration is not connect with server. connect first then scan chain.
[Debug] [2026-4-24 20:20:07] Client Local host name:LCR
[Debug] [2026-4-24 20:20:07] Client Local Address:192.168.3.19
[Debug] [2026-4-24 20:20:07] Client Local Address:192.168.140.1
[Debug] [2026-4-24 20:20:07] Client Local Address:192.168.77.1
[Debug] [2026-4-24 20:20:07] Server Address:127.0.0.1, Port:65420
[Debug] [2026-4-24 20:20:08] Log::Print : Connecting to server[127.0.0.1 : 65420].
[Info] [2026-4-24 20:20:08] Connect OK, Server: 127.0.0.1  Port: 65420
[Debug] [2026-4-24 20:20:08] Finish.
[Info] [2026-4-24 20:20:08] Connect server succeeded
[Debug] [2026-4-24 20:20:08] Send RPC:1
[Debug] [2026-4-24 20:20:08] Send cmd [check version information:40004] OK
[Debug] [2026-4-24 20:20:08] Log::Print : Connect to server[127.0.0.1 : 65420] successfully.
[Debug] [2026-4-24 20:20:09] Send RPC:2
[Debug] [2026-4-24 20:20:09] Send cmd [get_cable_paras:40010] OK
[Debug] [2026-4-24 20:20:09] Begin to send initialize chain cmd...
[Debug] [2026-4-24 20:20:09] Send RPC:3
[Debug] [2026-4-24 20:20:09] Send cmd [Open config cable:20001] OK
[Debug] [2026-4-24 20:20:09] End to send initialize chain cmd.
[Debug] [2026-4-24 20:20:09] COMMAND[check version information] execute successfully, takes 0.8 secs.
[Debug] [2026-4-24 20:20:09] Log::Print : COMMAND[check version information] execute successfully, takes 0.8 secs.
[Debug] [2026-4-24 20:20:10] COMMAND[get_cable_paras] execute successfully, takes 1.4 secs.
[Debug] [2026-4-24 20:20:10] Log::Print : The cable List : 
Cable index 0:USB Cable II/fffffffffffffffe 

[Debug] [2026-4-24 20:20:10] Log::Print : COMMAND[get_cable_paras] execute successfully, takes 1.4 secs.
[Debug] [2026-4-24 20:20:10] begin the exec of open cable cmd...
[Debug] [2026-4-24 20:20:10] Begin to deal with chain from server...
[Debug] [2026-4-24 20:20:10] Begin to set user chain...
[Debug] [2026-4-24 20:20:10] End to set user chain.
[Debug] [2026-4-24 20:20:10] Begin to update graphic item and tree item ...
[Debug] [2026-4-24 20:20:10] End to update graphic item and tree item ...
[Debug] [2026-4-24 20:20:10] Log::Print : PANGO USB CABLE II cable driver: D2XX DLL
[Debug] [2026-4-24 20:20:10] Log::Print : PG2L100H
[Debug] [2026-4-24 20:20:10] Log::Print : This device configure situation (done bit): 1
[Info] [2026-4-24 20:20:12] set OpenLastPath: D:/desktop/aaa/generate_bitstream/hdmi_ddr_ov5640_top.sbit
[Debug] [2026-4-24 20:20:12] begin to get device info from CFG file...
[Debug] [2026-4-24 20:20:12] end to get device info from CFG file...
[Debug] [2026-4-24 20:20:12] Begin to update graphic item and tree item ...
[Debug] [2026-4-24 20:20:12] End to update graphic item and tree item ...
[Debug] [2026-4-24 20:20:12] Begin to update graphic item and tree item ...
[Debug] [2026-4-24 20:20:12] End to update graphic item and tree item ...
[Debug] [2026-4-24 20:20:12] End to deal wiht chain from server.
[Debug] [2026-4-24 20:20:12] end the exec of open cable cmd.
[Debug] [2026-4-24 20:20:12] COMMAND[Open config cable] execute successfully, takes 3.6 secs.
[Debug] [2026-4-24 20:20:12] Log::Print : COMMAND[Open config cable] execute successfully, takes 3.6 secs.
[Debug] [2026-4-24 20:20:14] Begin to send programming cmd...
[Debug] [2026-4-24 20:20:14] Send RPC:4
[Debug] [2026-4-24 20:20:14] Begin to send program data.
[Debug] [2026-4-24 20:20:14] End to send program data.
[Debug] [2026-4-24 20:20:14] Send cmd [Program:20002] OK
[Debug] [2026-4-24 20:20:14] The value of Progress is 6
[Debug] [2026-4-24 20:20:14] The value of Progress is 10
[Debug] [2026-4-24 20:20:15] The value of Progress is 15
[Debug] [2026-4-24 20:20:15] The value of Progress is 20
[Debug] [2026-4-24 20:20:15] The value of Progress is 25
[Debug] [2026-4-24 20:20:15] The value of Progress is 30
[Debug] [2026-4-24 20:20:15] The value of Progress is 35
[Debug] [2026-4-24 20:20:15] The value of Progress is 40
[Debug] [2026-4-24 20:20:16] The value of Progress is 45
[Debug] [2026-4-24 20:20:16] The value of Progress is 50
[Debug] [2026-4-24 20:20:16] The value of Progress is 55
[Debug] [2026-4-24 20:20:16] The value of Progress is 60
[Debug] [2026-4-24 20:20:16] The value of Progress is 65
[Debug] [2026-4-24 20:20:16] The value of Progress is 70
[Debug] [2026-4-24 20:20:17] The value of Progress is 75
[Debug] [2026-4-24 20:20:17] The value of Progress is 80
[Debug] [2026-4-24 20:20:17] The value of Progress is 85
[Debug] [2026-4-24 20:20:17] The value of Progress is 90
[Debug] [2026-4-24 20:20:17] The value of Progress is 95
[Debug] [2026-4-24 20:20:17] The value of Progress is 100
[Debug] [2026-4-24 20:20:17] COMMAND[Program] execute successfully, takes 3.4 secs.
[Debug] [2026-4-24 20:20:17] End to send programming cmd.
[Debug] [2026-4-24 20:20:17] Log::Print : The done bit is 1
[Debug] [2026-4-24 20:20:17] Log::Print : COMMAND[Program] execute successfully, takes 3.4 secs.
[Debug] [2026-4-24 20:55:06] Begin to send initialize chain cmd...
[Debug] [2026-4-24 20:55:06] Send RPC:5
[Debug] [2026-4-24 20:55:06] Send cmd [Open config cable:20001] OK
[Debug] [2026-4-24 20:55:06] End to send initialize chain cmd.
[Debug] [2026-4-24 20:55:06] begin the exec of open cable cmd...
[Debug] [2026-4-24 20:55:06] Begin to deal with chain from server...
[Debug] [2026-4-24 20:55:06] Begin to set user chain...
[Debug] [2026-4-24 20:55:06] End to set user chain.
[Debug] [2026-4-24 20:55:06] Begin to update graphic item and tree item ...
[Debug] [2026-4-24 20:55:06] End to update graphic item and tree item ...
[Debug] [2026-4-24 20:55:06] Log::Print : PANGO USB CABLE II cable driver: D2XX DLL
[Debug] [2026-4-24 20:55:06] Log::Print : PG2L100H
[Debug] [2026-4-24 20:55:06] Log::Print : This device configure situation (done bit): 1
[Info] [2026-4-24 20:55:09] set OpenLastPath: D:/desktop/aaa/generate_bitstream/hdmi_ddr_ov5640_top.sbit
[Debug] [2026-4-24 20:55:09] begin to get device info from CFG file...
[Debug] [2026-4-24 20:55:09] end to get device info from CFG file...
[Debug] [2026-4-24 20:55:09] Begin to update graphic item and tree item ...
[Debug] [2026-4-24 20:55:09] End to update graphic item and tree item ...
[Debug] [2026-4-24 20:55:09] Begin to update graphic item and tree item ...
[Debug] [2026-4-24 20:55:09] End to update graphic item and tree item ...
[Debug] [2026-4-24 20:55:09] End to deal wiht chain from server.
[Debug] [2026-4-24 20:55:09] end the exec of open cable cmd.
[Debug] [2026-4-24 20:55:09] COMMAND[Open config cable] execute successfully, takes 3.1 secs.
[Debug] [2026-4-24 20:55:09] Log::Print : COMMAND[Open config cable] execute successfully, takes 3.1 secs.
[Debug] [2026-4-24 20:55:12] Begin to send programming cmd...
[Debug] [2026-4-24 20:55:12] Send RPC:6
[Debug] [2026-4-24 20:55:12] Begin to send program data.
[Debug] [2026-4-24 20:55:12] End to send program data.
[Debug] [2026-4-24 20:55:12] Send cmd [Program:20002] OK
[Debug] [2026-4-24 20:55:12] The value of Progress is 6
[Debug] [2026-4-24 20:55:12] The value of Progress is 10
[Debug] [2026-4-24 20:55:12] The value of Progress is 15
[Debug] [2026-4-24 20:55:12] The value of Progress is 20
[Debug] [2026-4-24 20:55:12] The value of Progress is 25
[Debug] [2026-4-24 20:55:13] The value of Progress is 30
[Debug] [2026-4-24 20:55:13] The value of Progress is 35
[Debug] [2026-4-24 20:55:13] The value of Progress is 40
[Debug] [2026-4-24 20:55:13] The value of Progress is 45
[Debug] [2026-4-24 20:55:13] The value of Progress is 50
[Debug] [2026-4-24 20:55:13] The value of Progress is 55
[Debug] [2026-4-24 20:55:14] The value of Progress is 60
[Debug] [2026-4-24 20:55:14] The value of Progress is 65
[Debug] [2026-4-24 20:55:14] The value of Progress is 70
[Debug] [2026-4-24 20:55:14] The value of Progress is 75
[Debug] [2026-4-24 20:55:14] The value of Progress is 80
[Debug] [2026-4-24 20:55:14] The value of Progress is 85
[Debug] [2026-4-24 20:55:15] The value of Progress is 90
[Debug] [2026-4-24 20:55:15] The value of Progress is 95
[Debug] [2026-4-24 20:55:15] The value of Progress is 100
[Debug] [2026-4-24 20:55:15] COMMAND[Program] execute successfully, takes 3.4 secs.
[Debug] [2026-4-24 20:55:15] End to send programming cmd.
[Debug] [2026-4-24 20:55:15] Log::Print : The done bit is 1
[Debug] [2026-4-24 20:55:15] Log::Print : COMMAND[Program] execute successfully, takes 3.4 secs.
[Debug] [2026-4-24 20:55:22] Begin to send initialize chain cmd...
[Debug] [2026-4-24 20:55:22] Send RPC:7
[Debug] [2026-4-24 20:55:22] Send cmd [Open config cable:20001] OK
[Debug] [2026-4-24 20:55:22] End to send initialize chain cmd.
[Debug] [2026-4-24 20:55:22] begin the exec of open cable cmd...
[Debug] [2026-4-24 20:55:22] Begin to deal with chain from server...
[Debug] [2026-4-24 20:55:22] Begin to set user chain...
[Debug] [2026-4-24 20:55:22] End to set user chain.
[Debug] [2026-4-24 20:55:22] Begin to update graphic item and tree item ...
[Debug] [2026-4-24 20:55:22] End to update graphic item and tree item ...
[Debug] [2026-4-24 20:55:22] Log::Print : PANGO USB CABLE II cable driver: D2XX DLL
[Debug] [2026-4-24 20:55:22] Log::Print : PG2L100H
[Debug] [2026-4-24 20:55:22] Log::Print : This device configure situation (done bit): 1
[Info] [2026-4-24 20:55:25] set OpenLastPath: D:/desktop/aaa/generate_bitstream/hdmi_ddr_ov5640_top.sbit
[Debug] [2026-4-24 20:55:25] begin to get device info from CFG file...
[Debug] [2026-4-24 20:55:25] end to get device info from CFG file...
[Debug] [2026-4-24 20:55:25] Begin to update graphic item and tree item ...
[Debug] [2026-4-24 20:55:25] End to update graphic item and tree item ...
[Debug] [2026-4-24 20:55:25] Begin to update graphic item and tree item ...
[Debug] [2026-4-24 20:55:25] End to update graphic item and tree item ...
[Debug] [2026-4-24 20:55:25] End to deal wiht chain from server.
[Debug] [2026-4-24 20:55:25] end the exec of open cable cmd.
[Debug] [2026-4-24 20:55:25] COMMAND[Open config cable] execute successfully, takes 3.1 secs.
[Debug] [2026-4-24 20:55:25] Log::Print : COMMAND[Open config cable] execute successfully, takes 3.1 secs.
[Debug] [2026-4-24 20:55:26] Begin to send programming cmd...
[Debug] [2026-4-24 20:55:26] Send RPC:8
[Debug] [2026-4-24 20:55:26] Begin to send program data.
[Debug] [2026-4-24 20:55:26] End to send program data.
[Debug] [2026-4-24 20:55:26] Send cmd [Program:20002] OK
[Debug] [2026-4-24 20:55:27] The value of Progress is 6
[Debug] [2026-4-24 20:55:27] The value of Progress is 10
[Debug] [2026-4-24 20:55:27] The value of Progress is 15
[Debug] [2026-4-24 20:55:27] The value of Progress is 20
[Debug] [2026-4-24 20:55:27] The value of Progress is 25
[Debug] [2026-4-24 20:55:27] The value of Progress is 30
[Debug] [2026-4-24 20:55:28] The value of Progress is 35
[Debug] [2026-4-24 20:55:28] The value of Progress is 40
[Debug] [2026-4-24 20:55:28] The value of Progress is 45
[Debug] [2026-4-24 20:55:28] The value of Progress is 50
[Debug] [2026-4-24 20:55:28] The value of Progress is 55
[Debug] [2026-4-24 20:55:28] The value of Progress is 60
[Debug] [2026-4-24 20:55:28] The value of Progress is 65
[Debug] [2026-4-24 20:55:29] The value of Progress is 70
[Debug] [2026-4-24 20:55:29] The value of Progress is 75
[Debug] [2026-4-24 20:55:29] The value of Progress is 80
[Debug] [2026-4-24 20:55:29] The value of Progress is 85
[Debug] [2026-4-24 20:55:29] The value of Progress is 90
[Debug] [2026-4-24 20:55:29] The value of Progress is 95
[Debug] [2026-4-24 20:55:30] The value of Progress is 100
[Debug] [2026-4-24 20:55:30] COMMAND[Program] execute successfully, takes 3.4 secs.
[Debug] [2026-4-24 20:55:30] End to send programming cmd.
[Debug] [2026-4-24 20:55:30] Log::Print : The done bit is 1
[Debug] [2026-4-24 20:55:30] Log::Print : COMMAND[Program] execute successfully, takes 3.4 secs.
[Info] [2026-4-24 20:55:37] /***************************End Configration***************************/
[Info] [2026-4-24 23:46:49] /***************************Start Configuration***************************/
[Info] [2026-4-24 23:46:49] Path: D:/pango/PDS_2022.2-SP6.4/bin
[Info] [2026-4-24 23:46:49] Version: 146967
[Info] [2026-4-24 23:46:50] Current Path: D:/desktop/aaa
[Info] [2026-4-24 23:46:50] PDS Dir Path: D:/desktop/aaa
[Info] [2026-4-24 23:46:56] Configuration is not connect with server. connect first then scan chain.
[Debug] [2026-4-24 23:46:56] Client Local host name:LCR
[Debug] [2026-4-24 23:46:56] Client Local Address:192.168.3.19
[Debug] [2026-4-24 23:46:56] Client Local Address:192.168.140.1
[Debug] [2026-4-24 23:46:56] Client Local Address:192.168.77.1
[Debug] [2026-4-24 23:46:56] Server Address:127.0.0.1, Port:65420
[Debug] [2026-4-24 23:46:56] Log::Print : Connecting to server[127.0.0.1 : 65420].
[Info] [2026-4-24 23:46:56] Connect OK, Server: 127.0.0.1  Port: 65420
[Debug] [2026-4-24 23:46:56] Finish.
[Info] [2026-4-24 23:46:56] Connect server succeeded
[Debug] [2026-4-24 23:46:56] Send RPC:1
[Debug] [2026-4-24 23:46:56] Send cmd [check version information:40004] OK
[Debug] [2026-4-24 23:46:56] Log::Print : Connect to server[127.0.0.1 : 65420] successfully.
[Debug] [2026-4-24 23:46:57] Send RPC:2
[Debug] [2026-4-24 23:46:57] Send cmd [get_cable_paras:40010] OK
[Debug] [2026-4-24 23:46:57] Begin to send initialize chain cmd...
[Debug] [2026-4-24 23:46:57] Send RPC:3
[Debug] [2026-4-24 23:46:57] Send cmd [Open config cable:20001] OK
[Debug] [2026-4-24 23:46:57] End to send initialize chain cmd.
[Debug] [2026-4-24 23:46:57] COMMAND[check version information] execute successfully, takes 0.6 secs.
[Debug] [2026-4-24 23:46:57] Log::Print : COMMAND[check version information] execute successfully, takes 0.6 secs.
[Debug] [2026-4-24 23:46:59] COMMAND[get_cable_paras] execute successfully, takes 1.6 secs.
[Debug] [2026-4-24 23:46:59] Log::Print : The cable List : 
Cable index 0:USB Cable II/fffffffffffffffe 

[Debug] [2026-4-24 23:46:59] Log::Print : COMMAND[get_cable_paras] execute successfully, takes 1.6 secs.
[Debug] [2026-4-24 23:46:59] begin the exec of open cable cmd...
[Debug] [2026-4-24 23:46:59] Begin to deal with chain from server...
[Debug] [2026-4-24 23:46:59] Begin to set user chain...
[Debug] [2026-4-24 23:46:59] End to set user chain.
[Debug] [2026-4-24 23:46:59] Begin to update graphic item and tree item ...
[Debug] [2026-4-24 23:46:59] End to update graphic item and tree item ...
[Debug] [2026-4-24 23:46:59] Log::Print : PANGO USB CABLE II cable driver: D2XX DLL
[Debug] [2026-4-24 23:46:59] Log::Print : PG2L100H
[Debug] [2026-4-24 23:46:59] Log::Print : This device configure situation (done bit): 1
[Info] [2026-4-24 23:47:01] set OpenLastPath: D:/desktop/aaa/generate_bitstream/hdmi_ddr_ov5640_top.sbit
[Debug] [2026-4-24 23:47:01] begin to get device info from CFG file...
[Debug] [2026-4-24 23:47:01] end to get device info from CFG file...
[Debug] [2026-4-24 23:47:01] Begin to update graphic item and tree item ...
[Debug] [2026-4-24 23:47:01] End to update graphic item and tree item ...
[Debug] [2026-4-24 23:47:01] Begin to update graphic item and tree item ...
[Debug] [2026-4-24 23:47:01] End to update graphic item and tree item ...
[Debug] [2026-4-24 23:47:01] End to deal wiht chain from server.
[Debug] [2026-4-24 23:47:01] end the exec of open cable cmd.
[Debug] [2026-4-24 23:47:01] COMMAND[Open config cable] execute successfully, takes 4.1 secs.
[Debug] [2026-4-24 23:47:01] Log::Print : COMMAND[Open config cable] execute successfully, takes 4.1 secs.
[Debug] [2026-4-24 23:47:03] Begin to send programming cmd...
[Debug] [2026-4-24 23:47:03] Send RPC:4
[Debug] [2026-4-24 23:47:03] Begin to send program data.
[Debug] [2026-4-24 23:47:03] End to send program data.
[Debug] [2026-4-24 23:47:03] Send cmd [Program:20002] OK
[Debug] [2026-4-24 23:47:03] The value of Progress is 6
[Debug] [2026-4-24 23:47:03] The value of Progress is 10
[Debug] [2026-4-24 23:47:03] The value of Progress is 15
[Debug] [2026-4-24 23:47:03] The value of Progress is 20
[Debug] [2026-4-24 23:47:04] The value of Progress is 25
[Debug] [2026-4-24 23:47:04] The value of Progress is 30
[Debug] [2026-4-24 23:47:04] The value of Progress is 35
[Debug] [2026-4-24 23:47:04] The value of Progress is 40
[Debug] [2026-4-24 23:47:04] The value of Progress is 45
[Debug] [2026-4-24 23:47:04] The value of Progress is 50
[Debug] [2026-4-24 23:47:05] The value of Progress is 55
[Debug] [2026-4-24 23:47:05] The value of Progress is 60
[Debug] [2026-4-24 23:47:05] The value of Progress is 65
[Debug] [2026-4-24 23:47:05] The value of Progress is 70
[Debug] [2026-4-24 23:47:05] The value of Progress is 75
[Debug] [2026-4-24 23:47:05] The value of Progress is 80
[Debug] [2026-4-24 23:47:06] The value of Progress is 85
[Debug] [2026-4-24 23:47:06] The value of Progress is 90
[Debug] [2026-4-24 23:47:06] The value of Progress is 95
[Debug] [2026-4-24 23:47:06] The value of Progress is 100
[Debug] [2026-4-24 23:47:06] COMMAND[Program] execute successfully, takes 3.4 secs.
[Debug] [2026-4-24 23:47:06] End to send programming cmd.
[Debug] [2026-4-24 23:47:06] Log::Print : The done bit is 1
[Debug] [2026-4-24 23:47:06] Log::Print : COMMAND[Program] execute successfully, takes 3.4 secs.
[Info] [2026-4-24 23:48:24] /***************************End Configration***************************/
[Info] [2026-4-24 23:51:28] /***************************Start Configuration***************************/
[Info] [2026-4-24 23:51:28] Path: D:/pango/PDS_2022.2-SP6.4/bin
[Info] [2026-4-24 23:51:28] Version: 146967
[Info] [2026-4-24 23:51:29] Current Path: D:/desktop/aaa
[Info] [2026-4-24 23:51:29] PDS Dir Path: D:/desktop/aaa
[Info] [2026-4-24 23:51:34] Configuration is not connect with server. connect first then scan chain.
[Debug] [2026-4-24 23:51:34] Client Local host name:LCR
[Debug] [2026-4-24 23:51:34] Client Local Address:192.168.3.19
[Debug] [2026-4-24 23:51:34] Client Local Address:192.168.140.1
[Debug] [2026-4-24 23:51:34] Client Local Address:192.168.77.1
[Debug] [2026-4-24 23:51:34] Server Address:127.0.0.1, Port:65420
[Debug] [2026-4-24 23:51:34] Log::Print : Connecting to server[127.0.0.1 : 65420].
[Info] [2026-4-24 23:51:34] Connect OK, Server: 127.0.0.1  Port: 65420
[Debug] [2026-4-24 23:51:34] Finish.
[Info] [2026-4-24 23:51:34] Connect server succeeded
[Debug] [2026-4-24 23:51:34] Send RPC:1
[Debug] [2026-4-24 23:51:34] Send cmd [check version information:40004] OK
[Debug] [2026-4-24 23:51:34] Log::Print : Connect to server[127.0.0.1 : 65420] successfully.
[Debug] [2026-4-24 23:51:35] Send RPC:2
[Debug] [2026-4-24 23:51:35] Send cmd [get_cable_paras:40010] OK
[Debug] [2026-4-24 23:51:35] Begin to send initialize chain cmd...
[Debug] [2026-4-24 23:51:35] Send RPC:3
[Debug] [2026-4-24 23:51:35] Send cmd [Open config cable:20001] OK
[Debug] [2026-4-24 23:51:35] End to send initialize chain cmd.
[Debug] [2026-4-24 23:51:35] COMMAND[check version information] execute successfully, takes 0.9 secs.
[Debug] [2026-4-24 23:51:35] Log::Print : COMMAND[check version information] execute successfully, takes 0.9 secs.
[Debug] [2026-4-24 23:51:37] COMMAND[get_cable_paras] execute successfully, takes 1.6 secs.
[Debug] [2026-4-24 23:51:37] Log::Print : The cable List : 
Cable index 0:USB Cable II/fffffffffffffffe 

[Debug] [2026-4-24 23:51:37] Log::Print : COMMAND[get_cable_paras] execute successfully, takes 1.6 secs.
[Debug] [2026-4-24 23:51:37] begin the exec of open cable cmd...
[Debug] [2026-4-24 23:51:37] Begin to deal with chain from server...
[Debug] [2026-4-24 23:51:37] Begin to set user chain...
[Debug] [2026-4-24 23:51:37] End to set user chain.
[Debug] [2026-4-24 23:51:37] Begin to update graphic item and tree item ...
[Debug] [2026-4-24 23:51:37] End to update graphic item and tree item ...
[Debug] [2026-4-24 23:51:37] Log::Print : PANGO USB CABLE II cable driver: D2XX DLL
[Debug] [2026-4-24 23:51:37] Log::Print : PG2L100H
[Debug] [2026-4-24 23:51:37] Log::Print : This device configure situation (done bit): 1
[Info] [2026-4-24 23:51:41] set OpenLastPath: D:/desktop/aaa/generate_bitstream/bak/hdmi_ddr_ov5640_top.sbit
[Debug] [2026-4-24 23:51:41] begin to get device info from CFG file...
[Debug] [2026-4-24 23:51:41] end to get device info from CFG file...
[Debug] [2026-4-24 23:51:41] Begin to update graphic item and tree item ...
[Debug] [2026-4-24 23:51:41] End to update graphic item and tree item ...
[Debug] [2026-4-24 23:51:41] Begin to update graphic item and tree item ...
[Debug] [2026-4-24 23:51:41] End to update graphic item and tree item ...
[Debug] [2026-4-24 23:51:41] End to deal wiht chain from server.
[Debug] [2026-4-24 23:51:41] end the exec of open cable cmd.
[Debug] [2026-4-24 23:51:41] COMMAND[Open config cable] execute successfully, takes 5.8 secs.
[Debug] [2026-4-24 23:51:41] Log::Print : COMMAND[Open config cable] execute successfully, takes 5.8 secs.
[Debug] [2026-4-24 23:51:43] Begin to send programming cmd...
[Debug] [2026-4-24 23:51:43] Send RPC:4
[Debug] [2026-4-24 23:51:43] Begin to send program data.
[Debug] [2026-4-24 23:51:43] End to send program data.
[Debug] [2026-4-24 23:51:43] Send cmd [Program:20002] OK
[Debug] [2026-4-24 23:51:43] The value of Progress is 6
[Debug] [2026-4-24 23:51:43] The value of Progress is 10
[Debug] [2026-4-24 23:51:43] The value of Progress is 15
[Debug] [2026-4-24 23:51:43] The value of Progress is 20
[Debug] [2026-4-24 23:51:44] The value of Progress is 25
[Debug] [2026-4-24 23:51:44] The value of Progress is 30
[Debug] [2026-4-24 23:51:44] The value of Progress is 35
[Debug] [2026-4-24 23:51:44] The value of Progress is 40
[Debug] [2026-4-24 23:51:44] The value of Progress is 45
[Debug] [2026-4-24 23:51:44] The value of Progress is 50
[Debug] [2026-4-24 23:51:45] The value of Progress is 55
[Debug] [2026-4-24 23:51:45] The value of Progress is 60
[Debug] [2026-4-24 23:51:45] The value of Progress is 65
[Debug] [2026-4-24 23:51:45] The value of Progress is 70
[Debug] [2026-4-24 23:51:45] The value of Progress is 75
[Debug] [2026-4-24 23:51:45] The value of Progress is 80
[Debug] [2026-4-24 23:51:46] The value of Progress is 85
[Debug] [2026-4-24 23:51:46] The value of Progress is 90
[Debug] [2026-4-24 23:51:46] The value of Progress is 95
[Debug] [2026-4-24 23:51:46] The value of Progress is 100
[Debug] [2026-4-24 23:51:46] COMMAND[Program] execute successfully, takes 3.7 secs.
[Debug] [2026-4-24 23:51:46] End to send programming cmd.
[Debug] [2026-4-24 23:51:46] Log::Print : The done bit is 1
[Debug] [2026-4-24 23:51:46] Log::Print : COMMAND[Program] execute successfully, takes 3.7 secs.
[Debug] [2026-4-24 23:52:15] Begin to send programming cmd...
[Debug] [2026-4-24 23:52:15] Send RPC:5
[Debug] [2026-4-24 23:52:15] Begin to send program data.
[Debug] [2026-4-24 23:52:15] End to send program data.
[Debug] [2026-4-24 23:52:15] Send cmd [Program:20002] OK
[Debug] [2026-4-24 23:52:15] The value of Progress is 6
[Debug] [2026-4-24 23:52:15] The value of Progress is 10
[Debug] [2026-4-24 23:52:15] The value of Progress is 15
[Debug] [2026-4-24 23:52:15] The value of Progress is 20
[Debug] [2026-4-24 23:52:16] The value of Progress is 25
[Debug] [2026-4-24 23:52:16] The value of Progress is 30
[Debug] [2026-4-24 23:52:16] The value of Progress is 35
[Debug] [2026-4-24 23:52:16] The value of Progress is 40
[Debug] [2026-4-24 23:52:16] The value of Progress is 45
[Debug] [2026-4-24 23:52:16] The value of Progress is 50
[Debug] [2026-4-24 23:52:17] The value of Progress is 55
[Debug] [2026-4-24 23:52:17] The value of Progress is 60
[Debug] [2026-4-24 23:52:17] The value of Progress is 65
[Debug] [2026-4-24 23:52:17] The value of Progress is 70
[Debug] [2026-4-24 23:52:17] The value of Progress is 75
[Debug] [2026-4-24 23:52:17] The value of Progress is 80
[Debug] [2026-4-24 23:52:18] The value of Progress is 85
[Debug] [2026-4-24 23:52:18] The value of Progress is 90
[Debug] [2026-4-24 23:52:18] The value of Progress is 95
[Debug] [2026-4-24 23:52:18] The value of Progress is 100
[Debug] [2026-4-24 23:52:18] COMMAND[Program] execute successfully, takes 3.5 secs.
[Debug] [2026-4-24 23:52:18] End to send programming cmd.
[Debug] [2026-4-24 23:52:18] Log::Print : The done bit is 1
[Debug] [2026-4-24 23:52:18] Log::Print : COMMAND[Program] execute successfully, takes 3.5 secs.
[Info] [2026-4-25 01:32:48] /***************************End Configration***************************/
[Info] [2026-4-25 02:16:28] /***************************Start Configuration***************************/
[Info] [2026-4-25 02:16:28] Path: D:/pango/PDS_2022.2-SP6.4/bin
[Info] [2026-4-25 02:16:28] Version: 146967
[Info] [2026-4-25 02:16:29] Current Path: D:/desktop/bbb
[Info] [2026-4-25 02:16:29] PDS Dir Path: D:/desktop/bbb
[Info] [2026-4-25 02:16:40] Configuration is not connect with server. connect first then scan chain.
[Debug] [2026-4-25 02:16:40] Client Local host name:LCR
[Debug] [2026-4-25 02:16:40] Client Local Address:192.168.3.19
[Debug] [2026-4-25 02:16:40] Client Local Address:192.168.140.1
[Debug] [2026-4-25 02:16:40] Client Local Address:192.168.77.1
[Debug] [2026-4-25 02:16:40] Client Local Address:172.31.208.1
[Debug] [2026-4-25 02:16:40] Server Address:127.0.0.1, Port:65420
[Debug] [2026-4-25 02:16:40] Log::Print : Connecting to server[127.0.0.1 : 65420].
[Info] [2026-4-25 02:16:40] Connect OK, Server: 127.0.0.1  Port: 65420
[Debug] [2026-4-25 02:16:40] Finish.
[Info] [2026-4-25 02:16:40] Connect server succeeded
[Debug] [2026-4-25 02:16:40] Send RPC:1
[Debug] [2026-4-25 02:16:40] Send cmd [check version information:40004] OK
[Debug] [2026-4-25 02:16:40] Log::Print : Connect to server[127.0.0.1 : 65420] successfully.
[Debug] [2026-4-25 02:16:41] Send RPC:2
[Debug] [2026-4-25 02:16:41] Send cmd [get_cable_paras:40010] OK
[Debug] [2026-4-25 02:16:41] Begin to send initialize chain cmd...
[Debug] [2026-4-25 02:16:41] Send RPC:3
[Debug] [2026-4-25 02:16:41] Send cmd [Open config cable:20001] OK
[Debug] [2026-4-25 02:16:41] End to send initialize chain cmd.
[Debug] [2026-4-25 02:16:41] COMMAND[check version information] execute successfully, takes 0.8 secs.
[Debug] [2026-4-25 02:16:41] Log::Print : COMMAND[check version information] execute successfully, takes 0.8 secs.
[Debug] [2026-4-25 02:16:43] COMMAND[get_cable_paras] execute successfully, takes 1.6 secs.
[Debug] [2026-4-25 02:16:43] Log::Print : The cable List : 
Cable index 0:USB Cable II/fffffffffffffffe 

[Debug] [2026-4-25 02:16:43] Log::Print : COMMAND[get_cable_paras] execute successfully, takes 1.6 secs.
[Debug] [2026-4-25 02:16:43] begin the exec of open cable cmd...
[Debug] [2026-4-25 02:16:43] Begin to deal with chain from server...
[Debug] [2026-4-25 02:16:43] Begin to set user chain...
[Debug] [2026-4-25 02:16:43] End to set user chain.
[Debug] [2026-4-25 02:16:43] Begin to update graphic item and tree item ...
[Debug] [2026-4-25 02:16:43] End to update graphic item and tree item ...
[Debug] [2026-4-25 02:16:43] Log::Print : PANGO USB CABLE II cable driver: D2XX DLL
[Debug] [2026-4-25 02:16:43] Log::Print : PG2L100H
[Debug] [2026-4-25 02:16:43] Log::Print : This device configure situation (done bit): 1
[Info] [2026-4-25 02:16:47] set OpenLastPath: D:/desktop/bbb/generate_bitstream/hdmi_ddr_ov5640_top.sbit
[Debug] [2026-4-25 02:16:47] begin to get device info from CFG file...
[Debug] [2026-4-25 02:16:47] end to get device info from CFG file...
[Debug] [2026-4-25 02:16:47] Begin to update graphic item and tree item ...
[Debug] [2026-4-25 02:16:47] End to update graphic item and tree item ...
[Debug] [2026-4-25 02:16:47] Begin to update graphic item and tree item ...
[Debug] [2026-4-25 02:16:47] End to update graphic item and tree item ...
[Debug] [2026-4-25 02:16:47] End to deal wiht chain from server.
[Debug] [2026-4-25 02:16:47] end the exec of open cable cmd.
[Debug] [2026-4-25 02:16:47] COMMAND[Open config cable] execute successfully, takes 5.7 secs.
[Debug] [2026-4-25 02:16:47] Log::Print : COMMAND[Open config cable] execute successfully, takes 5.7 secs.
[Debug] [2026-4-25 02:16:49] Begin to send programming cmd...
[Debug] [2026-4-25 02:16:49] Send RPC:4
[Debug] [2026-4-25 02:16:49] Begin to send program data.
[Debug] [2026-4-25 02:16:49] End to send program data.
[Debug] [2026-4-25 02:16:49] Send cmd [Program:20002] OK
[Debug] [2026-4-25 02:16:50] The value of Progress is 6
[Debug] [2026-4-25 02:16:50] The value of Progress is 10
[Debug] [2026-4-25 02:16:50] The value of Progress is 15
[Debug] [2026-4-25 02:16:50] The value of Progress is 20
[Debug] [2026-4-25 02:16:50] The value of Progress is 25
[Debug] [2026-4-25 02:16:51] The value of Progress is 30
[Debug] [2026-4-25 02:16:51] The value of Progress is 35
[Debug] [2026-4-25 02:16:51] The value of Progress is 40
[Debug] [2026-4-25 02:16:51] The value of Progress is 45
[Debug] [2026-4-25 02:16:51] The value of Progress is 50
[Debug] [2026-4-25 02:16:51] The value of Progress is 55
[Debug] [2026-4-25 02:16:52] The value of Progress is 60
[Debug] [2026-4-25 02:16:52] The value of Progress is 65
[Debug] [2026-4-25 02:16:52] The value of Progress is 70
[Debug] [2026-4-25 02:16:52] The value of Progress is 75
[Debug] [2026-4-25 02:16:52] The value of Progress is 80
[Debug] [2026-4-25 02:16:52] The value of Progress is 85
[Debug] [2026-4-25 02:16:52] The value of Progress is 90
[Debug] [2026-4-25 02:16:53] The value of Progress is 95
[Debug] [2026-4-25 02:16:53] The value of Progress is 100
[Debug] [2026-4-25 02:16:53] COMMAND[Program] execute successfully, takes 3.4 secs.
[Debug] [2026-4-25 02:16:53] End to send programming cmd.
[Debug] [2026-4-25 02:16:53] Log::Print : The done bit is 1
[Debug] [2026-4-25 02:16:53] Log::Print : COMMAND[Program] execute successfully, takes 3.4 secs.
[Debug] [2026-4-25 02:17:10] Begin to send programming cmd...
[Debug] [2026-4-25 02:17:10] Send RPC:5
[Debug] [2026-4-25 02:17:10] Begin to send program data.
[Debug] [2026-4-25 02:17:10] End to send program data.
[Debug] [2026-4-25 02:17:10] Send cmd [Program:20002] OK
[Debug] [2026-4-25 02:17:10] The value of Progress is 6
[Debug] [2026-4-25 02:17:11] The value of Progress is 10
[Debug] [2026-4-25 02:17:11] The value of Progress is 15
[Debug] [2026-4-25 02:17:11] The value of Progress is 20
[Debug] [2026-4-25 02:17:11] The value of Progress is 25
[Debug] [2026-4-25 02:17:11] The value of Progress is 30
[Debug] [2026-4-25 02:17:11] The value of Progress is 35
[Debug] [2026-4-25 02:17:11] The value of Progress is 40
[Debug] [2026-4-25 02:17:12] The value of Progress is 45
[Debug] [2026-4-25 02:17:12] The value of Progress is 50
[Debug] [2026-4-25 02:17:12] The value of Progress is 55
[Debug] [2026-4-25 02:17:12] The value of Progress is 60
[Debug] [2026-4-25 02:17:12] The value of Progress is 65
[Debug] [2026-4-25 02:17:12] The value of Progress is 70
[Debug] [2026-4-25 02:17:13] The value of Progress is 75
[Debug] [2026-4-25 02:17:13] The value of Progress is 80
[Debug] [2026-4-25 02:17:13] The value of Progress is 85
[Debug] [2026-4-25 02:17:13] The value of Progress is 90
[Debug] [2026-4-25 02:17:13] The value of Progress is 95
[Debug] [2026-4-25 02:17:13] The value of Progress is 100
[Debug] [2026-4-25 02:17:13] COMMAND[Program] execute successfully, takes 3.4 secs.
[Debug] [2026-4-25 02:17:13] End to send programming cmd.
[Debug] [2026-4-25 02:17:13] Log::Print : The done bit is 1
[Debug] [2026-4-25 02:17:13] Log::Print : COMMAND[Program] execute successfully, takes 3.4 secs.
[Debug] [2026-4-25 02:17:36] Begin to send programming cmd...
[Debug] [2026-4-25 02:17:36] Send RPC:6
[Debug] [2026-4-25 02:17:36] Begin to send program data.
[Debug] [2026-4-25 02:17:36] End to send program data.
[Debug] [2026-4-25 02:17:36] Send cmd [Program:20002] OK
[Debug] [2026-4-25 02:17:36] The value of Progress is 6
[Debug] [2026-4-25 02:17:36] The value of Progress is 10
[Debug] [2026-4-25 02:17:37] The value of Progress is 15
[Debug] [2026-4-25 02:17:37] The value of Progress is 20
[Debug] [2026-4-25 02:17:37] The value of Progress is 25
[Debug] [2026-4-25 02:17:37] The value of Progress is 30
[Debug] [2026-4-25 02:17:37] The value of Progress is 35
[Debug] [2026-4-25 02:17:37] The value of Progress is 40
[Debug] [2026-4-25 02:17:37] The value of Progress is 45
[Debug] [2026-4-25 02:17:38] The value of Progress is 50
[Debug] [2026-4-25 02:17:38] The value of Progress is 55
[Debug] [2026-4-25 02:17:38] The value of Progress is 60
[Debug] [2026-4-25 02:17:38] The value of Progress is 65
[Debug] [2026-4-25 02:17:38] The value of Progress is 70
[Debug] [2026-4-25 02:17:38] The value of Progress is 75
[Debug] [2026-4-25 02:17:39] The value of Progress is 80
[Debug] [2026-4-25 02:17:39] The value of Progress is 85
[Debug] [2026-4-25 02:17:39] The value of Progress is 90
[Debug] [2026-4-25 02:17:39] The value of Progress is 95
[Debug] [2026-4-25 02:17:39] The value of Progress is 100
[Debug] [2026-4-25 02:17:39] COMMAND[Program] execute successfully, takes 3.4 secs.
[Debug] [2026-4-25 02:17:39] End to send programming cmd.
[Debug] [2026-4-25 02:17:39] Log::Print : The done bit is 1
[Debug] [2026-4-25 02:17:39] Log::Print : COMMAND[Program] execute successfully, takes 3.4 secs.
[Debug] [2026-4-25 02:18:23] Begin to send initialize chain cmd...
[Debug] [2026-4-25 02:18:23] Send RPC:7
[Debug] [2026-4-25 02:18:23] Send cmd [Open config cable:20001] OK
[Debug] [2026-4-25 02:18:23] End to send initialize chain cmd.
[Debug] [2026-4-25 02:18:24] begin the exec of open cable cmd...
[Debug] [2026-4-25 02:18:24] Begin to deal with chain from server...
[Debug] [2026-4-25 02:18:24] Begin to set user chain...
[Debug] [2026-4-25 02:18:24] End to set user chain.
[Debug] [2026-4-25 02:18:24] Begin to update graphic item and tree item ...
[Debug] [2026-4-25 02:18:24] End to update graphic item and tree item ...
[Debug] [2026-4-25 02:18:24] Log::Print : PANGO USB CABLE II cable driver: D2XX DLL
[Debug] [2026-4-25 02:18:24] Log::Print : PG2L100H
[Debug] [2026-4-25 02:18:24] Log::Print : This device configure situation (done bit): 1
[Info] [2026-4-25 02:18:25] set OpenLastPath: D:/desktop/bbb/generate_bitstream/pinjie_ok.sbit
[Debug] [2026-4-25 02:18:25] begin to get device info from CFG file...
[Debug] [2026-4-25 02:18:25] end to get device info from CFG file...
[Debug] [2026-4-25 02:18:25] Begin to update graphic item and tree item ...
[Debug] [2026-4-25 02:18:25] End to update graphic item and tree item ...
[Debug] [2026-4-25 02:18:25] Begin to update graphic item and tree item ...
[Debug] [2026-4-25 02:18:25] End to update graphic item and tree item ...
[Debug] [2026-4-25 02:18:25] End to deal wiht chain from server.
[Debug] [2026-4-25 02:18:25] end the exec of open cable cmd.
[Debug] [2026-4-25 02:18:25] COMMAND[Open config cable] execute successfully, takes 2.2 secs.
[Debug] [2026-4-25 02:18:26] Log::Print : COMMAND[Open config cable] execute successfully, takes 2.2 secs.
[Debug] [2026-4-25 02:18:27] Begin to send programming cmd...
[Debug] [2026-4-25 02:18:27] Send RPC:8
[Debug] [2026-4-25 02:18:27] Begin to send program data.
[Debug] [2026-4-25 02:18:27] End to send program data.
[Debug] [2026-4-25 02:18:27] Send cmd [Program:20002] OK
[Debug] [2026-4-25 02:18:28] The value of Progress is 6
[Debug] [2026-4-25 02:18:28] The value of Progress is 10
[Debug] [2026-4-25 02:18:28] The value of Progress is 15
[Debug] [2026-4-25 02:18:28] The value of Progress is 20
[Debug] [2026-4-25 02:18:28] The value of Progress is 25
[Debug] [2026-4-25 02:18:28] The value of Progress is 30
[Debug] [2026-4-25 02:18:29] The value of Progress is 35
[Debug] [2026-4-25 02:18:29] The value of Progress is 40
[Debug] [2026-4-25 02:18:29] The value of Progress is 45
[Debug] [2026-4-25 02:18:29] The value of Progress is 50
[Debug] [2026-4-25 02:18:29] The value of Progress is 55
[Debug] [2026-4-25 02:18:29] The value of Progress is 60
[Debug] [2026-4-25 02:18:30] The value of Progress is 65
[Debug] [2026-4-25 02:18:30] The value of Progress is 70
[Debug] [2026-4-25 02:18:30] The value of Progress is 75
[Debug] [2026-4-25 02:18:30] The value of Progress is 80
[Debug] [2026-4-25 02:18:30] The value of Progress is 85
[Debug] [2026-4-25 02:18:30] The value of Progress is 90
[Debug] [2026-4-25 02:18:30] The value of Progress is 95
[Debug] [2026-4-25 02:18:31] The value of Progress is 100
[Debug] [2026-4-25 02:18:31] COMMAND[Program] execute successfully, takes 3.4 secs.
[Debug] [2026-4-25 02:18:31] End to send programming cmd.
[Debug] [2026-4-25 02:18:31] Log::Print : The done bit is 1
[Debug] [2026-4-25 02:18:31] Log::Print : COMMAND[Program] execute successfully, takes 3.4 secs.
[Debug] [2026-4-25 02:19:24] Begin to send programming cmd...
[Debug] [2026-4-25 02:19:24] Send RPC:9
[Debug] [2026-4-25 02:19:24] Begin to send program data.
[Debug] [2026-4-25 02:19:24] End to send program data.
[Debug] [2026-4-25 02:19:24] Send cmd [Program:20002] OK
[Debug] [2026-4-25 02:19:24] The value of Progress is 6
[Debug] [2026-4-25 02:19:24] The value of Progress is 10
[Debug] [2026-4-25 02:19:24] The value of Progress is 15
[Debug] [2026-4-25 02:19:24] The value of Progress is 20
[Debug] [2026-4-25 02:19:25] The value of Progress is 25
[Debug] [2026-4-25 02:19:25] The value of Progress is 30
[Debug] [2026-4-25 02:19:25] The value of Progress is 35
[Debug] [2026-4-25 02:19:25] The value of Progress is 40
[Debug] [2026-4-25 02:19:25] The value of Progress is 45
[Debug] [2026-4-25 02:19:25] The value of Progress is 50
[Debug] [2026-4-25 02:19:26] The value of Progress is 55
[Debug] [2026-4-25 02:19:26] The value of Progress is 60
[Debug] [2026-4-25 02:19:26] The value of Progress is 65
[Debug] [2026-4-25 02:19:26] The value of Progress is 70
[Debug] [2026-4-25 02:19:26] The value of Progress is 75
[Debug] [2026-4-25 02:19:26] The value of Progress is 80
[Debug] [2026-4-25 02:19:27] The value of Progress is 85
[Debug] [2026-4-25 02:19:27] The value of Progress is 90
[Debug] [2026-4-25 02:19:27] The value of Progress is 95
[Debug] [2026-4-25 02:19:27] The value of Progress is 100
[Debug] [2026-4-25 02:19:27] COMMAND[Program] execute successfully, takes 3.4 secs.
[Debug] [2026-4-25 02:19:27] End to send programming cmd.
[Debug] [2026-4-25 02:19:27] Log::Print : The done bit is 1
[Debug] [2026-4-25 02:19:27] Log::Print : COMMAND[Program] execute successfully, takes 3.4 secs.
[Debug] [2026-4-25 02:19:28] Begin to send initialize chain cmd...
[Debug] [2026-4-25 02:19:28] Send RPC:10
[Debug] [2026-4-25 02:19:28] Send cmd [Open config cable:20001] OK
[Debug] [2026-4-25 02:19:28] End to send initialize chain cmd.
[Debug] [2026-4-25 02:19:28] begin the exec of open cable cmd...
[Debug] [2026-4-25 02:19:28] Begin to deal with chain from server...
[Debug] [2026-4-25 02:19:28] Begin to set user chain...
[Debug] [2026-4-25 02:19:28] End to set user chain.
[Debug] [2026-4-25 02:19:28] Begin to update graphic item and tree item ...
[Debug] [2026-4-25 02:19:28] End to update graphic item and tree item ...
[Debug] [2026-4-25 02:19:28] Log::Print : PANGO USB CABLE II cable driver: D2XX DLL
[Debug] [2026-4-25 02:19:28] Log::Print : PG2L100H
[Debug] [2026-4-25 02:19:28] Log::Print : This device configure situation (done bit): 1
[Info] [2026-4-25 02:19:31] set OpenLastPath: D:/desktop/bbb/generate_bitstream/hdmi_ddr_ov5640_top.sbit
[Debug] [2026-4-25 02:19:31] begin to get device info from CFG file...
[Debug] [2026-4-25 02:19:31] end to get device info from CFG file...
[Debug] [2026-4-25 02:19:31] Begin to update graphic item and tree item ...
[Debug] [2026-4-25 02:19:31] End to update graphic item and tree item ...
[Debug] [2026-4-25 02:19:31] Begin to update graphic item and tree item ...
[Debug] [2026-4-25 02:19:31] End to update graphic item and tree item ...
[Debug] [2026-4-25 02:19:31] End to deal wiht chain from server.
[Debug] [2026-4-25 02:19:31] end the exec of open cable cmd.
[Debug] [2026-4-25 02:19:31] COMMAND[Open config cable] execute successfully, takes 3.0 secs.
[Debug] [2026-4-25 02:19:31] Log::Print : COMMAND[Open config cable] execute successfully, takes 3.0 secs.
[Debug] [2026-4-25 02:19:32] Begin to send programming cmd...
[Debug] [2026-4-25 02:19:32] Send RPC:11
[Debug] [2026-4-25 02:19:32] Begin to send program data.
[Debug] [2026-4-25 02:19:32] End to send program data.
[Debug] [2026-4-25 02:19:32] Send cmd [Program:20002] OK
[Debug] [2026-4-25 02:19:32] The value of Progress is 6
[Debug] [2026-4-25 02:19:32] The value of Progress is 10
[Debug] [2026-4-25 02:19:33] The value of Progress is 15
[Debug] [2026-4-25 02:19:33] The value of Progress is 20
[Debug] [2026-4-25 02:19:33] The value of Progress is 25
[Debug] [2026-4-25 02:19:33] The value of Progress is 30
[Debug] [2026-4-25 02:19:33] The value of Progress is 35
[Debug] [2026-4-25 02:19:33] The value of Progress is 40
[Debug] [2026-4-25 02:19:34] The value of Progress is 45
[Debug] [2026-4-25 02:19:34] The value of Progress is 50
[Debug] [2026-4-25 02:19:34] The value of Progress is 55
[Debug] [2026-4-25 02:19:34] The value of Progress is 60
[Debug] [2026-4-25 02:19:34] The value of Progress is 65
[Debug] [2026-4-25 02:19:34] The value of Progress is 70
[Debug] [2026-4-25 02:19:35] The value of Progress is 75
[Debug] [2026-4-25 02:19:35] The value of Progress is 80
[Debug] [2026-4-25 02:19:35] The value of Progress is 85
[Debug] [2026-4-25 02:19:35] The value of Progress is 90
[Debug] [2026-4-25 02:19:35] The value of Progress is 95
[Debug] [2026-4-25 02:19:35] The value of Progress is 100
[Debug] [2026-4-25 02:19:35] COMMAND[Program] execute successfully, takes 3.4 secs.
[Debug] [2026-4-25 02:19:35] End to send programming cmd.
[Debug] [2026-4-25 02:19:35] Log::Print : The done bit is 1
[Debug] [2026-4-25 02:19:35] Log::Print : COMMAND[Program] execute successfully, takes 3.4 secs.
[Debug] [2026-4-25 02:19:46] Begin to send initialize chain cmd...
[Debug] [2026-4-25 02:19:46] Send RPC:12
[Debug] [2026-4-25 02:19:46] Send cmd [Open config cable:20001] OK
[Debug] [2026-4-25 02:19:46] End to send initialize chain cmd.
[Debug] [2026-4-25 02:19:46] begin the exec of open cable cmd...
[Debug] [2026-4-25 02:19:46] Begin to deal with chain from server...
[Debug] [2026-4-25 02:19:46] Begin to set user chain...
[Debug] [2026-4-25 02:19:46] End to set user chain.
[Debug] [2026-4-25 02:19:46] Begin to update graphic item and tree item ...
[Debug] [2026-4-25 02:19:46] End to update graphic item and tree item ...
[Debug] [2026-4-25 02:19:46] Log::Print : PANGO USB CABLE II cable driver: D2XX DLL
[Debug] [2026-4-25 02:19:46] Log::Print : PG2L100H
[Debug] [2026-4-25 02:19:46] Log::Print : This device configure situation (done bit): 1
[Info] [2026-4-25 02:19:49] set OpenLastPath: D:/desktop/bbb/generate_bitstream/pinjie_ok.sbit
[Debug] [2026-4-25 02:19:49] begin to get device info from CFG file...
[Debug] [2026-4-25 02:19:49] end to get device info from CFG file...
[Debug] [2026-4-25 02:19:49] Begin to update graphic item and tree item ...
[Debug] [2026-4-25 02:19:49] End to update graphic item and tree item ...
[Debug] [2026-4-25 02:19:49] Begin to update graphic item and tree item ...
[Debug] [2026-4-25 02:19:49] End to update graphic item and tree item ...
[Debug] [2026-4-25 02:19:49] End to deal wiht chain from server.
[Debug] [2026-4-25 02:19:49] end the exec of open cable cmd.
[Debug] [2026-4-25 02:19:49] COMMAND[Open config cable] execute successfully, takes 3.6 secs.
[Debug] [2026-4-25 02:19:49] Log::Print : COMMAND[Open config cable] execute successfully, takes 3.6 secs.
[Debug] [2026-4-25 02:19:51] Begin to send programming cmd...
[Debug] [2026-4-25 02:19:51] Send RPC:13
[Debug] [2026-4-25 02:19:51] Begin to send program data.
[Debug] [2026-4-25 02:19:51] End to send program data.
[Debug] [2026-4-25 02:19:51] Send cmd [Program:20002] OK
[Debug] [2026-4-25 02:19:51] The value of Progress is 6
[Debug] [2026-4-25 02:19:51] The value of Progress is 10
[Debug] [2026-4-25 02:19:51] The value of Progress is 15
[Debug] [2026-4-25 02:19:51] The value of Progress is 20
[Debug] [2026-4-25 02:19:51] The value of Progress is 25
[Debug] [2026-4-25 02:19:52] The value of Progress is 30
[Debug] [2026-4-25 02:19:52] The value of Progress is 35
[Debug] [2026-4-25 02:19:52] The value of Progress is 40
[Debug] [2026-4-25 02:19:52] The value of Progress is 45
[Debug] [2026-4-25 02:19:52] The value of Progress is 50
[Debug] [2026-4-25 02:19:52] The value of Progress is 55
[Debug] [2026-4-25 02:19:53] The value of Progress is 60
[Debug] [2026-4-25 02:19:53] The value of Progress is 65
[Debug] [2026-4-25 02:19:53] The value of Progress is 70
[Debug] [2026-4-25 02:19:53] The value of Progress is 75
[Debug] [2026-4-25 02:19:53] The value of Progress is 80
[Debug] [2026-4-25 02:19:53] The value of Progress is 85
[Debug] [2026-4-25 02:19:54] The value of Progress is 90
[Debug] [2026-4-25 02:19:54] The value of Progress is 95
[Debug] [2026-4-25 02:19:54] The value of Progress is 100
[Debug] [2026-4-25 02:19:54] COMMAND[Program] execute successfully, takes 3.4 secs.
[Debug] [2026-4-25 02:19:54] End to send programming cmd.
[Debug] [2026-4-25 02:19:54] Log::Print : The done bit is 1
[Debug] [2026-4-25 02:19:54] Log::Print : COMMAND[Program] execute successfully, takes 3.4 secs.
[Debug] [2026-4-25 02:20:09] Begin to send programming cmd...
[Debug] [2026-4-25 02:20:09] Send RPC:14
[Debug] [2026-4-25 02:20:09] Begin to send program data.
[Debug] [2026-4-25 02:20:09] End to send program data.
[Debug] [2026-4-25 02:20:09] Send cmd [Program:20002] OK
[Debug] [2026-4-25 02:20:10] The value of Progress is 6
[Debug] [2026-4-25 02:20:10] The value of Progress is 10
[Debug] [2026-4-25 02:20:10] The value of Progress is 15
[Debug] [2026-4-25 02:20:10] The value of Progress is 20
[Debug] [2026-4-25 02:20:10] The value of Progress is 25
[Debug] [2026-4-25 02:20:11] The value of Progress is 30
[Debug] [2026-4-25 02:20:11] The value of Progress is 35
[Debug] [2026-4-25 02:20:11] The value of Progress is 40
[Debug] [2026-4-25 02:20:11] The value of Progress is 45
[Debug] [2026-4-25 02:20:11] The value of Progress is 50
[Debug] [2026-4-25 02:20:11] The value of Progress is 55
[Debug] [2026-4-25 02:20:11] The value of Progress is 60
[Debug] [2026-4-25 02:20:12] The value of Progress is 65
[Debug] [2026-4-25 02:20:12] The value of Progress is 70
[Debug] [2026-4-25 02:20:12] The value of Progress is 75
[Debug] [2026-4-25 02:20:12] The value of Progress is 80
[Debug] [2026-4-25 02:20:12] The value of Progress is 85
[Debug] [2026-4-25 02:20:12] The value of Progress is 90
[Debug] [2026-4-25 02:20:13] The value of Progress is 95
[Debug] [2026-4-25 02:20:13] The value of Progress is 100
[Debug] [2026-4-25 02:20:13] COMMAND[Program] execute successfully, takes 3.4 secs.
[Debug] [2026-4-25 02:20:13] End to send programming cmd.
[Debug] [2026-4-25 02:20:13] Log::Print : The done bit is 1
[Debug] [2026-4-25 02:20:13] Log::Print : COMMAND[Program] execute successfully, takes 3.4 secs.
[Info] [2026-4-25 02:22:02] /***************************End Configration***************************/
[Info] [2026-4-26 00:00:18] /***************************Start Configuration***************************/
[Info] [2026-4-26 00:00:18] Path: D:/ZGTC/pango/PDS_2022.2-SP6.4/bin
[Info] [2026-4-26 00:00:18] Version: 146967
[Info] [2026-4-26 00:00:19] Current Path: D:/ZGTC/Work/ccc
[Info] [2026-4-26 00:00:19] PDS Dir Path: D:/ZGTC/Work/ccc
[Info] [2026-4-26 00:12:23] /***************************End Configration***************************/
[Info] [2026-4-26 00:12:24] /***************************Start Configuration***************************/
[Info] [2026-4-26 00:12:24] Path: D:/ZGTC/pango/PDS_2022.2-SP6.4/bin
[Info] [2026-4-26 00:12:24] Version: 146967
[Info] [2026-4-26 00:12:25] Current Path: D:/ZGTC/Work/ccc
[Info] [2026-4-26 00:12:25] PDS Dir Path: D:/ZGTC/Work/ccc
[Info] [2026-4-26 00:12:27] Configuration is not connect with server. connect first then scan chain.
[Debug] [2026-4-26 00:12:27] Client Local host name:LAPTOP-F5RA6Q1A
[Debug] [2026-4-26 00:12:27] Client Local Address:192.168.220.1
[Debug] [2026-4-26 00:12:27] Client Local Address:192.168.128.1
[Debug] [2026-4-26 00:12:27] Client Local Address:172.31.29.160
[Debug] [2026-4-26 00:12:27] Client Local Address:172.24.48.1
[Debug] [2026-4-26 00:12:27] Server Address:127.0.0.1, Port:65420
[Debug] [2026-4-26 00:12:27] Log::Print : Connecting to server[127.0.0.1 : 65420].
[Info] [2026-4-26 00:12:27] Connect OK, Server: 127.0.0.1  Port: 65420
[Debug] [2026-4-26 00:12:27] Finish.
[Info] [2026-4-26 00:12:27] Connect server succeeded
[Debug] [2026-4-26 00:12:27] Send RPC:1
[Debug] [2026-4-26 00:12:27] Send cmd [check version information:40004] OK
[Debug] [2026-4-26 00:12:27] Log::Print : Connect to server[127.0.0.1 : 65420] successfully.
[Debug] [2026-4-26 00:12:28] Send RPC:2
[Debug] [2026-4-26 00:12:28] Send cmd [get_cable_paras:40010] OK
[Debug] [2026-4-26 00:12:28] Begin to send initialize chain cmd...
[Debug] [2026-4-26 00:12:28] Send RPC:3
[Debug] [2026-4-26 00:12:28] Send cmd [Open config cable:20001] OK
[Debug] [2026-4-26 00:12:28] End to send initialize chain cmd.
[Debug] [2026-4-26 00:12:28] COMMAND[check version information] execute successfully, takes 0.5 secs.
[Debug] [2026-4-26 00:12:28] Log::Print : COMMAND[check version information] execute successfully, takes 0.5 secs.
[Debug] [2026-4-26 00:12:29] COMMAND[get_cable_paras] execute successfully, takes 1.2 secs.
[Debug] [2026-4-26 00:12:29] Log::Print : The cable List : 
Cable index 0:USB Cable II/fffffffffffffffe 

[Debug] [2026-4-26 00:12:29] Log::Print : COMMAND[get_cable_paras] execute successfully, takes 1.2 secs.
[Debug] [2026-4-26 00:12:29] begin the exec of open cable cmd...
[Debug] [2026-4-26 00:12:29] Begin to deal with chain from server...
[Debug] [2026-4-26 00:12:29] Begin to set user chain...
[Debug] [2026-4-26 00:12:29] End to set user chain.
[Debug] [2026-4-26 00:12:29] Begin to update graphic item and tree item ...
[Debug] [2026-4-26 00:12:29] End to update graphic item and tree item ...
[Debug] [2026-4-26 00:12:29] Log::Print : PANGO USB CABLE II cable driver: D2XX DLL
[Debug] [2026-4-26 00:12:29] Log::Print : PG2L100H
[Debug] [2026-4-26 00:12:29] Log::Print : This device configure situation (done bit): 1
[Info] [2026-4-26 00:12:51] set OpenLastPath: D:/ZGTC/Work/ccc/generate_bitstream/hdmi_ddr_ov5640_top.sbit
[Debug] [2026-4-26 00:12:51] begin to get device info from CFG file...
[Debug] [2026-4-26 00:12:51] end to get device info from CFG file...
[Debug] [2026-4-26 00:12:51] Begin to update graphic item and tree item ...
[Debug] [2026-4-26 00:12:51] End to update graphic item and tree item ...
[Debug] [2026-4-26 00:12:51] Begin to update graphic item and tree item ...
[Debug] [2026-4-26 00:12:51] End to update graphic item and tree item ...
[Debug] [2026-4-26 00:12:51] End to deal wiht chain from server.
[Debug] [2026-4-26 00:12:51] end the exec of open cable cmd.
[Debug] [2026-4-26 00:12:51] COMMAND[Open config cable] execute successfully, takes 23.1 secs.
[Debug] [2026-4-26 00:12:51] Log::Print : COMMAND[Open config cable] execute successfully, takes 23.1 secs.
[Debug] [2026-4-26 00:12:52] Begin to send programming cmd...
[Debug] [2026-4-26 00:12:52] Send RPC:4
[Debug] [2026-4-26 00:12:52] Begin to send program data.
[Debug] [2026-4-26 00:12:52] End to send program data.
[Debug] [2026-4-26 00:12:52] Send cmd [Program:20002] OK
[Debug] [2026-4-26 00:12:52] The value of Progress is 6
[Debug] [2026-4-26 00:12:52] The value of Progress is 10
[Debug] [2026-4-26 00:12:53] The value of Progress is 15
[Debug] [2026-4-26 00:12:53] The value of Progress is 20
[Debug] [2026-4-26 00:12:53] The value of Progress is 25
[Debug] [2026-4-26 00:12:53] The value of Progress is 30
[Debug] [2026-4-26 00:12:53] The value of Progress is 35
[Debug] [2026-4-26 00:12:53] The value of Progress is 40
[Debug] [2026-4-26 00:12:54] The value of Progress is 45
[Debug] [2026-4-26 00:12:54] The value of Progress is 50
[Debug] [2026-4-26 00:12:54] The value of Progress is 55
[Debug] [2026-4-26 00:12:54] The value of Progress is 60
[Debug] [2026-4-26 00:12:54] The value of Progress is 65
[Debug] [2026-4-26 00:12:54] The value of Progress is 70
[Debug] [2026-4-26 00:12:55] The value of Progress is 75
[Debug] [2026-4-26 00:12:55] The value of Progress is 80
[Debug] [2026-4-26 00:12:55] The value of Progress is 85
[Debug] [2026-4-26 00:12:55] The value of Progress is 90
[Debug] [2026-4-26 00:12:55] The value of Progress is 95
[Debug] [2026-4-26 00:12:55] The value of Progress is 100
[Debug] [2026-4-26 00:12:58] COMMAND[Program] execute successfully, takes 6.2 secs.
[Debug] [2026-4-26 00:12:58] End to send programming cmd.
[Debug] [2026-4-26 00:12:58] Log::Print : The done bit is 1
[Debug] [2026-4-26 00:12:58] Log::Print : COMMAND[Program] execute successfully, takes 6.2 secs.
[Debug] [2026-4-26 00:13:07] Begin to send programming cmd...
[Debug] [2026-4-26 00:13:07] Send RPC:5
[Debug] [2026-4-26 00:13:07] Begin to send program data.
[Debug] [2026-4-26 00:13:07] End to send program data.
[Debug] [2026-4-26 00:13:07] Send cmd [Program:20002] OK
[Debug] [2026-4-26 00:13:08] The value of Progress is 6
[Debug] [2026-4-26 00:13:08] The value of Progress is 10
[Debug] [2026-4-26 00:13:08] The value of Progress is 15
[Debug] [2026-4-26 00:13:08] The value of Progress is 20
[Debug] [2026-4-26 00:13:08] The value of Progress is 25
[Debug] [2026-4-26 00:13:09] The value of Progress is 30
[Debug] [2026-4-26 00:13:09] The value of Progress is 35
[Debug] [2026-4-26 00:13:09] The value of Progress is 40
[Debug] [2026-4-26 00:13:09] The value of Progress is 45
[Debug] [2026-4-26 00:13:09] The value of Progress is 50
[Debug] [2026-4-26 00:13:09] The value of Progress is 55
[Debug] [2026-4-26 00:13:09] The value of Progress is 60
[Debug] [2026-4-26 00:13:10] The value of Progress is 65
[Debug] [2026-4-26 00:13:10] The value of Progress is 70
[Debug] [2026-4-26 00:13:10] The value of Progress is 75
[Debug] [2026-4-26 00:13:10] The value of Progress is 80
[Debug] [2026-4-26 00:13:10] The value of Progress is 85
[Debug] [2026-4-26 00:13:10] The value of Progress is 90
[Debug] [2026-4-26 00:13:11] The value of Progress is 95
[Debug] [2026-4-26 00:13:11] The value of Progress is 100
[Debug] [2026-4-26 00:13:13] COMMAND[Program] execute successfully, takes 6.1 secs.
[Debug] [2026-4-26 00:13:13] End to send programming cmd.
[Debug] [2026-4-26 00:13:13] Log::Print : The done bit is 1
[Debug] [2026-4-26 00:13:13] Log::Print : COMMAND[Program] execute successfully, takes 6.1 secs.
[Debug] [2026-4-26 00:13:32] Begin to send initialize chain cmd...
[Debug] [2026-4-26 00:13:32] Send RPC:6
[Debug] [2026-4-26 00:13:32] Send cmd [Open config cable:20001] OK
[Debug] [2026-4-26 00:13:32] End to send initialize chain cmd.
[Debug] [2026-4-26 00:13:33] begin the exec of open cable cmd...
[Debug] [2026-4-26 00:13:33] Begin to deal with chain from server...
[Debug] [2026-4-26 00:13:33] Begin to set user chain...
[Debug] [2026-4-26 00:13:33] End to set user chain.
[Debug] [2026-4-26 00:13:33] Begin to update graphic item and tree item ...
[Debug] [2026-4-26 00:13:33] End to update graphic item and tree item ...
[Debug] [2026-4-26 00:13:33] Log::Print : PANGO USB CABLE II cable driver: D2XX DLL
[Debug] [2026-4-26 00:13:33] Log::Print : PG2L100H
[Debug] [2026-4-26 00:13:33] Log::Print : This device configure situation (done bit): 1
[Info] [2026-4-26 00:13:35] set OpenLastPath: D:/ZGTC/Work/ccc/generate_bitstream/pinjie_ok.sbit
[Debug] [2026-4-26 00:13:35] begin to get device info from CFG file...
[Debug] [2026-4-26 00:13:35] end to get device info from CFG file...
[Debug] [2026-4-26 00:13:35] Begin to update graphic item and tree item ...
[Debug] [2026-4-26 00:13:35] End to update graphic item and tree item ...
[Debug] [2026-4-26 00:13:35] Begin to update graphic item and tree item ...
[Debug] [2026-4-26 00:13:35] End to update graphic item and tree item ...
[Debug] [2026-4-26 00:13:35] End to deal wiht chain from server.
[Debug] [2026-4-26 00:13:35] end the exec of open cable cmd.
[Debug] [2026-4-26 00:13:35] COMMAND[Open config cable] execute successfully, takes 2.8 secs.
[Debug] [2026-4-26 00:13:35] Log::Print : COMMAND[Open config cable] execute successfully, takes 2.8 secs.
[Debug] [2026-4-26 00:13:40] Begin to send programming cmd...
[Debug] [2026-4-26 00:13:40] Send RPC:7
[Debug] [2026-4-26 00:13:40] Begin to send program data.
[Debug] [2026-4-26 00:13:40] End to send program data.
[Debug] [2026-4-26 00:13:40] Send cmd [Program:20002] OK
[Debug] [2026-4-26 00:13:41] The value of Progress is 6
[Debug] [2026-4-26 00:13:41] The value of Progress is 10
[Debug] [2026-4-26 00:13:41] The value of Progress is 15
[Debug] [2026-4-26 00:13:41] The value of Progress is 20
[Debug] [2026-4-26 00:13:41] The value of Progress is 25
[Debug] [2026-4-26 00:13:41] The value of Progress is 30
[Debug] [2026-4-26 00:13:42] The value of Progress is 35
[Debug] [2026-4-26 00:13:42] The value of Progress is 40
[Debug] [2026-4-26 00:13:42] The value of Progress is 45
[Debug] [2026-4-26 00:13:42] The value of Progress is 50
[Debug] [2026-4-26 00:13:42] The value of Progress is 55
[Debug] [2026-4-26 00:13:42] The value of Progress is 60
[Debug] [2026-4-26 00:13:43] The value of Progress is 65
[Debug] [2026-4-26 00:13:43] The value of Progress is 70
[Debug] [2026-4-26 00:13:43] The value of Progress is 75
[Debug] [2026-4-26 00:13:43] The value of Progress is 80
[Debug] [2026-4-26 00:13:43] The value of Progress is 85
[Debug] [2026-4-26 00:13:43] The value of Progress is 90
[Debug] [2026-4-26 00:13:43] The value of Progress is 95
[Debug] [2026-4-26 00:13:44] The value of Progress is 100
[Debug] [2026-4-26 00:13:46] COMMAND[Program] execute successfully, takes 6.1 secs.
[Debug] [2026-4-26 00:13:46] End to send programming cmd.
[Debug] [2026-4-26 00:13:46] Log::Print : The done bit is 1
[Debug] [2026-4-26 00:13:46] Log::Print : COMMAND[Program] execute successfully, takes 6.1 secs.
[Debug] [2026-4-26 00:14:27] Begin to send initialize chain cmd...
[Debug] [2026-4-26 00:14:27] Send RPC:8
[Debug] [2026-4-26 00:14:27] Send cmd [Open config cable:20001] OK
[Debug] [2026-4-26 00:14:27] End to send initialize chain cmd.
[Debug] [2026-4-26 00:14:28] begin the exec of open cable cmd...
[Debug] [2026-4-26 00:14:28] Begin to deal with chain from server...
[Debug] [2026-4-26 00:14:28] Begin to set user chain...
[Debug] [2026-4-26 00:14:28] End to set user chain.
[Debug] [2026-4-26 00:14:28] Begin to update graphic item and tree item ...
[Debug] [2026-4-26 00:14:28] End to update graphic item and tree item ...
[Debug] [2026-4-26 00:14:28] Log::Print : PANGO USB CABLE II cable driver: D2XX DLL
[Debug] [2026-4-26 00:14:28] Log::Print : PG2L100H
[Debug] [2026-4-26 00:14:28] Log::Print : This device configure situation (done bit): 1
[Info] [2026-4-26 00:14:29] set OpenLastPath: D:/ZGTC/Work/ccc/generate_bitstream/hdmi_ddr_ov5640_top.sbit
[Debug] [2026-4-26 00:14:29] begin to get device info from CFG file...
[Debug] [2026-4-26 00:14:29] end to get device info from CFG file...
[Debug] [2026-4-26 00:14:29] Begin to update graphic item and tree item ...
[Debug] [2026-4-26 00:14:29] End to update graphic item and tree item ...
[Debug] [2026-4-26 00:14:29] Begin to update graphic item and tree item ...
[Debug] [2026-4-26 00:14:29] End to update graphic item and tree item ...
[Debug] [2026-4-26 00:14:29] End to deal wiht chain from server.
[Debug] [2026-4-26 00:14:29] end the exec of open cable cmd.
[Debug] [2026-4-26 00:14:29] COMMAND[Open config cable] execute successfully, takes 2.0 secs.
[Debug] [2026-4-26 00:14:29] Log::Print : COMMAND[Open config cable] execute successfully, takes 2.0 secs.
[Debug] [2026-4-26 00:14:32] Begin to send programming cmd...
[Debug] [2026-4-26 00:14:32] Send RPC:9
[Debug] [2026-4-26 00:14:32] Begin to send program data.
[Debug] [2026-4-26 00:14:32] End to send program data.
[Debug] [2026-4-26 00:14:32] Send cmd [Program:20002] OK
[Debug] [2026-4-26 00:14:32] The value of Progress is 6
[Debug] [2026-4-26 00:14:32] The value of Progress is 10
[Debug] [2026-4-26 00:14:32] The value of Progress is 15
[Debug] [2026-4-26 00:14:32] The value of Progress is 20
[Debug] [2026-4-26 00:14:33] The value of Progress is 25
[Debug] [2026-4-26 00:14:33] The value of Progress is 30
[Debug] [2026-4-26 00:14:33] The value of Progress is 35
[Debug] [2026-4-26 00:14:33] The value of Progress is 40
[Debug] [2026-4-26 00:14:33] The value of Progress is 45
[Debug] [2026-4-26 00:14:33] The value of Progress is 50
[Debug] [2026-4-26 00:14:34] The value of Progress is 55
[Debug] [2026-4-26 00:14:34] The value of Progress is 60
[Debug] [2026-4-26 00:14:34] The value of Progress is 65
[Debug] [2026-4-26 00:14:34] The value of Progress is 70
[Debug] [2026-4-26 00:14:34] The value of Progress is 75
[Debug] [2026-4-26 00:14:34] The value of Progress is 80
[Debug] [2026-4-26 00:14:34] The value of Progress is 85
[Debug] [2026-4-26 00:14:35] The value of Progress is 90
[Debug] [2026-4-26 00:14:35] The value of Progress is 95
[Debug] [2026-4-26 00:14:35] The value of Progress is 100
[Debug] [2026-4-26 00:14:38] COMMAND[Program] execute successfully, takes 6.1 secs.
[Debug] [2026-4-26 00:14:38] End to send programming cmd.
[Debug] [2026-4-26 00:14:38] Log::Print : The done bit is 1
[Debug] [2026-4-26 00:14:38] Log::Print : COMMAND[Program] execute successfully, takes 6.1 secs.
[Info] [2026-4-26 00:14:44] /***************************End Configration***************************/
[Info] [2026-4-26 01:20:52] /***************************Start Configuration***************************/
[Info] [2026-4-26 01:20:52] Path: D:/ZGTC/pango/PDS_2022.2-SP6.4/bin
[Info] [2026-4-26 01:20:52] Version: 146967
[Info] [2026-4-26 01:20:53] Current Path: D:/ZGTC/Work/ccc
[Info] [2026-4-26 01:20:53] PDS Dir Path: D:/ZGTC/Work/ccc
[Info] [2026-4-26 01:20:59] Configuration is not connect with server. connect first then scan chain.
[Debug] [2026-4-26 01:20:59] Client Local host name:LAPTOP-F5RA6Q1A
[Debug] [2026-4-26 01:20:59] Client Local Address:192.168.220.1
[Debug] [2026-4-26 01:20:59] Client Local Address:192.168.128.1
[Debug] [2026-4-26 01:20:59] Client Local Address:172.31.29.160
[Debug] [2026-4-26 01:20:59] Client Local Address:172.24.48.1
[Debug] [2026-4-26 01:20:59] Server Address:127.0.0.1, Port:65420
[Debug] [2026-4-26 01:20:59] Log::Print : Connecting to server[127.0.0.1 : 65420].
[Info] [2026-4-26 01:20:59] Connect OK, Server: 127.0.0.1  Port: 65420
[Debug] [2026-4-26 01:20:59] Finish.
[Info] [2026-4-26 01:20:59] Connect server succeeded
[Debug] [2026-4-26 01:20:59] Send RPC:1
[Debug] [2026-4-26 01:20:59] Send cmd [check version information:40004] OK
[Debug] [2026-4-26 01:20:59] Log::Print : Connect to server[127.0.0.1 : 65420] successfully.
[Debug] [2026-4-26 01:21:00] Send RPC:2
[Debug] [2026-4-26 01:21:00] Send cmd [get_cable_paras:40010] OK
[Debug] [2026-4-26 01:21:00] Begin to send initialize chain cmd...
[Debug] [2026-4-26 01:21:00] Send RPC:3
[Debug] [2026-4-26 01:21:00] Send cmd [Open config cable:20001] OK
[Debug] [2026-4-26 01:21:00] End to send initialize chain cmd.
[Debug] [2026-4-26 01:21:00] COMMAND[check version information] execute successfully, takes 0.5 secs.
[Debug] [2026-4-26 01:21:00] Log::Print : COMMAND[check version information] execute successfully, takes 0.5 secs.
[Debug] [2026-4-26 01:21:01] COMMAND[get_cable_paras] execute successfully, takes 1.2 secs.
[Debug] [2026-4-26 01:21:01] Log::Print : The cable List : 
Cable index 0:USB Cable II/fffffffffffffffe 

[Debug] [2026-4-26 01:21:01] Log::Print : COMMAND[get_cable_paras] execute successfully, takes 1.2 secs.
[Debug] [2026-4-26 01:21:01] begin the exec of open cable cmd...
[Debug] [2026-4-26 01:21:01] Begin to deal with chain from server...
[Debug] [2026-4-26 01:21:01] Begin to set user chain...
[Debug] [2026-4-26 01:21:01] End to set user chain.
[Debug] [2026-4-26 01:21:01] Begin to update graphic item and tree item ...
[Debug] [2026-4-26 01:21:01] End to update graphic item and tree item ...
[Debug] [2026-4-26 01:21:01] Log::Print : PANGO USB CABLE II cable driver: D2XX DLL
[Debug] [2026-4-26 01:21:01] Log::Print : PG2L100H
[Debug] [2026-4-26 01:21:01] Log::Print : This device configure situation (done bit): 1
[Info] [2026-4-26 01:21:07] set OpenLastPath: D:/ZGTC/Work/ccc/generate_bitstream/hdmi_ddr_ov5640_top.sbit
[Debug] [2026-4-26 01:21:07] begin to get device info from CFG file...
[Debug] [2026-4-26 01:21:07] end to get device info from CFG file...
[Debug] [2026-4-26 01:21:07] Begin to update graphic item and tree item ...
[Debug] [2026-4-26 01:21:07] End to update graphic item and tree item ...
[Debug] [2026-4-26 01:21:07] Begin to update graphic item and tree item ...
[Debug] [2026-4-26 01:21:07] End to update graphic item and tree item ...
[Debug] [2026-4-26 01:21:07] End to deal wiht chain from server.
[Debug] [2026-4-26 01:21:07] end the exec of open cable cmd.
[Debug] [2026-4-26 01:21:07] COMMAND[Open config cable] execute successfully, takes 7.9 secs.
[Debug] [2026-4-26 01:21:08] Log::Print : COMMAND[Open config cable] execute successfully, takes 7.9 secs.
[Debug] [2026-4-26 01:21:55] Begin to send programming cmd...
[Debug] [2026-4-26 01:21:55] Send RPC:4
[Debug] [2026-4-26 01:21:55] Begin to send program data.
[Debug] [2026-4-26 01:21:55] End to send program data.
[Debug] [2026-4-26 01:21:55] Send cmd [Program:20002] OK
[Debug] [2026-4-26 01:21:55] The value of Progress is 6
[Debug] [2026-4-26 01:21:55] The value of Progress is 10
[Debug] [2026-4-26 01:21:55] The value of Progress is 15
[Debug] [2026-4-26 01:21:55] The value of Progress is 20
[Debug] [2026-4-26 01:21:56] The value of Progress is 25
[Debug] [2026-4-26 01:21:56] The value of Progress is 30
[Debug] [2026-4-26 01:21:56] The value of Progress is 35
[Debug] [2026-4-26 01:21:56] The value of Progress is 40
[Debug] [2026-4-26 01:21:56] The value of Progress is 45
[Debug] [2026-4-26 01:21:56] The value of Progress is 50
[Debug] [2026-4-26 01:21:57] The value of Progress is 55
[Debug] [2026-4-26 01:21:57] The value of Progress is 60
[Debug] [2026-4-26 01:21:57] The value of Progress is 65
[Debug] [2026-4-26 01:21:57] The value of Progress is 70
[Debug] [2026-4-26 01:21:57] The value of Progress is 75
[Debug] [2026-4-26 01:21:57] The value of Progress is 80
[Debug] [2026-4-26 01:21:57] The value of Progress is 85
[Debug] [2026-4-26 01:21:58] The value of Progress is 90
[Debug] [2026-4-26 01:21:58] The value of Progress is 95
[Debug] [2026-4-26 01:21:58] The value of Progress is 100
[Debug] [2026-4-26 01:22:01] COMMAND[Program] execute successfully, takes 6.2 secs.
[Debug] [2026-4-26 01:22:01] End to send programming cmd.
[Debug] [2026-4-26 01:22:01] Log::Print : The done bit is 1
[Debug] [2026-4-26 01:22:01] Log::Print : COMMAND[Program] execute successfully, takes 6.2 secs.
[Debug] [2026-4-26 01:23:07] Begin to send programming cmd...
[Debug] [2026-4-26 01:23:07] Send RPC:5
[Debug] [2026-4-26 01:23:07] Begin to send program data.
[Debug] [2026-4-26 01:23:07] End to send program data.
[Debug] [2026-4-26 01:23:07] Send cmd [Program:20002] OK
[Debug] [2026-4-26 01:23:08] The value of Progress is 6
[Debug] [2026-4-26 01:23:08] The value of Progress is 10
[Debug] [2026-4-26 01:23:08] The value of Progress is 15
[Debug] [2026-4-26 01:23:08] The value of Progress is 20
[Debug] [2026-4-26 01:23:08] The value of Progress is 25
[Debug] [2026-4-26 01:23:08] The value of Progress is 30
[Debug] [2026-4-26 01:23:09] The value of Progress is 35
[Debug] [2026-4-26 01:23:09] The value of Progress is 40
[Debug] [2026-4-26 01:23:09] The value of Progress is 45
[Debug] [2026-4-26 01:23:09] The value of Progress is 50
[Debug] [2026-4-26 01:23:09] The value of Progress is 55
[Debug] [2026-4-26 01:23:09] The value of Progress is 60
[Debug] [2026-4-26 01:23:10] The value of Progress is 65
[Debug] [2026-4-26 01:23:10] The value of Progress is 70
[Debug] [2026-4-26 01:23:10] The value of Progress is 75
[Debug] [2026-4-26 01:23:10] The value of Progress is 80
[Debug] [2026-4-26 01:23:10] The value of Progress is 85
[Debug] [2026-4-26 01:23:10] The value of Progress is 90
[Debug] [2026-4-26 01:23:11] The value of Progress is 95
[Debug] [2026-4-26 01:23:11] The value of Progress is 100
[Debug] [2026-4-26 01:23:14] COMMAND[Program] execute successfully, takes 6.3 secs.
[Debug] [2026-4-26 01:23:14] End to send programming cmd.
[Debug] [2026-4-26 01:23:14] Log::Print : The done bit is 1
[Debug] [2026-4-26 01:23:14] Log::Print : COMMAND[Program] execute successfully, takes 6.3 secs.
[Info] [2026-4-26 02:00:30] /***************************End Configration***************************/
[Info] [2026-4-26 15:29:22] /***************************Start Configuration***************************/
[Info] [2026-4-26 15:29:22] Path: D:/ZGTC/pango/PDS_2022.2-SP6.4/bin
[Info] [2026-4-26 15:29:22] Version: 146967
[Info] [2026-4-26 15:29:23] Current Path: D:/ZGTC/Work/ccc
[Info] [2026-4-26 15:29:23] PDS Dir Path: D:/ZGTC/Work/ccc
[Info] [2026-4-26 15:29:25] Configuration is not connect with server. connect first then scan chain.
[Debug] [2026-4-26 15:29:25] Client Local host name:LAPTOP-F5RA6Q1A
[Debug] [2026-4-26 15:29:25] Client Local Address:192.168.1.105
[Debug] [2026-4-26 15:29:25] Client Local Address:192.168.220.1
[Debug] [2026-4-26 15:29:25] Client Local Address:192.168.128.1
[Debug] [2026-4-26 15:29:25] Client Local Address:172.31.29.160
[Debug] [2026-4-26 15:29:25] Server Address:127.0.0.1, Port:65420
[Debug] [2026-4-26 15:29:25] Log::Print : Connecting to server[127.0.0.1 : 65420].
[Info] [2026-4-26 15:29:26] Connect OK, Server: 127.0.0.1  Port: 65420
[Debug] [2026-4-26 15:29:26] Finish.
[Info] [2026-4-26 15:29:26] Connect server succeeded
[Debug] [2026-4-26 15:29:26] Send RPC:1
[Debug] [2026-4-26 15:29:26] Send cmd [check version information:40004] OK
[Debug] [2026-4-26 15:29:26] Log::Print : Connect to server[127.0.0.1 : 65420] successfully.
[Debug] [2026-4-26 15:29:26] Send RPC:2
[Debug] [2026-4-26 15:29:26] Send cmd [get_cable_paras:40010] OK
[Debug] [2026-4-26 15:29:26] Begin to send initialize chain cmd...
[Debug] [2026-4-26 15:29:26] Send RPC:3
[Debug] [2026-4-26 15:29:26] Send cmd [Open config cable:20001] OK
[Debug] [2026-4-26 15:29:26] End to send initialize chain cmd.
[Debug] [2026-4-26 15:29:26] COMMAND[check version information] execute successfully, takes 0.5 secs.
[Debug] [2026-4-26 15:29:26] Log::Print : COMMAND[check version information] execute successfully, takes 0.5 secs.
[Debug] [2026-4-26 15:29:28] COMMAND[get_cable_paras] execute successfully, takes 1.3 secs.
[Debug] [2026-4-26 15:29:28] Log::Print : The cable List : 
Cable index 0:USB Cable II/fffffffffffffffe 

[Debug] [2026-4-26 15:29:28] Log::Print : COMMAND[get_cable_paras] execute successfully, takes 1.3 secs.
[Debug] [2026-4-26 15:29:28] begin the exec of open cable cmd...
[Debug] [2026-4-26 15:29:28] Begin to deal with chain from server...
[Debug] [2026-4-26 15:29:28] Begin to set user chain...
[Debug] [2026-4-26 15:29:28] End to set user chain.
[Debug] [2026-4-26 15:29:28] Begin to update graphic item and tree item ...
[Debug] [2026-4-26 15:29:28] End to update graphic item and tree item ...
[Debug] [2026-4-26 15:29:28] Log::Print : PANGO USB CABLE II cable driver: D2XX DLL
[Debug] [2026-4-26 15:29:28] Log::Print : PG2L100H
[Debug] [2026-4-26 15:29:28] Log::Print : This device configure situation (done bit): 1
[Info] [2026-4-26 15:29:32] set OpenLastPath: D:/ZGTC/Work/ccc/generate_bitstream/bak/hdmi_ddr_ov5640_top.sbit
[Debug] [2026-4-26 15:29:32] begin to get device info from CFG file...
[Debug] [2026-4-26 15:29:32] end to get device info from CFG file...
[Debug] [2026-4-26 15:29:32] Begin to update graphic item and tree item ...
[Debug] [2026-4-26 15:29:32] End to update graphic item and tree item ...
[Debug] [2026-4-26 15:29:32] Begin to update graphic item and tree item ...
[Debug] [2026-4-26 15:29:32] End to update graphic item and tree item ...
[Debug] [2026-4-26 15:29:32] End to deal wiht chain from server.
[Debug] [2026-4-26 15:29:32] end the exec of open cable cmd.
[Debug] [2026-4-26 15:29:32] COMMAND[Open config cable] execute successfully, takes 5.6 secs.
[Debug] [2026-4-26 15:29:32] Log::Print : COMMAND[Open config cable] execute successfully, takes 5.6 secs.
[Debug] [2026-4-26 15:29:35] Begin to send programming cmd...
[Debug] [2026-4-26 15:29:35] Send RPC:4
[Debug] [2026-4-26 15:29:35] Begin to send program data.
[Debug] [2026-4-26 15:29:35] End to send program data.
[Debug] [2026-4-26 15:29:35] Send cmd [Program:20002] OK
[Debug] [2026-4-26 15:29:35] The value of Progress is 6
[Debug] [2026-4-26 15:29:36] The value of Progress is 10
[Debug] [2026-4-26 15:29:36] The value of Progress is 15
[Debug] [2026-4-26 15:29:36] The value of Progress is 20
[Debug] [2026-4-26 15:29:36] The value of Progress is 25
[Debug] [2026-4-26 15:29:36] The value of Progress is 30
[Debug] [2026-4-26 15:29:36] The value of Progress is 35
[Debug] [2026-4-26 15:29:37] The value of Progress is 40
[Debug] [2026-4-26 15:29:37] The value of Progress is 45
[Debug] [2026-4-26 15:29:37] The value of Progress is 50
[Debug] [2026-4-26 15:29:37] The value of Progress is 55
[Debug] [2026-4-26 15:29:37] The value of Progress is 60
[Debug] [2026-4-26 15:29:37] The value of Progress is 65
[Debug] [2026-4-26 15:29:37] The value of Progress is 70
[Debug] [2026-4-26 15:29:38] The value of Progress is 75
[Debug] [2026-4-26 15:29:38] The value of Progress is 80
[Debug] [2026-4-26 15:29:38] The value of Progress is 85
[Debug] [2026-4-26 15:29:38] The value of Progress is 90
[Debug] [2026-4-26 15:29:38] The value of Progress is 95
[Debug] [2026-4-26 15:29:38] The value of Progress is 100
[Debug] [2026-4-26 15:29:39] COMMAND[Program] execute successfully, takes 3.6 secs.
[Debug] [2026-4-26 15:29:39] End to send programming cmd.
[Debug] [2026-4-26 15:29:39] Log::Print : The done bit is 1
[Debug] [2026-4-26 15:29:39] Log::Print : COMMAND[Program] execute successfully, takes 3.6 secs.
[Info] [2026-4-26 17:11:54] /***************************End Configration***************************/
[Info] [2026-4-26 19:15:49] /***************************Start Configuration***************************/
[Info] [2026-4-26 19:15:49] Path: D:/ZGTC/pango/PDS_2022.2-SP6.4/bin
[Info] [2026-4-26 19:15:49] Version: 146967
[Info] [2026-4-26 19:15:50] Current Path: D:/ZGTC/Work/ccc
[Info] [2026-4-26 19:15:50] PDS Dir Path: D:/ZGTC/Work/ccc
[Info] [2026-4-26 19:15:52] Configuration is not connect with server. connect first then scan chain.
[Debug] [2026-4-26 19:15:52] Client Local host name:LAPTOP-F5RA6Q1A
[Debug] [2026-4-26 19:15:52] Client Local Address:192.168.1.105
[Debug] [2026-4-26 19:15:52] Client Local Address:192.168.220.1
[Debug] [2026-4-26 19:15:52] Client Local Address:192.168.128.1
[Debug] [2026-4-26 19:15:52] Client Local Address:172.31.29.160
[Debug] [2026-4-26 19:15:52] Server Address:127.0.0.1, Port:65420
[Debug] [2026-4-26 19:15:52] Log::Print : Connecting to server[127.0.0.1 : 65420].
[Info] [2026-4-26 19:15:52] Connect OK, Server: 127.0.0.1  Port: 65420
[Debug] [2026-4-26 19:15:52] Finish.
[Info] [2026-4-26 19:15:52] Connect server succeeded
[Debug] [2026-4-26 19:15:52] Send RPC:1
[Debug] [2026-4-26 19:15:52] Send cmd [check version information:40004] OK
[Debug] [2026-4-26 19:15:52] Send RPC:2
[Debug] [2026-4-26 19:15:52] Send cmd [get_cable_paras:40010] OK
[Debug] [2026-4-26 19:15:52] Begin to send initialize chain cmd...
[Debug] [2026-4-26 19:15:52] Send RPC:3
[Debug] [2026-4-26 19:15:52] Send cmd [Open config cable:20001] OK
[Debug] [2026-4-26 19:15:52] End to send initialize chain cmd.
[Debug] [2026-4-26 19:15:52] COMMAND[check version information] execute successfully, takes 0.0 secs.
[Debug] [2026-4-26 19:15:52] Log::Print : Connect to server[127.0.0.1 : 65420] successfully.
[Debug] [2026-4-26 19:15:52] Log::Print : COMMAND[check version information] execute successfully, takes 0.0 secs.
[Debug] [2026-4-26 19:15:54] COMMAND[get_cable_paras] execute successfully, takes 1.3 secs.
[Debug] [2026-4-26 19:15:54] Log::Print : The cable List : 
Cable index 0:USB Cable II/fffffffffffffffe 

[Debug] [2026-4-26 19:15:54] Log::Print : COMMAND[get_cable_paras] execute successfully, takes 1.3 secs.
[Debug] [2026-4-26 19:15:54] begin the exec of open cable cmd...
[Debug] [2026-4-26 19:15:54] Begin to deal with chain from server...
[Debug] [2026-4-26 19:15:54] Begin to set user chain...
[Debug] [2026-4-26 19:15:54] End to set user chain.
[Debug] [2026-4-26 19:15:54] Begin to update graphic item and tree item ...
[Debug] [2026-4-26 19:15:54] End to update graphic item and tree item ...
[Debug] [2026-4-26 19:15:54] Log::Print : PANGO USB CABLE II cable driver: D2XX DLL
[Debug] [2026-4-26 19:15:54] Log::Print : PG2L100H
[Debug] [2026-4-26 19:15:54] Log::Print : This device configure situation (done bit): 1
[Info] [2026-4-26 19:15:56] set OpenLastPath: D:/ZGTC/Work/ccc/generate_bitstream/hdmi_ddr_ov5640_top.sbit
[Debug] [2026-4-26 19:15:56] begin to get device info from CFG file...
[Debug] [2026-4-26 19:15:56] end to get device info from CFG file...
[Debug] [2026-4-26 19:15:56] Begin to update graphic item and tree item ...
[Debug] [2026-4-26 19:15:56] End to update graphic item and tree item ...
[Debug] [2026-4-26 19:15:56] Begin to update graphic item and tree item ...
[Debug] [2026-4-26 19:15:56] End to update graphic item and tree item ...
[Debug] [2026-4-26 19:15:56] End to deal wiht chain from server.
[Debug] [2026-4-26 19:15:56] end the exec of open cable cmd.
[Debug] [2026-4-26 19:15:56] COMMAND[Open config cable] execute successfully, takes 3.5 secs.
[Debug] [2026-4-26 19:15:56] Log::Print : COMMAND[Open config cable] execute successfully, takes 3.5 secs.
[Debug] [2026-4-26 19:15:57] Begin to send programming cmd...
[Debug] [2026-4-26 19:15:57] Send RPC:4
[Debug] [2026-4-26 19:15:57] Begin to send program data.
[Debug] [2026-4-26 19:15:57] End to send program data.
[Debug] [2026-4-26 19:15:57] Send cmd [Program:20002] OK
[Debug] [2026-4-26 19:15:57] The value of Progress is 6
[Debug] [2026-4-26 19:15:57] The value of Progress is 10
[Debug] [2026-4-26 19:15:58] The value of Progress is 15
[Debug] [2026-4-26 19:15:58] The value of Progress is 20
[Debug] [2026-4-26 19:15:58] The value of Progress is 25
[Debug] [2026-4-26 19:15:58] The value of Progress is 30
[Debug] [2026-4-26 19:15:58] The value of Progress is 35
[Debug] [2026-4-26 19:15:58] The value of Progress is 40
[Debug] [2026-4-26 19:15:59] The value of Progress is 45
[Debug] [2026-4-26 19:15:59] The value of Progress is 50
[Debug] [2026-4-26 19:15:59] The value of Progress is 55
[Debug] [2026-4-26 19:15:59] The value of Progress is 60
[Debug] [2026-4-26 19:15:59] The value of Progress is 65
[Debug] [2026-4-26 19:15:59] The value of Progress is 70
[Debug] [2026-4-26 19:16:00] The value of Progress is 75
[Debug] [2026-4-26 19:16:00] The value of Progress is 80
[Debug] [2026-4-26 19:16:00] The value of Progress is 85
[Debug] [2026-4-26 19:16:00] The value of Progress is 90
[Debug] [2026-4-26 19:16:00] The value of Progress is 95
[Debug] [2026-4-26 19:16:00] The value of Progress is 100
[Debug] [2026-4-26 19:16:01] COMMAND[Program] execute successfully, takes 4.1 secs.
[Debug] [2026-4-26 19:16:01] End to send programming cmd.
[Debug] [2026-4-26 19:16:01] Log::Print : The done bit is 1
[Debug] [2026-4-26 19:16:01] Log::Print : COMMAND[Program] execute successfully, takes 4.1 secs.
[Info] [2026-4-26 19:53:41] /***************************End Configration***************************/
[Info] [2026-4-26 20:30:39] /***************************Start Configuration***************************/
[Info] [2026-4-26 20:30:39] Path: D:/ZGTC/pango/PDS_2022.2-SP6.4/bin
[Info] [2026-4-26 20:30:39] Version: 146967
[Info] [2026-4-26 20:30:40] Current Path: D:/ZGTC/Work/ccc
[Info] [2026-4-26 20:30:40] PDS Dir Path: D:/ZGTC/Work/ccc
[Info] [2026-4-26 20:30:42] Configuration is not connect with server. connect first then scan chain.
[Debug] [2026-4-26 20:30:42] Client Local host name:LAPTOP-F5RA6Q1A
[Debug] [2026-4-26 20:30:42] Client Local Address:192.168.1.105
[Debug] [2026-4-26 20:30:42] Client Local Address:192.168.220.1
[Debug] [2026-4-26 20:30:42] Client Local Address:192.168.128.1
[Debug] [2026-4-26 20:30:42] Client Local Address:172.31.29.160
[Debug] [2026-4-26 20:30:42] Server Address:127.0.0.1, Port:65420
[Debug] [2026-4-26 20:30:42] Log::Print : Connecting to server[127.0.0.1 : 65420].
[Info] [2026-4-26 20:30:42] Connect OK, Server: 127.0.0.1  Port: 65420
[Debug] [2026-4-26 20:30:42] Finish.
[Info] [2026-4-26 20:30:42] Connect server succeeded
[Debug] [2026-4-26 20:30:42] Send RPC:1
[Debug] [2026-4-26 20:30:42] Send cmd [check version information:40004] OK
[Debug] [2026-4-26 20:30:42] Send RPC:2
[Debug] [2026-4-26 20:30:42] Send cmd [get_cable_paras:40010] OK
[Debug] [2026-4-26 20:30:42] Begin to send initialize chain cmd...
[Debug] [2026-4-26 20:30:42] Send RPC:3
[Debug] [2026-4-26 20:30:42] Send cmd [Open config cable:20001] OK
[Debug] [2026-4-26 20:30:42] End to send initialize chain cmd.
[Debug] [2026-4-26 20:30:42] COMMAND[check version information] execute successfully, takes 0.0 secs.
[Debug] [2026-4-26 20:30:42] Log::Print : Connect to server[127.0.0.1 : 65420] successfully.
[Debug] [2026-4-26 20:30:42] Log::Print : COMMAND[check version information] execute successfully, takes 0.0 secs.
[Debug] [2026-4-26 20:30:43] COMMAND[get_cable_paras] execute successfully, takes 1.3 secs.
[Debug] [2026-4-26 20:30:43] Log::Print : The cable List : 
Cable index 0:USB Cable II/fffffffffffffffe 

[Debug] [2026-4-26 20:30:43] Log::Print : COMMAND[get_cable_paras] execute successfully, takes 1.3 secs.
[Debug] [2026-4-26 20:30:44] begin the exec of open cable cmd...
[Debug] [2026-4-26 20:30:44] Begin to deal with chain from server...
[Debug] [2026-4-26 20:30:44] Begin to set user chain...
[Debug] [2026-4-26 20:30:44] End to set user chain.
[Debug] [2026-4-26 20:30:44] Begin to update graphic item and tree item ...
[Debug] [2026-4-26 20:30:44] End to update graphic item and tree item ...
[Debug] [2026-4-26 20:30:44] Log::Print : PANGO USB CABLE II cable driver: D2XX DLL
[Debug] [2026-4-26 20:30:44] Log::Print : PG2L100H
[Debug] [2026-4-26 20:30:44] Log::Print : This device configure situation (done bit): 1
[Info] [2026-4-26 20:30:46] set OpenLastPath: D:/ZGTC/Work/ccc/generate_bitstream/hdmi_ddr_ov5640_top.sbit
[Debug] [2026-4-26 20:30:46] begin to get device info from CFG file...
[Debug] [2026-4-26 20:30:46] end to get device info from CFG file...
[Debug] [2026-4-26 20:30:46] Begin to update graphic item and tree item ...
[Debug] [2026-4-26 20:30:46] End to update graphic item and tree item ...
[Debug] [2026-4-26 20:30:46] Begin to update graphic item and tree item ...
[Debug] [2026-4-26 20:30:46] End to update graphic item and tree item ...
[Debug] [2026-4-26 20:30:46] End to deal wiht chain from server.
[Debug] [2026-4-26 20:30:46] end the exec of open cable cmd.
[Debug] [2026-4-26 20:30:46] COMMAND[Open config cable] execute successfully, takes 3.8 secs.
[Debug] [2026-4-26 20:30:46] Log::Print : COMMAND[Open config cable] execute successfully, takes 3.8 secs.
[Debug] [2026-4-26 20:30:47] Begin to send programming cmd...
[Debug] [2026-4-26 20:30:47] Send RPC:4
[Debug] [2026-4-26 20:30:47] Begin to send program data.
[Debug] [2026-4-26 20:30:47] End to send program data.
[Debug] [2026-4-26 20:30:47] Send cmd [Program:20002] OK
[Debug] [2026-4-26 20:30:47] The value of Progress is 6
[Debug] [2026-4-26 20:30:47] The value of Progress is 10
[Debug] [2026-4-26 20:30:47] The value of Progress is 15
[Debug] [2026-4-26 20:30:48] The value of Progress is 20
[Debug] [2026-4-26 20:30:48] The value of Progress is 25
[Debug] [2026-4-26 20:30:48] The value of Progress is 30
[Debug] [2026-4-26 20:30:48] The value of Progress is 35
[Debug] [2026-4-26 20:30:48] The value of Progress is 40
[Debug] [2026-4-26 20:30:48] The value of Progress is 45
[Debug] [2026-4-26 20:30:48] The value of Progress is 50
[Debug] [2026-4-26 20:30:49] The value of Progress is 55
[Debug] [2026-4-26 20:30:49] The value of Progress is 60
[Debug] [2026-4-26 20:30:49] The value of Progress is 65
[Debug] [2026-4-26 20:30:49] The value of Progress is 70
[Debug] [2026-4-26 20:30:49] The value of Progress is 75
[Debug] [2026-4-26 20:30:49] The value of Progress is 80
[Debug] [2026-4-26 20:30:50] The value of Progress is 85
[Debug] [2026-4-26 20:30:50] The value of Progress is 90
[Debug] [2026-4-26 20:30:50] The value of Progress is 95
[Debug] [2026-4-26 20:30:50] The value of Progress is 100
[Debug] [2026-4-26 20:30:53] COMMAND[Program] execute successfully, takes 5.8 secs.
[Debug] [2026-4-26 20:30:53] End to send programming cmd.
[Debug] [2026-4-26 20:30:53] Log::Print : The done bit is 1
[Debug] [2026-4-26 20:30:53] Log::Print : COMMAND[Program] execute successfully, takes 5.8 secs.
[Info] [2026-4-26 21:25:34] /***************************End Configration***************************/
[Info] [2026-4-27 03:25:31] /***************************Start Configuration***************************/
[Info] [2026-4-27 03:25:31] Path: D:/ZGTC/pango/PDS_2022.2-SP6.4/bin
[Info] [2026-4-27 03:25:31] Version: 146967
[Info] [2026-4-27 03:25:32] Current Path: D:/ZGTC/Work/ccc
[Info] [2026-4-27 03:25:32] PDS Dir Path: D:/ZGTC/Work/ccc
[Info] [2026-4-27 03:25:33] Configuration is not connect with server. connect first then scan chain.
[Debug] [2026-4-27 03:25:34] Client Local host name:LAPTOP-F5RA6Q1A
[Debug] [2026-4-27 03:25:34] Client Local Address:192.168.1.105
[Debug] [2026-4-27 03:25:34] Client Local Address:192.168.220.1
[Debug] [2026-4-27 03:25:34] Client Local Address:192.168.128.1
[Debug] [2026-4-27 03:25:34] Client Local Address:172.31.29.160
[Debug] [2026-4-27 03:25:34] Server Address:127.0.0.1, Port:65420
[Debug] [2026-4-27 03:25:34] Log::Print : Connecting to server[127.0.0.1 : 65420].
[Info] [2026-4-27 03:25:34] Connect OK, Server: 127.0.0.1  Port: 65420
[Debug] [2026-4-27 03:25:34] Finish.
[Info] [2026-4-27 03:25:34] Connect server succeeded
[Debug] [2026-4-27 03:25:34] Send RPC:1
[Debug] [2026-4-27 03:25:34] Send cmd [check version information:40004] OK
[Debug] [2026-4-27 03:25:34] Send RPC:2
[Debug] [2026-4-27 03:25:34] Send cmd [get_cable_paras:40010] OK
[Debug] [2026-4-27 03:25:34] Begin to send initialize chain cmd...
[Debug] [2026-4-27 03:25:34] Send RPC:3
[Debug] [2026-4-27 03:25:34] Send cmd [Open config cable:20001] OK
[Debug] [2026-4-27 03:25:34] End to send initialize chain cmd.
[Debug] [2026-4-27 03:25:34] COMMAND[check version information] execute successfully, takes 0.0 secs.
[Debug] [2026-4-27 03:25:34] Log::Print : Connect to server[127.0.0.1 : 65420] successfully.
[Debug] [2026-4-27 03:25:34] Log::Print : COMMAND[check version information] execute successfully, takes 0.0 secs.
[Debug] [2026-4-27 03:25:35] COMMAND[get_cable_paras] execute successfully, takes 1.2 secs.
[Debug] [2026-4-27 03:25:35] Log::Print : The cable List : 
Cable index 0:USB Cable II/fffffffffffffffe 

[Debug] [2026-4-27 03:25:35] Log::Print : COMMAND[get_cable_paras] execute successfully, takes 1.2 secs.
[Debug] [2026-4-27 03:25:35] begin the exec of open cable cmd...
[Debug] [2026-4-27 03:25:35] Begin to deal with chain from server...
[Debug] [2026-4-27 03:25:35] Begin to set user chain...
[Debug] [2026-4-27 03:25:35] End to set user chain.
[Debug] [2026-4-27 03:25:35] Begin to update graphic item and tree item ...
[Debug] [2026-4-27 03:25:35] End to update graphic item and tree item ...
[Debug] [2026-4-27 03:25:35] Log::Print : PANGO USB CABLE II cable driver: D2XX DLL
[Debug] [2026-4-27 03:25:35] Log::Print : PG2L100H
[Debug] [2026-4-27 03:25:35] Log::Print : This device configure situation (done bit): 1
[Info] [2026-4-27 03:25:37] set OpenLastPath: D:/ZGTC/Work/ccc/generate_bitstream/hdmi_ddr_ov5640_top.sbit
[Debug] [2026-4-27 03:25:37] begin to get device info from CFG file...
[Debug] [2026-4-27 03:25:37] end to get device info from CFG file...
[Debug] [2026-4-27 03:25:37] Begin to update graphic item and tree item ...
[Debug] [2026-4-27 03:25:37] End to update graphic item and tree item ...
[Debug] [2026-4-27 03:25:37] Begin to update graphic item and tree item ...
[Debug] [2026-4-27 03:25:37] End to update graphic item and tree item ...
[Debug] [2026-4-27 03:25:37] End to deal wiht chain from server.
[Debug] [2026-4-27 03:25:37] end the exec of open cable cmd.
[Debug] [2026-4-27 03:25:37] COMMAND[Open config cable] execute successfully, takes 3.6 secs.
[Debug] [2026-4-27 03:25:37] Log::Print : COMMAND[Open config cable] execute successfully, takes 3.6 secs.
[Debug] [2026-4-27 03:25:39] Begin to send programming cmd...
[Debug] [2026-4-27 03:25:39] Send RPC:4
[Debug] [2026-4-27 03:25:39] Begin to send program data.
[Debug] [2026-4-27 03:25:39] End to send program data.
[Debug] [2026-4-27 03:25:39] Send cmd [Program:20002] OK
[Debug] [2026-4-27 03:25:39] The value of Progress is 6
[Debug] [2026-4-27 03:25:39] The value of Progress is 10
[Debug] [2026-4-27 03:25:39] The value of Progress is 15
[Debug] [2026-4-27 03:25:39] The value of Progress is 20
[Debug] [2026-4-27 03:25:40] The value of Progress is 25
[Debug] [2026-4-27 03:25:40] The value of Progress is 30
[Debug] [2026-4-27 03:25:40] The value of Progress is 35
[Debug] [2026-4-27 03:25:40] The value of Progress is 40
[Debug] [2026-4-27 03:25:40] The value of Progress is 45
[Debug] [2026-4-27 03:25:40] The value of Progress is 50
[Debug] [2026-4-27 03:25:40] The value of Progress is 55
[Debug] [2026-4-27 03:25:41] The value of Progress is 60
[Debug] [2026-4-27 03:25:41] The value of Progress is 65
[Debug] [2026-4-27 03:25:41] The value of Progress is 70
[Debug] [2026-4-27 03:25:41] The value of Progress is 75
[Debug] [2026-4-27 03:25:41] The value of Progress is 80
[Debug] [2026-4-27 03:25:41] The value of Progress is 85
[Debug] [2026-4-27 03:25:42] The value of Progress is 90
[Debug] [2026-4-27 03:25:42] The value of Progress is 95
[Debug] [2026-4-27 03:25:42] The value of Progress is 100
[Debug] [2026-4-27 03:25:45] COMMAND[Program] execute successfully, takes 6.3 secs.
[Debug] [2026-4-27 03:25:45] End to send programming cmd.
[Debug] [2026-4-27 03:25:45] Log::Print : The done bit is 1
[Debug] [2026-4-27 03:25:45] Log::Print : COMMAND[Program] execute successfully, takes 6.3 secs.
[Debug] [2026-4-27 03:25:55] Begin to send programming cmd...
[Debug] [2026-4-27 03:25:55] Send RPC:5
[Debug] [2026-4-27 03:25:55] Begin to send program data.
[Debug] [2026-4-27 03:25:55] End to send program data.
[Debug] [2026-4-27 03:25:55] Send cmd [Program:20002] OK
[Debug] [2026-4-27 03:25:56] The value of Progress is 6
[Debug] [2026-4-27 03:25:56] The value of Progress is 10
[Debug] [2026-4-27 03:25:56] The value of Progress is 15
[Debug] [2026-4-27 03:25:56] The value of Progress is 20
[Debug] [2026-4-27 03:25:56] The value of Progress is 25
[Debug] [2026-4-27 03:25:56] The value of Progress is 30
[Debug] [2026-4-27 03:25:56] The value of Progress is 35
[Debug] [2026-4-27 03:25:56] The value of Progress is 40
[Debug] [2026-4-27 03:25:57] The value of Progress is 45
[Debug] [2026-4-27 03:25:57] The value of Progress is 50
[Debug] [2026-4-27 03:25:57] The value of Progress is 55
[Debug] [2026-4-27 03:25:57] The value of Progress is 60
[Debug] [2026-4-27 03:25:57] The value of Progress is 65
[Debug] [2026-4-27 03:25:57] The value of Progress is 70
[Debug] [2026-4-27 03:25:58] The value of Progress is 75
[Debug] [2026-4-27 03:25:58] The value of Progress is 80
[Debug] [2026-4-27 03:25:58] The value of Progress is 85
[Debug] [2026-4-27 03:25:58] The value of Progress is 90
[Debug] [2026-4-27 03:25:58] The value of Progress is 95
[Debug] [2026-4-27 03:25:58] The value of Progress is 100
[Debug] [2026-4-27 03:26:01] COMMAND[Program] execute successfully, takes 6.2 secs.
[Debug] [2026-4-27 03:26:01] End to send programming cmd.
[Debug] [2026-4-27 03:26:01] Log::Print : The done bit is 1
[Debug] [2026-4-27 03:26:01] Log::Print : COMMAND[Program] execute successfully, takes 6.2 secs.
[Debug] [2026-4-27 03:26:08] Begin to send reset fpga cmd...
[Debug] [2026-4-27 03:26:08] Send RPC:6
[Debug] [2026-4-27 03:26:08] Send cmd [Reset FPGA:20025] OK
[Debug] [2026-4-27 03:26:08] End to send reset fpga cmd.
[Debug] [2026-4-27 03:26:08] COMMAND[Reset FPGA] execute successfully, takes 0.4 secs.
[Debug] [2026-4-27 03:26:08] Log::Print : COMMAND[Reset FPGA] execute successfully, takes 0.4 secs.
[Debug] [2026-4-27 03:26:15] Begin to send programming cmd...
[Debug] [2026-4-27 03:26:15] Send RPC:7
[Debug] [2026-4-27 03:26:15] Begin to send program data.
[Debug] [2026-4-27 03:26:15] End to send program data.
[Debug] [2026-4-27 03:26:15] Send cmd [Program:20002] OK
[Debug] [2026-4-27 03:26:15] The value of Progress is 6
[Debug] [2026-4-27 03:26:15] The value of Progress is 10
[Debug] [2026-4-27 03:26:16] The value of Progress is 15
[Debug] [2026-4-27 03:26:16] The value of Progress is 20
[Debug] [2026-4-27 03:26:16] The value of Progress is 25
[Debug] [2026-4-27 03:26:16] The value of Progress is 30
[Debug] [2026-4-27 03:26:16] The value of Progress is 35
[Debug] [2026-4-27 03:26:16] The value of Progress is 40
[Debug] [2026-4-27 03:26:17] The value of Progress is 45
[Debug] [2026-4-27 03:26:17] The value of Progress is 50
[Debug] [2026-4-27 03:26:17] The value of Progress is 55
[Debug] [2026-4-27 03:26:17] The value of Progress is 60
[Debug] [2026-4-27 03:26:17] The value of Progress is 65
[Debug] [2026-4-27 03:26:17] The value of Progress is 70
[Debug] [2026-4-27 03:26:17] The value of Progress is 75
[Debug] [2026-4-27 03:26:18] The value of Progress is 80
[Debug] [2026-4-27 03:26:18] The value of Progress is 85
[Debug] [2026-4-27 03:26:18] The value of Progress is 90
[Debug] [2026-4-27 03:26:18] The value of Progress is 95
[Debug] [2026-4-27 03:26:18] The value of Progress is 100
[Debug] [2026-4-27 03:26:22] COMMAND[Program] execute successfully, takes 6.7 secs.
[Debug] [2026-4-27 03:26:22] End to send programming cmd.
[Debug] [2026-4-27 03:26:22] Log::Print : The done bit is 1
[Debug] [2026-4-27 03:26:22] Log::Print : COMMAND[Program] execute successfully, takes 6.7 secs.
[Debug] [2026-4-27 03:26:29] Begin to send programming cmd...
[Debug] [2026-4-27 03:26:29] Send RPC:8
[Debug] [2026-4-27 03:26:29] Begin to send program data.
[Debug] [2026-4-27 03:26:29] End to send program data.
[Debug] [2026-4-27 03:26:29] Send cmd [Program:20002] OK
[Debug] [2026-4-27 03:26:30] The value of Progress is 6
[Debug] [2026-4-27 03:26:30] The value of Progress is 10
[Debug] [2026-4-27 03:26:30] The value of Progress is 15
[Debug] [2026-4-27 03:26:30] The value of Progress is 20
[Debug] [2026-4-27 03:26:30] The value of Progress is 25
[Debug] [2026-4-27 03:26:30] The value of Progress is 30
[Debug] [2026-4-27 03:26:31] The value of Progress is 35
[Debug] [2026-4-27 03:26:31] The value of Progress is 40
[Debug] [2026-4-27 03:26:31] The value of Progress is 45
[Debug] [2026-4-27 03:26:31] The value of Progress is 50
[Debug] [2026-4-27 03:26:31] The value of Progress is 55
[Debug] [2026-4-27 03:26:31] The value of Progress is 60
[Debug] [2026-4-27 03:26:32] The value of Progress is 65
[Debug] [2026-4-27 03:26:32] The value of Progress is 70
[Debug] [2026-4-27 03:26:32] The value of Progress is 75
[Debug] [2026-4-27 03:26:32] The value of Progress is 80
[Debug] [2026-4-27 03:26:32] The value of Progress is 85
[Debug] [2026-4-27 03:26:32] The value of Progress is 90
[Debug] [2026-4-27 03:26:33] The value of Progress is 95
[Debug] [2026-4-27 03:26:33] The value of Progress is 100
[Debug] [2026-4-27 03:26:36] COMMAND[Program] execute successfully, takes 6.2 secs.
[Debug] [2026-4-27 03:26:36] End to send programming cmd.
[Debug] [2026-4-27 03:26:36] Log::Print : The done bit is 1
[Debug] [2026-4-27 03:26:36] Log::Print : COMMAND[Program] execute successfully, takes 6.2 secs.
[Info] [2026-4-27 03:26:47] /***************************End Configration***************************/
[Info] [2026-4-27 18:15:21] /***************************Start Configuration***************************/
[Info] [2026-4-27 18:15:21] Path: D:/ZGTC/pango/PDS_2022.2-SP6.4/bin
[Info] [2026-4-27 18:15:21] Version: 146967
[Info] [2026-4-27 18:15:22] Current Path: D:/ZGTC/Work/ccc
[Info] [2026-4-27 18:15:22] PDS Dir Path: D:/ZGTC/Work/ccc
[Info] [2026-4-27 18:15:24] Configuration is not connect with server. connect first then scan chain.
[Debug] [2026-4-27 18:15:24] Client Local host name:LAPTOP-F5RA6Q1A
[Debug] [2026-4-27 18:15:24] Client Local Address:192.168.1.105
[Debug] [2026-4-27 18:15:24] Client Local Address:192.168.220.1
[Debug] [2026-4-27 18:15:24] Client Local Address:192.168.128.1
[Debug] [2026-4-27 18:15:24] Client Local Address:172.31.29.160
[Debug] [2026-4-27 18:15:24] Client Local Address:172.24.48.1
[Debug] [2026-4-27 18:15:24] Server Address:127.0.0.1, Port:65420
[Debug] [2026-4-27 18:15:24] Log::Print : Connecting to server[127.0.0.1 : 65420].
[Info] [2026-4-27 18:15:24] Connect OK, Server: 127.0.0.1  Port: 65420
[Debug] [2026-4-27 18:15:24] Finish.
[Info] [2026-4-27 18:15:24] Connect server succeeded
[Debug] [2026-4-27 18:15:24] Send RPC:1
[Debug] [2026-4-27 18:15:24] Send cmd [check version information:40004] OK
[Debug] [2026-4-27 18:15:24] Send RPC:2
[Debug] [2026-4-27 18:15:24] Send cmd [get_cable_paras:40010] OK
[Debug] [2026-4-27 18:15:24] Begin to send initialize chain cmd...
[Debug] [2026-4-27 18:15:24] Send RPC:3
[Debug] [2026-4-27 18:15:24] Send cmd [Open config cable:20001] OK
[Debug] [2026-4-27 18:15:24] End to send initialize chain cmd.
[Debug] [2026-4-27 18:15:24] COMMAND[check version information] execute successfully, takes 0.0 secs.
[Debug] [2026-4-27 18:15:24] Log::Print : Connect to server[127.0.0.1 : 65420] successfully.
[Debug] [2026-4-27 18:15:24] Log::Print : COMMAND[check version information] execute successfully, takes 0.0 secs.
[Debug] [2026-4-27 18:15:26] COMMAND[get_cable_paras] execute successfully, takes 1.4 secs.
[Debug] [2026-4-27 18:15:26] Log::Print : The cable List : 
Cable index 0:USB Cable II/fffffffffffffffe 

[Debug] [2026-4-27 18:15:26] Log::Print : COMMAND[get_cable_paras] execute successfully, takes 1.4 secs.
[Debug] [2026-4-27 18:15:26] begin the exec of open cable cmd...
[Debug] [2026-4-27 18:15:26] Begin to deal with chain from server...
[Debug] [2026-4-27 18:15:26] Begin to set user chain...
[Debug] [2026-4-27 18:15:26] End to set user chain.
[Debug] [2026-4-27 18:15:26] Begin to update graphic item and tree item ...
[Debug] [2026-4-27 18:15:26] End to update graphic item and tree item ...
[Debug] [2026-4-27 18:15:26] Log::Print : PANGO USB CABLE II cable driver: D2XX DLL
[Debug] [2026-4-27 18:15:26] Log::Print : PG2L100H
[Debug] [2026-4-27 18:15:26] Log::Print : This device configure situation (done bit): 1
[Debug] [2026-4-27 18:15:30] selected file name is empty and ignore.
[Debug] [2026-4-27 18:15:30] Begin to update graphic item and tree item ...
[Debug] [2026-4-27 18:15:30] End to update graphic item and tree item ...
[Debug] [2026-4-27 18:15:30] End to deal wiht chain from server.
[Debug] [2026-4-27 18:15:30] end the exec of open cable cmd.
[Debug] [2026-4-27 18:15:30] COMMAND[Open config cable] execute successfully, takes 5.2 secs.
[Debug] [2026-4-27 18:15:30] Log::Print : COMMAND[Open config cable] execute successfully, takes 5.2 secs.
[Info] [2026-4-27 18:15:30] /***************************End Configration***************************/
[Info] [2026-4-27 22:46:08] /***************************Start Configuration***************************/
[Info] [2026-4-27 22:46:08] Path: D:/ZGTC/pango/PDS_2022.2-SP6.4/bin
[Info] [2026-4-27 22:46:08] Version: 146967
[Info] [2026-4-27 22:46:09] Current Path: D:/ZGTC/Work/ccc
[Info] [2026-4-27 22:46:09] PDS Dir Path: D:/ZGTC/Work/ccc
[Info] [2026-4-27 22:51:29] /***************************End Configration***************************/
[Info] [2026-4-27 22:55:53] /***************************Start Configuration***************************/
[Info] [2026-4-27 22:55:53] Path: D:/ZGTC/pango/PDS_2022.2-SP6.4/bin
[Info] [2026-4-27 22:55:53] Version: 146967
[Info] [2026-4-27 22:55:54] Current Path: D:/ZGTC/Work/ccc
[Info] [2026-4-27 22:55:54] PDS Dir Path: D:/ZGTC/Work/ccc
[Info] [2026-4-27 22:55:56] Configuration is not connect with server. connect first then scan chain.
[Debug] [2026-4-27 22:55:56] Client Local host name:LAPTOP-F5RA6Q1A
[Debug] [2026-4-27 22:55:56] Client Local Address:192.168.1.105
[Debug] [2026-4-27 22:55:56] Client Local Address:192.168.220.1
[Debug] [2026-4-27 22:55:56] Client Local Address:192.168.128.1
[Debug] [2026-4-27 22:55:56] Client Local Address:172.31.29.160
[Debug] [2026-4-27 22:55:56] Client Local Address:172.24.48.1
[Debug] [2026-4-27 22:55:56] Server Address:127.0.0.1, Port:65420
[Debug] [2026-4-27 22:55:56] Log::Print : Connecting to server[127.0.0.1 : 65420].
[Info] [2026-4-27 22:55:56] Connect OK, Server: 127.0.0.1  Port: 65420
[Debug] [2026-4-27 22:55:56] Finish.
[Info] [2026-4-27 22:55:56] Connect server succeeded
[Debug] [2026-4-27 22:55:56] Send RPC:1
[Debug] [2026-4-27 22:55:56] Send cmd [check version information:40004] OK
[Debug] [2026-4-27 22:55:56] Log::Print : Connect to server[127.0.0.1 : 65420] successfully.
[Debug] [2026-4-27 22:55:57] Send RPC:2
[Debug] [2026-4-27 22:55:57] Send cmd [get_cable_paras:40010] OK
[Debug] [2026-4-27 22:55:57] Begin to send initialize chain cmd...
[Debug] [2026-4-27 22:55:57] Send RPC:3
[Debug] [2026-4-27 22:55:57] Send cmd [Open config cable:20001] OK
[Debug] [2026-4-27 22:55:57] End to send initialize chain cmd.
[Debug] [2026-4-27 22:55:57] COMMAND[check version information] execute successfully, takes 0.6 secs.
[Debug] [2026-4-27 22:55:57] Log::Print : COMMAND[check version information] execute successfully, takes 0.6 secs.
[Debug] [2026-4-27 22:55:58] COMMAND[get_cable_paras] execute successfully, takes 1.3 secs.
[Debug] [2026-4-27 22:55:58] Log::Print : The cable List : 
Cable index 0:USB Cable II/fffffffffffffffe 

[Debug] [2026-4-27 22:55:58] Log::Print : COMMAND[get_cable_paras] execute successfully, takes 1.3 secs.
[Debug] [2026-4-27 22:55:59] begin the exec of open cable cmd...
[Debug] [2026-4-27 22:55:59] Begin to deal with chain from server...
[Debug] [2026-4-27 22:55:59] Begin to set user chain...
[Debug] [2026-4-27 22:55:59] End to set user chain.
[Debug] [2026-4-27 22:55:59] Begin to update graphic item and tree item ...
[Debug] [2026-4-27 22:55:59] End to update graphic item and tree item ...
[Debug] [2026-4-27 22:55:59] Log::Print : PANGO USB CABLE II cable driver: D2XX DLL
[Debug] [2026-4-27 22:55:59] Log::Print : PG2L100H
[Debug] [2026-4-27 22:55:59] Log::Print : This device configure situation (done bit): 1
[Info] [2026-4-27 22:56:00] set OpenLastPath: D:/ZGTC/Work/ccc/generate_bitstream/hdmi_ddr_ov5640_top.sbit
[Debug] [2026-4-27 22:56:00] begin to get device info from CFG file...
[Debug] [2026-4-27 22:56:00] end to get device info from CFG file...
[Debug] [2026-4-27 22:56:00] Begin to update graphic item and tree item ...
[Debug] [2026-4-27 22:56:00] End to update graphic item and tree item ...
[Debug] [2026-4-27 22:56:00] Begin to update graphic item and tree item ...
[Debug] [2026-4-27 22:56:00] End to update graphic item and tree item ...
[Debug] [2026-4-27 22:56:00] End to deal wiht chain from server.
[Debug] [2026-4-27 22:56:00] end the exec of open cable cmd.
[Debug] [2026-4-27 22:56:00] COMMAND[Open config cable] execute successfully, takes 3.5 secs.
[Debug] [2026-4-27 22:56:01] Log::Print : COMMAND[Open config cable] execute successfully, takes 3.5 secs.
[Debug] [2026-4-27 22:56:03] Begin to send programming cmd...
[Debug] [2026-4-27 22:56:03] Send RPC:4
[Debug] [2026-4-27 22:56:03] Begin to send program data.
[Debug] [2026-4-27 22:56:03] End to send program data.
[Debug] [2026-4-27 22:56:03] Send cmd [Program:20002] OK
[Debug] [2026-4-27 22:56:03] The value of Progress is 6
[Debug] [2026-4-27 22:56:03] The value of Progress is 10
[Debug] [2026-4-27 22:56:03] The value of Progress is 15
[Debug] [2026-4-27 22:56:03] The value of Progress is 20
[Debug] [2026-4-27 22:56:04] The value of Progress is 25
[Debug] [2026-4-27 22:56:04] The value of Progress is 30
[Debug] [2026-4-27 22:56:04] The value of Progress is 35
[Debug] [2026-4-27 22:56:04] The value of Progress is 40
[Debug] [2026-4-27 22:56:04] The value of Progress is 45
[Debug] [2026-4-27 22:56:04] The value of Progress is 50
[Debug] [2026-4-27 22:56:04] The value of Progress is 55
[Debug] [2026-4-27 22:56:05] The value of Progress is 60
[Debug] [2026-4-27 22:56:05] The value of Progress is 65
[Debug] [2026-4-27 22:56:05] The value of Progress is 70
[Debug] [2026-4-27 22:56:05] The value of Progress is 75
[Debug] [2026-4-27 22:56:05] The value of Progress is 80
[Debug] [2026-4-27 22:56:05] The value of Progress is 85
[Debug] [2026-4-27 22:56:06] The value of Progress is 90
[Debug] [2026-4-27 22:56:06] The value of Progress is 95
[Debug] [2026-4-27 22:56:06] The value of Progress is 100
[Debug] [2026-4-27 22:56:08] COMMAND[Program] execute successfully, takes 5.9 secs.
[Debug] [2026-4-27 22:56:08] End to send programming cmd.
[Debug] [2026-4-27 22:56:09] Log::Print : The done bit is 1
[Debug] [2026-4-27 22:56:09] Log::Print : COMMAND[Program] execute successfully, takes 5.9 secs.
[Debug] [2026-4-27 22:56:23] Begin to send reset fpga cmd...
[Debug] [2026-4-27 22:56:23] Send RPC:5
[Debug] [2026-4-27 22:56:23] Send cmd [Reset FPGA:20025] OK
[Debug] [2026-4-27 22:56:23] End to send reset fpga cmd.
[Debug] [2026-4-27 22:56:23] COMMAND[Reset FPGA] execute successfully, takes 0.4 secs.
[Debug] [2026-4-27 22:56:23] Log::Print : COMMAND[Reset FPGA] execute successfully, takes 0.4 secs.
[Info] [2026-4-27 22:58:51] /***************************End Configration***************************/
