#Build: Fabric Compiler 2022.2-SP6.4, Build 146967, Jan 31 01:39 2024
#Install: D:\ZGTC\pango\PDS_2022.2-SP6.4\bin
#Application name: pds_shell.exe
#OS: Windows 10 10.0.26200
#Hostname: LAPTOP-F5RA6Q1A
Generated by Fabric Compiler (version 2022.2-SP6.4 build 146967) at Mon Apr 27 16:50:11 2026
Compiling verification operator library.
Compiling common defs.
Loading technology operator library.
Compiling technology operator library.
Compiling technology operator (valence) library.
Compiling operator packing rules.
Compiling prim grid devices.
Compiling gate devices.
Compiling gate operators.
Compiling tech operator impls.
Building architecture model.
Loading device packaging model.
License checkout: fabric_inserter from D:\ZGTC\pango\PDS_2022.2-SP6.4\license\new_pds_F4A80DA47D72.lic
W: Adm-4019: Unable to further flatten instance 'u_video_process'. The design is empty.
Generating cores. Please be patient as this can take several minutes...
  >Generating core DebugCore0...
  >Running ADS for debugcore...
  >Making net connections...
Core Insertion Complete.
C: SDC-2025: Clock source 'n:coms1_reg_config/clock_20k' need a clock constraint, please use 'create_clock' or 'create_generate_clock' to generate.
C: SDC-2025: Clock source 'n:coms2_reg_config/clock_20k' need a clock constraint, please use 'create_clock' or 'create_generate_clock' to generate.
Flattening design 'hdmi_ddr_ov5640_top'
W: Public-4008: Instance 'u_CORES/u_debug_core_0/u_hub_data_decode/conf_rden[1]' of 'GTP_DFF_C' unit is dangling and will be cleaned.
W: Public-4008: Instance 'u_CORES/u_debug_core_0/u_hub_data_decode/conf_rden[2]' of 'GTP_DFF_C' unit is dangling and will be cleaned.
W: Public-4008: Instance 'u_CORES/u_debug_core_0/u_hub_data_decode/conf_rden[3]' of 'GTP_DFF_C' unit is dangling and will be cleaned.
W: Public-4008: Instance 'u_CORES/u_debug_core_0/u_hub_data_decode/conf_rden[4]' of 'GTP_DFF_C' unit is dangling and will be cleaned.
W: Public-4008: Instance 'u_CORES/u_debug_core_0/u_hub_data_decode/conf_rden[5]' of 'GTP_DFF_C' unit is dangling and will be cleaned.
W: Public-4008: Instance 'u_CORES/u_debug_core_0/u_hub_data_decode/conf_rden[6]' of 'GTP_DFF_C' unit is dangling and will be cleaned.
W: Public-4008: Instance 'u_CORES/u_debug_core_0/u_hub_data_decode/conf_rden[7]' of 'GTP_DFF_C' unit is dangling and will be cleaned.
W: Public-4008: Instance 'u_CORES/u_debug_core_0/u_hub_data_decode/conf_rden[8]' of 'GTP_DFF_C' unit is dangling and will be cleaned.
W: Public-4008: Instance 'u_CORES/u_debug_core_0/u_hub_data_decode/conf_rden[9]' of 'GTP_DFF_C' unit is dangling and will be cleaned.
W: Public-4008: Instance 'u_CORES/u_debug_core_0/u_hub_data_decode/conf_rden[10]' of 'GTP_DFF_C' unit is dangling and will be cleaned.
W: Public-4008: Instance 'u_CORES/u_debug_core_0/u_hub_data_decode/conf_rden[11]' of 'GTP_DFF_C' unit is dangling and will be cleaned.
W: Public-4008: Instance 'u_CORES/u_debug_core_0/u_hub_data_decode/conf_rden[12]' of 'GTP_DFF_C' unit is dangling and will be cleaned.
W: Public-4008: Instance 'u_CORES/u_debug_core_0/u_hub_data_decode/conf_rden[13]' of 'GTP_DFF_C' unit is dangling and will be cleaned.
W: Public-4008: Instance 'u_CORES/u_debug_core_0/u_hub_data_decode/conf_rden[14]' of 'GTP_DFF_C' unit is dangling and will be cleaned.
W: Public-4008: Instance 'u_CORES/u_debug_core_0/u_hub_data_decode/conf_rden[15]' of 'GTP_DFF_C' unit is dangling and will be cleaned.
W: Public-4008: Instance 'u_CORES/u_debug_core_0/u_hub_data_decode/conf_rden[17]' of 'GTP_DFF_C' unit is dangling and will be cleaned.
W: Public-4008: Instance 'u_CORES/u_debug_core_0/u_hub_data_decode/conf_rden[19]' of 'GTP_DFF_C' unit is dangling and will be cleaned.
W: Public-4008: Instance 'u_CORES/u_debug_core_0/u_hub_data_decode/conf_sel_int[1]' of 'GTP_DFF_C' unit is dangling and will be cleaned.
W: Public-4008: Instance 'u_CORES/u_debug_core_0/u_hub_data_decode/conf_sel_int[2]' of 'GTP_DFF_C' unit is dangling and will be cleaned.
W: Public-4008: Instance 'u_CORES/u_debug_core_0/u_hub_data_decode/conf_sel_int[3]' of 'GTP_DFF_C' unit is dangling and will be cleaned.
W: Public-4008: Instance 'u_CORES/u_debug_core_0/u_hub_data_decode/conf_sel_int[4]' of 'GTP_DFF_C' unit is dangling and will be cleaned.
W: Public-4008: Instance 'u_CORES/u_debug_core_0/u_hub_data_decode/conf_sel_int[5]' of 'GTP_DFF_C' unit is dangling and will be cleaned.
W: Public-4008: Instance 'u_CORES/u_debug_core_0/u_hub_data_decode/conf_sel_int[6]' of 'GTP_DFF_C' unit is dangling and will be cleaned.
W: Public-4008: Instance 'u_CORES/u_debug_core_0/u_hub_data_decode/conf_sel_int[7]' of 'GTP_DFF_C' unit is dangling and will be cleaned.
W: Public-4008: Instance 'u_CORES/u_debug_core_0/u_hub_data_decode/conf_sel_int[8]' of 'GTP_DFF_C' unit is dangling and will be cleaned.
W: Public-4008: Instance 'u_CORES/u_debug_core_0/u_hub_data_decode/conf_sel_int[9]' of 'GTP_DFF_C' unit is dangling and will be cleaned.
W: Public-4008: Instance 'u_CORES/u_debug_core_0/u_hub_data_decode/conf_sel_int[10]' of 'GTP_DFF_C' unit is dangling and will be cleaned.
W: Public-4008: Instance 'u_CORES/u_debug_core_0/u_hub_data_decode/conf_sel_int[11]' of 'GTP_DFF_C' unit is dangling and will be cleaned.
W: Public-4008: Instance 'u_CORES/u_debug_core_0/u_hub_data_decode/conf_sel_int[12]' of 'GTP_DFF_C' unit is dangling and will be cleaned.
W: Public-4008: Instance 'u_CORES/u_debug_core_0/u_hub_data_decode/conf_sel_int[13]' of 'GTP_DFF_C' unit is dangling and will be cleaned.
W: Public-4008: Instance 'u_CORES/u_debug_core_0/u_hub_data_decode/conf_sel_int[14]' of 'GTP_DFF_C' unit is dangling and will be cleaned.
W: Public-4008: Instance 'u_CORES/u_debug_core_0/u_hub_data_decode/conf_sel_int[15]' of 'GTP_DFF_C' unit is dangling and will be cleaned.
W: Public-4008: Instance 'u_CORES/u_debug_core_0/u_hub_data_decode/conf_sel_int[17]' of 'GTP_DFF_C' unit is dangling and will be cleaned.
W: Public-4008: Instance 'u_CORES/u_debug_core_0/u_hub_data_decode/conf_sel_int[19]' of 'GTP_DFF_C' unit is dangling and will be cleaned.
W: Public-4008: Instance 'u_ddr3_test_h/u_ddrphy_top/ddrphy_reset_ctrl/ddrphy_ioclk_gate[2]' of 'GTP_DFF_P' unit is dangling and will be cleaned.
W: Public-4008: Instance 'u_ddr3_test_h/u_ddrphy_top/ddrphy_calib_top/ddrphy_wrcal/wrcal_move_en[4]' of 'GTP_DFF_C' unit is dangling and will be cleaned.
W: Public-4008: Instance 'u_ddr3_test_h/u_ddrphy_top/ddrphy_calib_top/ddrphy_wrcal/wrcal_move_en[5]' of 'GTP_DFF_C' unit is dangling and will be cleaned.
W: Public-4008: Instance 'u_ddr3_test_h/u_ddrphy_top/ddrphy_calib_top/ddrphy_wrcal/wrcal_move_en[6]' of 'GTP_DFF_C' unit is dangling and will be cleaned.
W: Public-4008: Instance 'u_ddr3_test_h/u_ddrphy_top/ddrphy_calib_top/ddrphy_wrcal/wrcal_move_en[7]' of 'GTP_DFF_C' unit is dangling and will be cleaned.
W: Public-4008: Instance 'u_ddr3_test_h/u_ddrphy_top/ddrphy_calib_top/ddrphy_wrcal/wrcal_move_en[8]' of 'GTP_DFF_C' unit is dangling and will be cleaned.
W: Public-4008: Instance 'u_ddr3_test_h/u_ddrphy_top/ddrphy_calib_top/ddrphy_wrcal/write_calibration[4]' of 'GTP_DFF_C' unit is dangling and will be cleaned.
W: Public-4008: Instance 'u_ddr3_test_h/u_ddrphy_top/ddrphy_calib_top/ddrphy_wrcal/write_calibration[5]' of 'GTP_DFF_C' unit is dangling and will be cleaned.
W: Public-4008: Instance 'u_ddr3_test_h/u_ddrphy_top/ddrphy_calib_top/ddrphy_wrcal/write_calibration[6]' of 'GTP_DFF_C' unit is dangling and will be cleaned.
W: Public-4008: Instance 'u_ddr3_test_h/u_ddrphy_top/ddrphy_calib_top/ddrphy_wrcal/write_calibration[7]' of 'GTP_DFF_C' unit is dangling and will be cleaned.
W: Public-4008: Instance 'u_ddr3_test_h/u_ddrphy_top/ddrphy_calib_top/ddrphy_wrcal/write_calibration[8]' of 'GTP_DFF_C' unit is dangling and will be cleaned.
W: Public-4008: Instance 'user_axi_m_arbitration/user_rw_fifo_ctrl0/user_read_ddr_fifo/U_ipm2l_fifo_read_ddr_fifo/U_ipm2l_fifo_ctrl/ASYN_CTRL.rptr[0]' of 'GTP_DFF_C' unit is dangling and will be cleaned.
W: Public-4008: Instance 'user_axi_m_arbitration/user_rw_fifo_ctrl0/user_read_ddr_fifo/U_ipm2l_fifo_read_ddr_fifo/U_ipm2l_fifo_ctrl/ASYN_CTRL.rptr[1]' of 'GTP_DFF_C' unit is dangling and will be cleaned.
W: Public-4008: Instance 'user_axi_m_arbitration/user_rw_fifo_ctrl0/user_read_ddr_fifo/U_ipm2l_fifo_read_ddr_fifo/U_ipm2l_fifo_ctrl/ASYN_CTRL.rptr[2]' of 'GTP_DFF_C' unit is dangling and will be cleaned.
W: Public-4008: Instance 'user_axi_m_arbitration/user_rw_fifo_ctrl0/user_read_ddr_fifo/U_ipm2l_fifo_read_ddr_fifo/U_ipm2l_fifo_ctrl/ASYN_CTRL.wrptr1[0]' of 'GTP_DFF_C' unit is dangling and will be cleaned.
W: Public-4008: Instance 'user_axi_m_arbitration/user_rw_fifo_ctrl0/user_read_ddr_fifo/U_ipm2l_fifo_read_ddr_fifo/U_ipm2l_fifo_ctrl/ASYN_CTRL.wrptr1[1]' of 'GTP_DFF_C' unit is dangling and will be cleaned.
W: Public-4008: Instance 'user_axi_m_arbitration/user_rw_fifo_ctrl0/user_read_ddr_fifo/U_ipm2l_fifo_read_ddr_fifo/U_ipm2l_fifo_ctrl/ASYN_CTRL.wrptr1[2]' of 'GTP_DFF_C' unit is dangling and will be cleaned.
W: Public-4008: Instance 'user_axi_m_arbitration/user_rw_fifo_ctrl0/user_write_ddr_fifo/U_ipm2l_fifo_write_ddr_fifo/U_ipm2l_fifo_ctrl/ASYN_CTRL.rwptr1[0]' of 'GTP_DFF_C' unit is dangling and will be cleaned.
W: Public-4008: Instance 'user_axi_m_arbitration/user_rw_fifo_ctrl0/user_write_ddr_fifo/U_ipm2l_fifo_write_ddr_fifo/U_ipm2l_fifo_ctrl/ASYN_CTRL.rwptr1[1]' of 'GTP_DFF_C' unit is dangling and will be cleaned.
W: Public-4008: Instance 'user_axi_m_arbitration/user_rw_fifo_ctrl0/user_write_ddr_fifo/U_ipm2l_fifo_write_ddr_fifo/U_ipm2l_fifo_ctrl/ASYN_CTRL.rwptr1[2]' of 'GTP_DFF_C' unit is dangling and will be cleaned.
W: Public-4008: Instance 'user_axi_m_arbitration/user_rw_fifo_ctrl0/user_write_ddr_fifo/U_ipm2l_fifo_write_ddr_fifo/U_ipm2l_fifo_ctrl/ASYN_CTRL.wptr[0]' of 'GTP_DFF_C' unit is dangling and will be cleaned.
W: Public-4008: Instance 'user_axi_m_arbitration/user_rw_fifo_ctrl0/user_write_ddr_fifo/U_ipm2l_fifo_write_ddr_fifo/U_ipm2l_fifo_ctrl/ASYN_CTRL.wptr[1]' of 'GTP_DFF_C' unit is dangling and will be cleaned.
W: Public-4008: Instance 'user_axi_m_arbitration/user_rw_fifo_ctrl0/user_write_ddr_fifo/U_ipm2l_fifo_write_ddr_fifo/U_ipm2l_fifo_ctrl/ASYN_CTRL.wptr[2]' of 'GTP_DFF_C' unit is dangling and will be cleaned.
W: Public-4008: Instance 'user_axi_m_arbitration/user_rw_fifo_ctrl1/user_read_ddr_fifo/U_ipm2l_fifo_read_ddr_fifo/U_ipm2l_fifo_ctrl/ASYN_CTRL.rptr[0]' of 'GTP_DFF_C' unit is dangling and will be cleaned.
W: Public-4008: Instance 'user_axi_m_arbitration/user_rw_fifo_ctrl1/user_read_ddr_fifo/U_ipm2l_fifo_read_ddr_fifo/U_ipm2l_fifo_ctrl/ASYN_CTRL.rptr[1]' of 'GTP_DFF_C' unit is dangling and will be cleaned.
W: Public-4008: Instance 'user_axi_m_arbitration/user_rw_fifo_ctrl1/user_read_ddr_fifo/U_ipm2l_fifo_read_ddr_fifo/U_ipm2l_fifo_ctrl/ASYN_CTRL.rptr[2]' of 'GTP_DFF_C' unit is dangling and will be cleaned.
W: Public-4008: Instance 'user_axi_m_arbitration/user_rw_fifo_ctrl1/user_read_ddr_fifo/U_ipm2l_fifo_read_ddr_fifo/U_ipm2l_fifo_ctrl/ASYN_CTRL.wrptr1[0]' of 'GTP_DFF_C' unit is dangling and will be cleaned.
W: Public-4008: Instance 'user_axi_m_arbitration/user_rw_fifo_ctrl1/user_read_ddr_fifo/U_ipm2l_fifo_read_ddr_fifo/U_ipm2l_fifo_ctrl/ASYN_CTRL.wrptr1[1]' of 'GTP_DFF_C' unit is dangling and will be cleaned.
W: Public-4008: Instance 'user_axi_m_arbitration/user_rw_fifo_ctrl1/user_read_ddr_fifo/U_ipm2l_fifo_read_ddr_fifo/U_ipm2l_fifo_ctrl/ASYN_CTRL.wrptr1[2]' of 'GTP_DFF_C' unit is dangling and will be cleaned.
W: Public-4008: Instance 'user_axi_m_arbitration/user_rw_fifo_ctrl1/user_write_ddr_fifo/U_ipm2l_fifo_write_ddr_fifo/U_ipm2l_fifo_ctrl/ASYN_CTRL.rwptr1[0]' of 'GTP_DFF_C' unit is dangling and will be cleaned.
W: Public-4008: Instance 'user_axi_m_arbitration/user_rw_fifo_ctrl1/user_write_ddr_fifo/U_ipm2l_fifo_write_ddr_fifo/U_ipm2l_fifo_ctrl/ASYN_CTRL.rwptr1[1]' of 'GTP_DFF_C' unit is dangling and will be cleaned.
W: Public-4008: Instance 'user_axi_m_arbitration/user_rw_fifo_ctrl1/user_write_ddr_fifo/U_ipm2l_fifo_write_ddr_fifo/U_ipm2l_fifo_ctrl/ASYN_CTRL.rwptr1[2]' of 'GTP_DFF_C' unit is dangling and will be cleaned.
W: Public-4008: Instance 'user_axi_m_arbitration/user_rw_fifo_ctrl1/user_write_ddr_fifo/U_ipm2l_fifo_write_ddr_fifo/U_ipm2l_fifo_ctrl/ASYN_CTRL.wptr[0]' of 'GTP_DFF_C' unit is dangling and will be cleaned.
W: Public-4008: Instance 'user_axi_m_arbitration/user_rw_fifo_ctrl1/user_write_ddr_fifo/U_ipm2l_fifo_write_ddr_fifo/U_ipm2l_fifo_ctrl/ASYN_CTRL.wptr[1]' of 'GTP_DFF_C' unit is dangling and will be cleaned.
W: Public-4008: Instance 'user_axi_m_arbitration/user_rw_fifo_ctrl1/user_write_ddr_fifo/U_ipm2l_fifo_write_ddr_fifo/U_ipm2l_fifo_ctrl/ASYN_CTRL.wptr[2]' of 'GTP_DFF_C' unit is dangling and will be cleaned.
W: Public-4008: Instance 'user_axi_m_arbitration/user_rw_fifo_ctrl2/user_read_ddr_fifo/U_ipm2l_fifo_read_ddr_fifo/U_ipm2l_fifo_ctrl/ASYN_CTRL.rptr[0]' of 'GTP_DFF_C' unit is dangling and will be cleaned.
W: Public-4008: Instance 'user_axi_m_arbitration/user_rw_fifo_ctrl2/user_read_ddr_fifo/U_ipm2l_fifo_read_ddr_fifo/U_ipm2l_fifo_ctrl/ASYN_CTRL.rptr[1]' of 'GTP_DFF_C' unit is dangling and will be cleaned.
W: Public-4008: Instance 'user_axi_m_arbitration/user_rw_fifo_ctrl2/user_read_ddr_fifo/U_ipm2l_fifo_read_ddr_fifo/U_ipm2l_fifo_ctrl/ASYN_CTRL.rptr[2]' of 'GTP_DFF_C' unit is dangling and will be cleaned.
W: Public-4008: Instance 'user_axi_m_arbitration/user_rw_fifo_ctrl2/user_read_ddr_fifo/U_ipm2l_fifo_read_ddr_fifo/U_ipm2l_fifo_ctrl/ASYN_CTRL.wrptr1[0]' of 'GTP_DFF_C' unit is dangling and will be cleaned.
W: Public-4008: Instance 'user_axi_m_arbitration/user_rw_fifo_ctrl2/user_read_ddr_fifo/U_ipm2l_fifo_read_ddr_fifo/U_ipm2l_fifo_ctrl/ASYN_CTRL.wrptr1[1]' of 'GTP_DFF_C' unit is dangling and will be cleaned.
W: Public-4008: Instance 'user_axi_m_arbitration/user_rw_fifo_ctrl2/user_read_ddr_fifo/U_ipm2l_fifo_read_ddr_fifo/U_ipm2l_fifo_ctrl/ASYN_CTRL.wrptr1[2]' of 'GTP_DFF_C' unit is dangling and will be cleaned.
W: Public-4008: Instance 'user_axi_m_arbitration/user_rw_fifo_ctrl2/user_write_ddr_fifo/U_ipm2l_fifo_write_ddr_fifo/U_ipm2l_fifo_ctrl/ASYN_CTRL.rwptr1[0]' of 'GTP_DFF_C' unit is dangling and will be cleaned.
W: Public-4008: Instance 'user_axi_m_arbitration/user_rw_fifo_ctrl2/user_write_ddr_fifo/U_ipm2l_fifo_write_ddr_fifo/U_ipm2l_fifo_ctrl/ASYN_CTRL.rwptr1[1]' of 'GTP_DFF_C' unit is dangling and will be cleaned.
W: Public-4008: Instance 'user_axi_m_arbitration/user_rw_fifo_ctrl2/user_write_ddr_fifo/U_ipm2l_fifo_write_ddr_fifo/U_ipm2l_fifo_ctrl/ASYN_CTRL.rwptr1[2]' of 'GTP_DFF_C' unit is dangling and will be cleaned.
W: Public-4008: Instance 'user_axi_m_arbitration/user_rw_fifo_ctrl2/user_write_ddr_fifo/U_ipm2l_fifo_write_ddr_fifo/U_ipm2l_fifo_ctrl/ASYN_CTRL.wptr[0]' of 'GTP_DFF_C' unit is dangling and will be cleaned.
W: Public-4008: Instance 'user_axi_m_arbitration/user_rw_fifo_ctrl2/user_write_ddr_fifo/U_ipm2l_fifo_write_ddr_fifo/U_ipm2l_fifo_ctrl/ASYN_CTRL.wptr[1]' of 'GTP_DFF_C' unit is dangling and will be cleaned.
W: Public-4008: Instance 'user_axi_m_arbitration/user_rw_fifo_ctrl2/user_write_ddr_fifo/U_ipm2l_fifo_write_ddr_fifo/U_ipm2l_fifo_ctrl/ASYN_CTRL.wptr[2]' of 'GTP_DFF_C' unit is dangling and will be cleaned.
W: Public-4008: Instance 'user_axi_m_arbitration/user_rw_fifo_ctrl3/user_read_ddr_fifo/U_ipm2l_fifo_read_ddr_fifo/U_ipm2l_fifo_ctrl/ASYN_CTRL.rptr[0]' of 'GTP_DFF_C' unit is dangling and will be cleaned.
W: Public-4008: Instance 'user_axi_m_arbitration/user_rw_fifo_ctrl3/user_read_ddr_fifo/U_ipm2l_fifo_read_ddr_fifo/U_ipm2l_fifo_ctrl/ASYN_CTRL.rptr[1]' of 'GTP_DFF_C' unit is dangling and will be cleaned.
W: Public-4008: Instance 'user_axi_m_arbitration/user_rw_fifo_ctrl3/user_read_ddr_fifo/U_ipm2l_fifo_read_ddr_fifo/U_ipm2l_fifo_ctrl/ASYN_CTRL.rptr[2]' of 'GTP_DFF_C' unit is dangling and will be cleaned.
W: Public-4008: Instance 'user_axi_m_arbitration/user_rw_fifo_ctrl3/user_read_ddr_fifo/U_ipm2l_fifo_read_ddr_fifo/U_ipm2l_fifo_ctrl/ASYN_CTRL.wrptr1[0]' of 'GTP_DFF_C' unit is dangling and will be cleaned.
W: Public-4008: Instance 'user_axi_m_arbitration/user_rw_fifo_ctrl3/user_read_ddr_fifo/U_ipm2l_fifo_read_ddr_fifo/U_ipm2l_fifo_ctrl/ASYN_CTRL.wrptr1[1]' of 'GTP_DFF_C' unit is dangling and will be cleaned.
W: Public-4008: Instance 'user_axi_m_arbitration/user_rw_fifo_ctrl3/user_read_ddr_fifo/U_ipm2l_fifo_read_ddr_fifo/U_ipm2l_fifo_ctrl/ASYN_CTRL.wrptr1[2]' of 'GTP_DFF_C' unit is dangling and will be cleaned.
W: Public-4008: Instance 'user_axi_m_arbitration/user_rw_fifo_ctrl3/user_write_ddr_fifo/U_ipm2l_fifo_write_ddr_fifo/U_ipm2l_fifo_ctrl/ASYN_CTRL.rwptr1[0]' of 'GTP_DFF_C' unit is dangling and will be cleaned.
W: Public-4008: Instance 'user_axi_m_arbitration/user_rw_fifo_ctrl3/user_write_ddr_fifo/U_ipm2l_fifo_write_ddr_fifo/U_ipm2l_fifo_ctrl/ASYN_CTRL.rwptr1[1]' of 'GTP_DFF_C' unit is dangling and will be cleaned.
W: Public-4008: Instance 'user_axi_m_arbitration/user_rw_fifo_ctrl3/user_write_ddr_fifo/U_ipm2l_fifo_write_ddr_fifo/U_ipm2l_fifo_ctrl/ASYN_CTRL.rwptr1[2]' of 'GTP_DFF_C' unit is dangling and will be cleaned.
W: Public-4008: Instance 'user_axi_m_arbitration/user_rw_fifo_ctrl3/user_write_ddr_fifo/U_ipm2l_fifo_write_ddr_fifo/U_ipm2l_fifo_ctrl/ASYN_CTRL.wptr[0]' of 'GTP_DFF_C' unit is dangling and will be cleaned.
W: Public-4008: Instance 'user_axi_m_arbitration/user_rw_fifo_ctrl3/user_write_ddr_fifo/U_ipm2l_fifo_write_ddr_fifo/U_ipm2l_fifo_ctrl/ASYN_CTRL.wptr[1]' of 'GTP_DFF_C' unit is dangling and will be cleaned.
W: Public-4008: Instance 'user_axi_m_arbitration/user_rw_fifo_ctrl3/user_write_ddr_fifo/U_ipm2l_fifo_write_ddr_fifo/U_ipm2l_fifo_ctrl/ASYN_CTRL.wptr[2]' of 'GTP_DFF_C' unit is dangling and will be cleaned.
Device mapping started.
Optimizing circuit logic.
W: Public-4008: Instance 'eth0_img_pkt/udp_pkt_cnt[1]' of 'GTP_DFF_CE' unit is dangling and will be cleaned.
W: Public-4008: Instance 'eth0_img_pkt/udp_pkt_cnt[2]' of 'GTP_DFF_CE' unit is dangling and will be cleaned.
W: Public-4008: Instance 'eth0_img_pkt/udp_pkt_cnt[3]' of 'GTP_DFF_CE' unit is dangling and will be cleaned.
W: Public-4008: Instance 'eth0_img_pkt/udp_pkt_cnt[4]' of 'GTP_DFF_CE' unit is dangling and will be cleaned.
W: Public-4008: Instance 'eth0_img_pkt/udp_pkt_cnt[5]' of 'GTP_DFF_CE' unit is dangling and will be cleaned.
W: Public-4008: Instance 'eth0_img_pkt/udp_pkt_cnt[6]' of 'GTP_DFF_CE' unit is dangling and will be cleaned.
W: Public-4008: Instance 'eth0_img_pkt/udp_pkt_cnt[7]' of 'GTP_DFF_CE' unit is dangling and will be cleaned.
W: Public-4008: Instance 'eth0_img_pkt/udp_pkt_cnt[8]' of 'GTP_DFF_CE' unit is dangling and will be cleaned.
W: Public-4008: Instance 'eth0_img_pkt/udp_pkt_cnt[9]' of 'GTP_DFF_CE' unit is dangling and will be cleaned.
W: Public-4008: Instance 'eth0_img_pkt/udp_pkt_cnt[10]' of 'GTP_DFF_CE' unit is dangling and will be cleaned.
W: Public-4008: Instance 'hdmi_video_zoom/de_in_cnt[0]' of 'GTP_DFF_RE' unit is dangling and will be cleaned.
W: Public-4008: Instance 'hdmi_video_zoom/de_in_cnt[1]' of 'GTP_DFF_RE' unit is dangling and will be cleaned.
W: Public-4008: Instance 'hdmi_video_zoom/de_in_cnt[2]' of 'GTP_DFF_RE' unit is dangling and will be cleaned.
W: Public-4008: Instance 'hdmi_video_zoom/de_in_cnt[3]' of 'GTP_DFF_RE' unit is dangling and will be cleaned.
W: Public-4008: Instance 'hdmi_video_zoom/de_in_cnt[4]' of 'GTP_DFF_RE' unit is dangling and will be cleaned.
W: Public-4008: Instance 'hdmi_video_zoom/de_in_cnt[5]' of 'GTP_DFF_RE' unit is dangling and will be cleaned.
W: Public-4008: Instance 'hdmi_video_zoom/de_in_cnt[6]' of 'GTP_DFF_RE' unit is dangling and will be cleaned.
W: Public-4008: Instance 'hdmi_video_zoom/de_in_cnt[7]' of 'GTP_DFF_RE' unit is dangling and will be cleaned.
W: Public-4008: Instance 'hdmi_video_zoom/de_in_cnt[8]' of 'GTP_DFF_RE' unit is dangling and will be cleaned.
W: Public-4008: Instance 'hdmi_video_zoom/de_in_cnt[9]' of 'GTP_DFF_RE' unit is dangling and will be cleaned.
W: Public-4008: Instance 'hdmi_video_zoom/de_in_cnt[10]' of 'GTP_DFF_RE' unit is dangling and will be cleaned.
W: Public-4008: Instance 'hdmi_video_zoom/de_in_cnt[11]' of 'GTP_DFF_RE' unit is dangling and will be cleaned.
W: Public-4008: Instance 'hdmi_video_zoom/de_in_d1' of 'GTP_DFF_R' unit is dangling and will be cleaned.
W: Public-4008: Instance 'hdmi_video_zoom/de_in_state' of 'GTP_DFF' unit is dangling and will be cleaned.
W: Public-4008: Instance 'hdmi_video_zoom/de_out_cnt[0]' of 'GTP_DFF_RE' unit is dangling and will be cleaned.
W: Public-4008: Instance 'hdmi_video_zoom/de_out_cnt[1]' of 'GTP_DFF_RE' unit is dangling and will be cleaned.
W: Public-4008: Instance 'hdmi_video_zoom/de_out_cnt[2]' of 'GTP_DFF_RE' unit is dangling and will be cleaned.
W: Public-4008: Instance 'hdmi_video_zoom/de_out_cnt[3]' of 'GTP_DFF_RE' unit is dangling and will be cleaned.
W: Public-4008: Instance 'hdmi_video_zoom/de_out_cnt[4]' of 'GTP_DFF_RE' unit is dangling and will be cleaned.
W: Public-4008: Instance 'hdmi_video_zoom/de_out_cnt[5]' of 'GTP_DFF_RE' unit is dangling and will be cleaned.
W: Public-4008: Instance 'hdmi_video_zoom/de_out_cnt[6]' of 'GTP_DFF_RE' unit is dangling and will be cleaned.
W: Public-4008: Instance 'hdmi_video_zoom/de_out_cnt[7]' of 'GTP_DFF_RE' unit is dangling and will be cleaned.
W: Public-4008: Instance 'hdmi_video_zoom/de_out_cnt[8]' of 'GTP_DFF_RE' unit is dangling and will be cleaned.
W: Public-4008: Instance 'hdmi_video_zoom/de_out_cnt[9]' of 'GTP_DFF_RE' unit is dangling and will be cleaned.
W: Public-4008: Instance 'hdmi_video_zoom/de_out_cnt[10]' of 'GTP_DFF_RE' unit is dangling and will be cleaned.
W: Public-4008: Instance 'hdmi_video_zoom/de_out_cnt[11]' of 'GTP_DFF_RE' unit is dangling and will be cleaned.
W: Public-4008: Instance 'hdmi_video_zoom/de_out_ff[0]' of 'GTP_DFF_R' unit is dangling and will be cleaned.
W: Public-4008: Instance 'hdmi_video_zoom/de_out_ff[1]' of 'GTP_DFF_R' unit is dangling and will be cleaned.
W: Public-4008: Instance 'hdmi_video_zoom/de_out_ff[2]' of 'GTP_DFF_R' unit is dangling and will be cleaned.
W: Public-4008: Instance 'hdmi_video_zoom/de_out_ff[3]' of 'GTP_DFF_R' unit is dangling and will be cleaned.
W: Public-4008: Instance 'hdmi_video_zoom/de_out_ff[4]' of 'GTP_DFF_R' unit is dangling and will be cleaned.
W: Public-4008: Instance 'hdmi_video_zoom/de_out_ff[5]' of 'GTP_DFF_R' unit is dangling and will be cleaned.
W: Public-4008: Instance 'hdmi_video_zoom/de_out_ff[6]' of 'GTP_DFF_R' unit is dangling and will be cleaned.
W: Public-4008: Instance 'hdmi_video_zoom/de_out_ff[7]' of 'GTP_DFF_R' unit is dangling and will be cleaned.
W: Public-4008: Instance 'hdmi_video_zoom/de_out_ff[8]' of 'GTP_DFF_R' unit is dangling and will be cleaned.
W: Public-4008: Instance 'hdmi_video_zoom/de_out_ff[9]' of 'GTP_DFF_R' unit is dangling and will be cleaned.
W: Public-4008: Instance 'hdmi_video_zoom/de_out_ff[10]' of 'GTP_DFF_R' unit is dangling and will be cleaned.
W: Public-4008: Instance 'hdmi_video_zoom/de_out_ff[11]' of 'GTP_DFF_R' unit is dangling and will be cleaned.
W: Public-4008: Instance 'hdmi_video_zoom/de_out_ff[12]' of 'GTP_DFF_R' unit is dangling and will be cleaned.
W: Public-4008: Instance 'hdmi_video_zoom/de_out_ff[13]' of 'GTP_DFF_R' unit is dangling and will be cleaned.
W: Public-4008: Instance 'hdmi_video_zoom/de_out_ff[14]' of 'GTP_DFF_R' unit is dangling and will be cleaned.
W: Public-4008: Instance 'hdmi_video_zoom/de_out_ff[15]' of 'GTP_DFF_R' unit is dangling and will be cleaned.
W: Public-4008: Instance 'hdmi_video_zoom/de_out_ff[16]' of 'GTP_DFF_R' unit is dangling and will be cleaned.
W: Public-4008: Instance 'hdmi_video_zoom/de_out_ff[17]' of 'GTP_DFF_R' unit is dangling and will be cleaned.
W: Public-4008: Instance 'hdmi_video_zoom/de_out_ff[18]' of 'GTP_DFF_R' unit is dangling and will be cleaned.
W: Public-4008: Instance 'hdmi_video_zoom/de_out_ff[19]' of 'GTP_DFF_R' unit is dangling and will be cleaned.
W: Public-4008: Instance 'hdmi_video_zoom/pix_cnt[0]' of 'GTP_DFF_R' unit is dangling and will be cleaned.
W: Public-4008: Instance 'hdmi_video_zoom/pix_cnt[1]' of 'GTP_DFF_R' unit is dangling and will be cleaned.
W: Public-4008: Instance 'hdmi_video_zoom/pix_cnt[2]' of 'GTP_DFF_R' unit is dangling and will be cleaned.
W: Public-4008: Instance 'hdmi_video_zoom/pix_cnt[3]' of 'GTP_DFF_R' unit is dangling and will be cleaned.
W: Public-4008: Instance 'hdmi_video_zoom/pix_cnt[4]' of 'GTP_DFF_R' unit is dangling and will be cleaned.
W: Public-4008: Instance 'hdmi_video_zoom/pix_cnt[5]' of 'GTP_DFF_R' unit is dangling and will be cleaned.
W: Public-4008: Instance 'hdmi_video_zoom/pix_cnt[6]' of 'GTP_DFF_R' unit is dangling and will be cleaned.
W: Public-4008: Instance 'hdmi_video_zoom/pix_cnt[7]' of 'GTP_DFF_R' unit is dangling and will be cleaned.
W: Public-4008: Instance 'hdmi_video_zoom/pix_cnt[8]' of 'GTP_DFF_R' unit is dangling and will be cleaned.
W: Public-4008: Instance 'hdmi_video_zoom/pix_cnt[9]' of 'GTP_DFF_R' unit is dangling and will be cleaned.
W: Public-4008: Instance 'hdmi_video_zoom/pix_cnt[10]' of 'GTP_DFF_R' unit is dangling and will be cleaned.
W: Public-4008: Instance 'hdmi_video_zoom/ram0_rd_oce' of 'GTP_DFF' unit is dangling and will be cleaned.
W: Public-4008: Instance 'sync_vg/y_act[0]' of 'GTP_DFF_R' unit is dangling and will be cleaned.
W: Public-4008: Instance 'sync_vg/y_act[1]' of 'GTP_DFF_R' unit is dangling and will be cleaned.
W: Public-4008: Instance 'u_rgmii_interface/mac_rx_error' of 'GTP_DFF' unit is dangling and will be cleaned.
W: Public-4008: Instance 'user_axi_m_arbitration/r_x_act_d0[0]' of 'GTP_DFF_R' unit is dangling and will be cleaned.
W: Public-4008: Instance 'user_axi_m_arbitration/r_x_act_d0[1]' of 'GTP_DFF_R' unit is dangling and will be cleaned.
W: Public-4008: Instance 'user_axi_m_arbitration/r_x_act_d0[2]' of 'GTP_DFF_R' unit is dangling and will be cleaned.
W: Public-4008: Instance 'user_axi_m_arbitration/r_x_act_d0[3]' of 'GTP_DFF_R' unit is dangling and will be cleaned.
W: Public-4008: Instance 'user_axi_m_arbitration/r_x_act_d0[4]' of 'GTP_DFF_R' unit is dangling and will be cleaned.
W: Public-4008: Instance 'user_axi_m_arbitration/r_x_act_d0[5]' of 'GTP_DFF_R' unit is dangling and will be cleaned.
W: Public-4008: Instance 'user_axi_m_arbitration/r_x_act_d0[6]' of 'GTP_DFF_R' unit is dangling and will be cleaned.
W: Public-4008: Instance 'user_axi_m_arbitration/r_x_act_d0[7]' of 'GTP_DFF_R' unit is dangling and will be cleaned.
W: Public-4008: Instance 'user_axi_m_arbitration/r_x_act_d0[8]' of 'GTP_DFF_R' unit is dangling and will be cleaned.
W: Public-4008: Instance 'user_axi_m_arbitration/r_x_act_d0[9]' of 'GTP_DFF_R' unit is dangling and will be cleaned.
W: Public-4008: Instance 'user_axi_m_arbitration/r_x_act_d0[10]' of 'GTP_DFF_R' unit is dangling and will be cleaned.
W: Public-4008: Instance 'user_axi_m_arbitration/r_x_act_d0[11]' of 'GTP_DFF_R' unit is dangling and will be cleaned.
W: Public-4008: Instance 'user_axi_m_arbitration/r_y_act_d0[0]' of 'GTP_DFF_R' unit is dangling and will be cleaned.
W: Public-4008: Instance 'user_axi_m_arbitration/r_y_act_d0[1]' of 'GTP_DFF_R' unit is dangling and will be cleaned.
W: Public-4008: Instance 'user_axi_m_arbitration/r_y_act_d0[2]' of 'GTP_DFF_R' unit is dangling and will be cleaned.
W: Public-4008: Instance 'user_axi_m_arbitration/r_y_act_d0[3]' of 'GTP_DFF_R' unit is dangling and will be cleaned.
W: Public-4008: Instance 'user_axi_m_arbitration/r_y_act_d0[4]' of 'GTP_DFF_R' unit is dangling and will be cleaned.
W: Public-4008: Instance 'user_axi_m_arbitration/r_y_act_d0[5]' of 'GTP_DFF_R' unit is dangling and will be cleaned.
W: Public-4008: Instance 'user_axi_m_arbitration/r_y_act_d0[6]' of 'GTP_DFF_R' unit is dangling and will be cleaned.
W: Public-4008: Instance 'user_axi_m_arbitration/r_y_act_d0[7]' of 'GTP_DFF_R' unit is dangling and will be cleaned.
W: Public-4008: Instance 'user_axi_m_arbitration/r_y_act_d0[8]' of 'GTP_DFF_R' unit is dangling and will be cleaned.
W: Public-4008: Instance 'user_axi_m_arbitration/r_y_act_d0[9]' of 'GTP_DFF_R' unit is dangling and will be cleaned.
W: Public-4008: Instance 'user_axi_m_arbitration/r_y_act_d0[10]' of 'GTP_DFF_R' unit is dangling and will be cleaned.
W: Public-4008: Instance 'user_axi_m_arbitration/r_y_act_d0[11]' of 'GTP_DFF_R' unit is dangling and will be cleaned.
W: Public-4008: Instance 'ms72xx_ctl/U1_ms7200_ctl/freq_rec[0]' of 'GTP_DFF_RE' unit is dangling and will be cleaned.
W: Public-4008: Instance 'ms72xx_ctl/U1_ms7200_ctl/freq_rec[1]' of 'GTP_DFF_RE' unit is dangling and will be cleaned.
W: Public-4008: Instance 'ms72xx_ctl/U1_ms7200_ctl/freq_rec_1d[0]' of 'GTP_DFF' unit is dangling and will be cleaned.
W: Public-4008: Instance 'ms72xx_ctl/U1_ms7200_ctl/freq_rec_1d[1]' of 'GTP_DFF' unit is dangling and will be cleaned.
W: Public-4008: Instance 'ms72xx_ctl/U1_ms7200_ctl/freq_rec_1d[2]' of 'GTP_DFF' unit is dangling and will be cleaned.
W: Public-4008: Instance 'ms72xx_ctl/U1_ms7200_ctl/freq_rec_1d[3]' of 'GTP_DFF' unit is dangling and will be cleaned.
W: Public-4008: Instance 'ms72xx_ctl/U1_ms7200_ctl/freq_rec_1d[4]' of 'GTP_DFF' unit is dangling and will be cleaned.
W: Public-4008: Instance 'ms72xx_ctl/U1_ms7200_ctl/freq_rec_1d[5]' of 'GTP_DFF' unit is dangling and will be cleaned.
W: Public-4008: Instance 'ms72xx_ctl/U1_ms7200_ctl/freq_rec_1d[6]' of 'GTP_DFF' unit is dangling and will be cleaned.
W: Public-4008: Instance 'ms72xx_ctl/U1_ms7200_ctl/freq_rec_1d[7]' of 'GTP_DFF' unit is dangling and will be cleaned.
W: Public-4008: Instance 'ms72xx_ctl/U1_ms7200_ctl/freq_rec_1d[8]' of 'GTP_DFF' unit is dangling and will be cleaned.
W: Public-4008: Instance 'ms72xx_ctl/U1_ms7200_ctl/freq_rec_1d[9]' of 'GTP_DFF' unit is dangling and will be cleaned.
W: Public-4008: Instance 'ms72xx_ctl/U1_ms7200_ctl/freq_rec_1d[10]' of 'GTP_DFF' unit is dangling and will be cleaned.
W: Public-4008: Instance 'ms72xx_ctl/U1_ms7200_ctl/freq_rec_1d[11]' of 'GTP_DFF' unit is dangling and will be cleaned.
W: Public-4008: Instance 'ms72xx_ctl/U1_ms7200_ctl/freq_rec_1d[12]' of 'GTP_DFF' unit is dangling and will be cleaned.
W: Public-4008: Instance 'ms72xx_ctl/U1_ms7200_ctl/freq_rec_1d[13]' of 'GTP_DFF' unit is dangling and will be cleaned.
W: Public-4008: Instance 'ms72xx_ctl/U1_ms7200_ctl/freq_rec_1d[14]' of 'GTP_DFF' unit is dangling and will be cleaned.
W: Public-4008: Instance 'ms72xx_ctl/U1_ms7200_ctl/freq_rec_1d[15]' of 'GTP_DFF' unit is dangling and will be cleaned.
W: Public-4008: Instance 'ms72xx_ctl/U1_ms7200_ctl/freq_rec_1d[18]' of 'GTP_DFF' unit is dangling and will be cleaned.
W: Public-4008: Instance 'ms72xx_ctl/U1_ms7200_ctl/freq_rec_1d[19]' of 'GTP_DFF' unit is dangling and will be cleaned.
W: Public-4008: Instance 'ms72xx_ctl/U1_ms7200_ctl/freq_rec_1d[20]' of 'GTP_DFF' unit is dangling and will be cleaned.
W: Public-4008: Instance 'ms72xx_ctl/U1_ms7200_ctl/freq_rec_1d[21]' of 'GTP_DFF' unit is dangling and will be cleaned.
W: Public-4008: Instance 'ms72xx_ctl/U1_ms7200_ctl/freq_rec_1d[22]' of 'GTP_DFF' unit is dangling and will be cleaned.
W: Public-4008: Instance 'ms72xx_ctl/U1_ms7200_ctl/freq_rec_1d[23]' of 'GTP_DFF' unit is dangling and will be cleaned.
W: Public-4008: Instance 'ms72xx_ctl/U1_ms7200_ctl/freq_rec_1d[24]' of 'GTP_DFF' unit is dangling and will be cleaned.
W: Public-4008: Instance 'ms72xx_ctl/U1_ms7200_ctl/freq_rec_1d[25]' of 'GTP_DFF' unit is dangling and will be cleaned.
W: Public-4008: Instance 'ms72xx_ctl/U1_ms7200_ctl/freq_rec_1d[26]' of 'GTP_DFF' unit is dangling and will be cleaned.
W: Public-4008: Instance 'ms72xx_ctl/U1_ms7200_ctl/freq_rec_1d[27]' of 'GTP_DFF' unit is dangling and will be cleaned.
W: Public-4008: Instance 'ms72xx_ctl/U1_ms7200_ctl/freq_rec_1d[28]' of 'GTP_DFF' unit is dangling and will be cleaned.
W: Public-4008: Instance 'ms72xx_ctl/U1_ms7200_ctl/freq_rec_1d[29]' of 'GTP_DFF' unit is dangling and will be cleaned.
W: Public-4008: Instance 'ms72xx_ctl/U1_ms7200_ctl/freq_rec_1d[30]' of 'GTP_DFF' unit is dangling and will be cleaned.
W: Public-4008: Instance 'ms72xx_ctl/U1_ms7200_ctl/freq_rec_1d[31]' of 'GTP_DFF' unit is dangling and will be cleaned.
W: Public-4008: Instance 'ms72xx_ctl/U1_ms7200_ctl/freq_rec[2]' of 'GTP_DFF_RE' unit is dangling and will be cleaned.
W: Public-4008: Instance 'ms72xx_ctl/U1_ms7200_ctl/freq_rec_2d[0]' of 'GTP_DFF_E' unit is dangling and will be cleaned.
W: Public-4008: Instance 'ms72xx_ctl/U1_ms7200_ctl/freq_rec_2d[1]' of 'GTP_DFF_E' unit is dangling and will be cleaned.
W: Public-4008: Instance 'ms72xx_ctl/U1_ms7200_ctl/freq_rec_2d[2]' of 'GTP_DFF_E' unit is dangling and will be cleaned.
W: Public-4008: Instance 'ms72xx_ctl/U1_ms7200_ctl/freq_rec_2d[3]' of 'GTP_DFF_E' unit is dangling and will be cleaned.
W: Public-4008: Instance 'ms72xx_ctl/U1_ms7200_ctl/freq_rec_2d[4]' of 'GTP_DFF_E' unit is dangling and will be cleaned.
W: Public-4008: Instance 'ms72xx_ctl/U1_ms7200_ctl/freq_rec_2d[5]' of 'GTP_DFF_E' unit is dangling and will be cleaned.
W: Public-4008: Instance 'ms72xx_ctl/U1_ms7200_ctl/freq_rec_2d[6]' of 'GTP_DFF_E' unit is dangling and will be cleaned.
W: Public-4008: Instance 'ms72xx_ctl/U1_ms7200_ctl/freq_rec_2d[7]' of 'GTP_DFF_E' unit is dangling and will be cleaned.
W: Public-4008: Instance 'ms72xx_ctl/U1_ms7200_ctl/freq_rec_2d[8]' of 'GTP_DFF_E' unit is dangling and will be cleaned.
W: Public-4008: Instance 'ms72xx_ctl/U1_ms7200_ctl/freq_rec_2d[9]' of 'GTP_DFF_E' unit is dangling and will be cleaned.
W: Public-4008: Instance 'ms72xx_ctl/U1_ms7200_ctl/freq_rec_2d[10]' of 'GTP_DFF_E' unit is dangling and will be cleaned.
W: Public-4008: Instance 'ms72xx_ctl/U1_ms7200_ctl/freq_rec_2d[11]' of 'GTP_DFF_E' unit is dangling and will be cleaned.
W: Public-4008: Instance 'ms72xx_ctl/U1_ms7200_ctl/freq_rec_2d[12]' of 'GTP_DFF_E' unit is dangling and will be cleaned.
W: Public-4008: Instance 'ms72xx_ctl/U1_ms7200_ctl/freq_rec_2d[13]' of 'GTP_DFF_E' unit is dangling and will be cleaned.
W: Public-4008: Instance 'ms72xx_ctl/U1_ms7200_ctl/freq_rec_2d[14]' of 'GTP_DFF_E' unit is dangling and will be cleaned.
W: Public-4008: Instance 'ms72xx_ctl/U1_ms7200_ctl/freq_rec_2d[15]' of 'GTP_DFF_E' unit is dangling and will be cleaned.
W: Public-4008: Instance 'ms72xx_ctl/U1_ms7200_ctl/freq_rec_2d[18]' of 'GTP_DFF_E' unit is dangling and will be cleaned.
W: Public-4008: Instance 'ms72xx_ctl/U1_ms7200_ctl/freq_rec_2d[19]' of 'GTP_DFF_E' unit is dangling and will be cleaned.
W: Public-4008: Instance 'ms72xx_ctl/U1_ms7200_ctl/freq_rec_2d[20]' of 'GTP_DFF_E' unit is dangling and will be cleaned.
W: Public-4008: Instance 'ms72xx_ctl/U1_ms7200_ctl/freq_rec_2d[21]' of 'GTP_DFF_E' unit is dangling and will be cleaned.
W: Public-4008: Instance 'ms72xx_ctl/U1_ms7200_ctl/freq_rec_2d[22]' of 'GTP_DFF_E' unit is dangling and will be cleaned.
W: Public-4008: Instance 'ms72xx_ctl/U1_ms7200_ctl/freq_rec_2d[23]' of 'GTP_DFF_E' unit is dangling and will be cleaned.
W: Public-4008: Instance 'ms72xx_ctl/U1_ms7200_ctl/freq_rec_2d[24]' of 'GTP_DFF_E' unit is dangling and will be cleaned.
W: Public-4008: Instance 'ms72xx_ctl/U1_ms7200_ctl/freq_rec_2d[25]' of 'GTP_DFF_E' unit is dangling and will be cleaned.
W: Public-4008: Instance 'ms72xx_ctl/U1_ms7200_ctl/freq_rec_2d[26]' of 'GTP_DFF_E' unit is dangling and will be cleaned.
W: Public-4008: Instance 'ms72xx_ctl/U1_ms7200_ctl/freq_rec_2d[27]' of 'GTP_DFF_E' unit is dangling and will be cleaned.
W: Public-4008: Instance 'ms72xx_ctl/U1_ms7200_ctl/freq_rec_2d[28]' of 'GTP_DFF_E' unit is dangling and will be cleaned.
W: Public-4008: Instance 'ms72xx_ctl/U1_ms7200_ctl/freq_rec_2d[29]' of 'GTP_DFF_E' unit is dangling and will be cleaned.
W: Public-4008: Instance 'ms72xx_ctl/U1_ms7200_ctl/freq_rec_2d[30]' of 'GTP_DFF_E' unit is dangling and will be cleaned.
W: Public-4008: Instance 'ms72xx_ctl/U1_ms7200_ctl/freq_rec_2d[31]' of 'GTP_DFF_E' unit is dangling and will be cleaned.
W: Public-4008: Instance 'ms72xx_ctl/U1_ms7200_ctl/freq_rec[3]' of 'GTP_DFF_RE' unit is dangling and will be cleaned.
W: Public-4008: Instance 'ms72xx_ctl/U1_ms7200_ctl/freq_rec[4]' of 'GTP_DFF_RE' unit is dangling and will be cleaned.
W: Public-4008: Instance 'ms72xx_ctl/U1_ms7200_ctl/freq_rec[5]' of 'GTP_DFF_RE' unit is dangling and will be cleaned.
W: Public-4008: Instance 'ms72xx_ctl/U1_ms7200_ctl/freq_rec[6]' of 'GTP_DFF_RE' unit is dangling and will be cleaned.
W: Public-4008: Instance 'ms72xx_ctl/U1_ms7200_ctl/freq_rec[7]' of 'GTP_DFF_RE' unit is dangling and will be cleaned.
W: Public-4008: Instance 'ms72xx_ctl/U1_ms7200_ctl/freq_rec[8]' of 'GTP_DFF_RE' unit is dangling and will be cleaned.
W: Public-4008: Instance 'ms72xx_ctl/U1_ms7200_ctl/freq_rec[9]' of 'GTP_DFF_RE' unit is dangling and will be cleaned.
W: Public-4008: Instance 'ms72xx_ctl/U1_ms7200_ctl/freq_rec[10]' of 'GTP_DFF_RE' unit is dangling and will be cleaned.
W: Public-4008: Instance 'ms72xx_ctl/U1_ms7200_ctl/freq_rec[11]' of 'GTP_DFF_RE' unit is dangling and will be cleaned.
W: Public-4008: Instance 'ms72xx_ctl/U1_ms7200_ctl/freq_rec[12]' of 'GTP_DFF_RE' unit is dangling and will be cleaned.
W: Public-4008: Instance 'ms72xx_ctl/U1_ms7200_ctl/freq_rec[13]' of 'GTP_DFF_RE' unit is dangling and will be cleaned.
W: Public-4008: Instance 'ms72xx_ctl/U1_ms7200_ctl/freq_rec[14]' of 'GTP_DFF_RE' unit is dangling and will be cleaned.
W: Public-4008: Instance 'ms72xx_ctl/U1_ms7200_ctl/freq_rec[15]' of 'GTP_DFF_RE' unit is dangling and will be cleaned.
W: Public-4008: Instance 'ms72xx_ctl/U1_ms7200_ctl/freq_rec[18]' of 'GTP_DFF_RE' unit is dangling and will be cleaned.
W: Public-4008: Instance 'ms72xx_ctl/U1_ms7200_ctl/freq_rec[19]' of 'GTP_DFF_RE' unit is dangling and will be cleaned.
W: Public-4008: Instance 'ms72xx_ctl/U1_ms7200_ctl/freq_rec[20]' of 'GTP_DFF_RE' unit is dangling and will be cleaned.
W: Public-4008: Instance 'ms72xx_ctl/U1_ms7200_ctl/freq_rec[21]' of 'GTP_DFF_RE' unit is dangling and will be cleaned.
W: Public-4008: Instance 'ms72xx_ctl/U1_ms7200_ctl/freq_rec[22]' of 'GTP_DFF_RE' unit is dangling and will be cleaned.
W: Public-4008: Instance 'ms72xx_ctl/U1_ms7200_ctl/freq_rec[23]' of 'GTP_DFF_RE' unit is dangling and will be cleaned.
W: Public-4008: Instance 'ms72xx_ctl/U1_ms7200_ctl/freq_rec[24]' of 'GTP_DFF_RE' unit is dangling and will be cleaned.
W: Public-4008: Instance 'ms72xx_ctl/U1_ms7200_ctl/freq_rec[25]' of 'GTP_DFF_RE' unit is dangling and will be cleaned.
W: Public-4008: Instance 'ms72xx_ctl/U1_ms7200_ctl/freq_rec[26]' of 'GTP_DFF_RE' unit is dangling and will be cleaned.
W: Public-4008: Instance 'ms72xx_ctl/U1_ms7200_ctl/freq_rec[27]' of 'GTP_DFF_RE' unit is dangling and will be cleaned.
W: Public-4008: Instance 'ms72xx_ctl/U1_ms7200_ctl/freq_rec[28]' of 'GTP_DFF_RE' unit is dangling and will be cleaned.
W: Public-4008: Instance 'ms72xx_ctl/U1_ms7200_ctl/freq_rec[29]' of 'GTP_DFF_RE' unit is dangling and will be cleaned.
W: Public-4008: Instance 'ms72xx_ctl/U1_ms7200_ctl/freq_rec[30]' of 'GTP_DFF_RE' unit is dangling and will be cleaned.
W: Public-4008: Instance 'ms72xx_ctl/U1_ms7200_ctl/freq_rec[31]' of 'GTP_DFF_RE' unit is dangling and will be cleaned.
W: Public-4008: Instance 'u_udp/u_udp_rx/rec_byte_num[0]' of 'GTP_DFF_CE' unit is dangling and will be cleaned.
W: Public-4008: Instance 'u_udp/u_udp_rx/rec_byte_num[1]' of 'GTP_DFF_CE' unit is dangling and will be cleaned.
W: Public-4008: Instance 'u_udp/u_udp_rx/rec_byte_num[2]' of 'GTP_DFF_CE' unit is dangling and will be cleaned.
W: Public-4008: Instance 'u_udp/u_udp_rx/rec_byte_num[3]' of 'GTP_DFF_CE' unit is dangling and will be cleaned.
W: Public-4008: Instance 'u_udp/u_udp_rx/rec_byte_num[4]' of 'GTP_DFF_CE' unit is dangling and will be cleaned.
W: Public-4008: Instance 'u_udp/u_udp_rx/rec_byte_num[5]' of 'GTP_DFF_CE' unit is dangling and will be cleaned.
W: Public-4008: Instance 'u_udp/u_udp_rx/rec_byte_num[6]' of 'GTP_DFF_CE' unit is dangling and will be cleaned.
W: Public-4008: Instance 'u_udp/u_udp_rx/rec_byte_num[7]' of 'GTP_DFF_CE' unit is dangling and will be cleaned.
W: Public-4008: Instance 'u_udp/u_udp_rx/rec_byte_num[8]' of 'GTP_DFF_CE' unit is dangling and will be cleaned.
W: Public-4008: Instance 'u_udp/u_udp_rx/rec_byte_num[9]' of 'GTP_DFF_CE' unit is dangling and will be cleaned.
W: Public-4008: Instance 'u_udp/u_udp_rx/rec_byte_num[10]' of 'GTP_DFF_CE' unit is dangling and will be cleaned.
W: Public-4008: Instance 'u_udp/u_udp_rx/rec_byte_num[11]' of 'GTP_DFF_CE' unit is dangling and will be cleaned.
W: Public-4008: Instance 'u_udp/u_udp_rx/rec_byte_num[12]' of 'GTP_DFF_CE' unit is dangling and will be cleaned.
W: Public-4008: Instance 'u_udp/u_udp_rx/rec_byte_num[13]' of 'GTP_DFF_CE' unit is dangling and will be cleaned.
W: Public-4008: Instance 'u_udp/u_udp_rx/rec_byte_num[14]' of 'GTP_DFF_CE' unit is dangling and will be cleaned.
W: Public-4008: Instance 'u_udp/u_udp_rx/rec_byte_num[15]' of 'GTP_DFF_CE' unit is dangling and will be cleaned.
W: Public-4008: Instance 'u_udp/u_udp_rx/rec_pkt_done' of 'GTP_DFF_C' unit is dangling and will be cleaned.
W: Public-4008: Instance 'user_axi_m_arbitration/user_rw_fifo_ctrl0/user_read_ddr_fifo/U_ipm2l_fifo_read_ddr_fifo/U_ipm2l_fifo_ctrl/wr_water_level[0]' of 'GTP_DFF_C' unit is dangling and will be cleaned.
W: Public-4008: Instance 'user_axi_m_arbitration/user_rw_fifo_ctrl0/user_read_ddr_fifo/U_ipm2l_fifo_read_ddr_fifo/U_ipm2l_fifo_ctrl/wr_water_level[1]' of 'GTP_DFF_C' unit is dangling and will be cleaned.
W: Public-4008: Instance 'user_axi_m_arbitration/user_rw_fifo_ctrl0/user_read_ddr_fifo/U_ipm2l_fifo_read_ddr_fifo/U_ipm2l_fifo_ctrl/wr_water_level[2]' of 'GTP_DFF_C' unit is dangling and will be cleaned.
W: Public-4008: Instance 'user_axi_m_arbitration/user_rw_fifo_ctrl1/user_read_ddr_fifo/U_ipm2l_fifo_read_ddr_fifo/U_ipm2l_fifo_ctrl/wr_water_level[0]' of 'GTP_DFF_C' unit is dangling and will be cleaned.
W: Public-4008: Instance 'user_axi_m_arbitration/user_rw_fifo_ctrl1/user_read_ddr_fifo/U_ipm2l_fifo_read_ddr_fifo/U_ipm2l_fifo_ctrl/wr_water_level[1]' of 'GTP_DFF_C' unit is dangling and will be cleaned.
W: Public-4008: Instance 'user_axi_m_arbitration/user_rw_fifo_ctrl1/user_read_ddr_fifo/U_ipm2l_fifo_read_ddr_fifo/U_ipm2l_fifo_ctrl/wr_water_level[2]' of 'GTP_DFF_C' unit is dangling and will be cleaned.
W: Public-4008: Instance 'user_axi_m_arbitration/user_rw_fifo_ctrl2/user_read_ddr_fifo/U_ipm2l_fifo_read_ddr_fifo/U_ipm2l_fifo_ctrl/wr_water_level[0]' of 'GTP_DFF_C' unit is dangling and will be cleaned.
W: Public-4008: Instance 'user_axi_m_arbitration/user_rw_fifo_ctrl2/user_read_ddr_fifo/U_ipm2l_fifo_read_ddr_fifo/U_ipm2l_fifo_ctrl/wr_water_level[1]' of 'GTP_DFF_C' unit is dangling and will be cleaned.
W: Public-4008: Instance 'user_axi_m_arbitration/user_rw_fifo_ctrl2/user_read_ddr_fifo/U_ipm2l_fifo_read_ddr_fifo/U_ipm2l_fifo_ctrl/wr_water_level[2]' of 'GTP_DFF_C' unit is dangling and will be cleaned.
W: Public-4008: Instance 'user_axi_m_arbitration/user_rw_fifo_ctrl3/user_read_ddr_fifo/U_ipm2l_fifo_read_ddr_fifo/U_ipm2l_fifo_ctrl/wr_water_level[0]' of 'GTP_DFF_C' unit is dangling and will be cleaned.
W: Public-4008: Instance 'user_axi_m_arbitration/user_rw_fifo_ctrl3/user_read_ddr_fifo/U_ipm2l_fifo_read_ddr_fifo/U_ipm2l_fifo_ctrl/wr_water_level[1]' of 'GTP_DFF_C' unit is dangling and will be cleaned.
W: Public-4008: Instance 'user_axi_m_arbitration/user_rw_fifo_ctrl3/user_read_ddr_fifo/U_ipm2l_fifo_read_ddr_fifo/U_ipm2l_fifo_ctrl/wr_water_level[2]' of 'GTP_DFF_C' unit is dangling and will be cleaned.
Checking design netlist.
Processing tech operator.
I: The instance clkbufg_3(GTP_CLKBUFG) has been inserted on the net rgmii_clk_watch in design, driver pin CLKOUT0(instance watch_clock/u_gpll) -> load pin CLK(instance ETH_led).
I: The instance clkbufg_4(GTP_CLKBUFG) has been inserted on the net nt_pix_clk_out in design, driver pin CLKOUT0(instance u_pll/u_gpll) -> load pin CLK(instance de_out_cnt[0]).
I: The instance clkbufg_5(GTP_CLKBUFG) has been inserted on the net nt_pix_clk_in in design, driver pin O(instance pix_clk_in_ibuf) -> load pin CLK(instance hdmi_video_zoom/bilinear_interpolation_cnt[0]).
I: The instance clkbufg_6(GTP_CLKBUFG) has been inserted on the net u_CORES/drck_o in design, driver pin TCK_USER(instance u_CORES/u_GTP_SCANCHAIN_PG) -> load pin CLK(instance u_CORES/u_debug_core_0/u0_trig_unit/conf_reg[0]).
I: The instance clkbufg_7(GTP_CLKBUFG) has been inserted on the net cfg_clk in design, driver pin CLKOUT0(instance cmos_pll/u_gpll) -> load pin CLKA(instance ms72xx_ctl/U1_ms7200_ctl/N1219_3_concat_3).
I: The instance clkbufg_8(GTP_CLKBUFG) has been inserted on the net nt_cmos1_pclk in design, driver pin O(instance cmos1_pclk_ibuf) -> load pin CLK(instance cmos1_8_16bit/cnt[0]).
I: The instance clkbufg_9(GTP_CLKBUFG) has been inserted on the net nt_cmos2_pclk in design, driver pin O(instance cmos2_pclk_ibuf) -> load pin CLK(instance cmos2_8_16bit/cnt[0]).
I: The instance clkbufg_10(GTP_CLKBUFG) has been inserted on the net nt_sys_clk in design, driver pin O(instance sys_clk_ibuf) -> load pin CLK(instance power_on_delay_inst/camera_pwnd_reg).
I: The instance clkbufg_11(GTP_CLKBUFG) has been inserted on the net clk_25M in design, driver pin CLKOUT1(instance cmos_pll/u_gpll) -> load pin CLK(instance coms1_reg_config/clock_20k).
C: DeviceMap-2011: The net rgmii_clk_90p has both clock instance u_rgmii_interface/GTP_CLKBUFG_RXSHFT(GTP_CLKBUFG) loader and other clock pin loader.
Converting tech operator to gate operator.
Processing gate operator.
I: Infer CARRY group, base inst: N153_0_0/gateop, insts:12.
I: Infer CARRY group, base inst: N196_0_1/gateop, insts:13.
I: Infer CARRY group, base inst: N553_0_1/gateop, insts:24.
I: Infer CARRY group, base inst: N600_0_1/gateop, insts:24.
I: Infer CARRY group, base inst: N654_30/gateop, insts:5.
I: Infer CARRY group, base inst: cmos1_8_16bit/N10_3/gateop, insts:2.
I: Infer CARRY group, base inst: cmos2_8_16bit/N10_3/gateop, insts:2.
I: Infer CARRY group, base inst: coms1_reg_config/N11_2_1/gateop, insts:10.
I: Infer CARRY group, base inst: u_ddr3_test_h/u_ips_ddrc_top/mcdq_dcp_top/mcdq_dcp_buf/A_ips2l_distributed_fifo/u_ips2l_distributed_fifo_distributed_fifo_v1_0/u_ips2l_distributed_fifo_ctr/N24_1.fsub_0/gateop, insts:7.
I: Infer CARRY group, base inst: u_ddr3_test_h/u_ips_ddrc_top/mcdq_dcp_top/mcdq_dcp_buf/A_ips2l_distributed_fifo/u_ips2l_distributed_fifo_distributed_fifo_v1_0/u_ips2l_distributed_fifo_ctr/N30.fsub_0/gateop, insts:7.
I: Infer CARRY group, base inst: u_ddr3_test_h/u_ips_ddrc_top/mcdq_dcp_top/mcdq_dcp_buf/B_ips2l_distributed_fifo/u_ips2l_distributed_fifo_distributed_fifo_v1_0/u_ips2l_distributed_fifo_ctr/N24_1.fsub_0/gateop, insts:7.
I: Infer CARRY group, base inst: u_ddr3_test_h/u_ips_ddrc_top/mcdq_dcp_top/mcdq_dcp_buf/B_ips2l_distributed_fifo/u_ips2l_distributed_fifo_distributed_fifo_v1_0/u_ips2l_distributed_fifo_ctr/N30.fsub_0/gateop, insts:7.
I: Infer CARRY group, base inst: u_ddr3_test_h/u_ips_ddrc_top/mcdq_rdatapath/mcdq_prefetch_fifo/ips2l_distributed_fifo/u_ips2l_distributed_fifo_distributed_fifo_v1_0/u_ips2l_distributed_fifo_ctr/N36.eq_0/gateop, insts:3.
I: Infer CARRY group, base inst: eth0_img_pkt/N32_1_1/gateop, insts:31.
I: Infer CARRY group, base inst: eth0_img_pkt/N38_1_1/gateop, insts:15.
I: Infer CARRY group, base inst: eth0_img_pkt/N89.lt_0/gateop, insts:4.
I: Infer CARRY group, base inst: eth0_img_pkt/N241_1_1/gateop, insts:10.
I: Infer CARRY group, base inst: eth0_img_rec/N40_1_1/gateop, insts:20.
I: Infer CARRY group, base inst: hdmi_video_zoom/N47/gateop, insts:2.
I: Infer CARRY group, base inst: hdmi_video_zoom/N109_1_1/gateop, insts:9.
I: Infer CARRY group, base inst: hdmi_video_zoom/N556_1_1/gateop, insts:9.
I: Infer CARRY group, base inst: hdmi_video_zoom/N559_mux3_6/gateop, insts:2.
I: Infer CARRY group, base inst: hdmi_video_zoom/N1374_1/gateop, insts:10.
I: Infer CARRY group, base inst: hdmi_video_zoom/N1375_1/gateop, insts:10.
I: Infer CARRY group, base inst: hdmi_video_zoom/N1376_1/gateop, insts:10.
I: Infer CARRY group, base inst: hdmi_video_zoom/N1377_1_0/gateop, insts:10.
I: Infer CARRY group, base inst: hdmi_video_zoom/N1378_1_1/gateop, insts:9.
I: Infer CARRY group, base inst: hdmi_video_zoom/N1379_1_0/gateop, insts:10.
I: Infer CARRY group, base inst: hdmi_video_zoom/N1380_1_1/gateop, insts:9.
I: Infer CARRY group, base inst: hdmi_video_zoom/N1381_1_0/gateop, insts:10.
I: Infer CARRY group, base inst: hdmi_video_zoom/N1382_1_1/gateop, insts:9.
I: Infer CARRY group, base inst: hdmi_video_zoom/interpolation_data_state_reg_3_10/gateop, insts:2.
I: Infer CARRY group, base inst: ms72xx_ctl/N14/gateop, insts:2.
I: Infer CARRY group, base inst: power_on_delay_inst/N5_1_1/gateop, insts:18.
I: Infer CARRY group, base inst: power_on_delay_inst/N15_mux15_12/gateop, insts:2.
I: Infer CARRY group, base inst: power_on_delay_inst/N17_1_1/gateop, insts:15.
I: Infer CARRY group, base inst: sync_vg/N8_1_1/gateop, insts:11.
I: Infer CARRY group, base inst: sync_vg/N24_1_1/gateop, insts:10.
I: Infer CARRY group, base inst: sync_vg/N102_1.fsub_1/gateop, insts:11.
I: Infer CARRY group, base inst: ms72xx_ctl/U1_ms7200_ctl/N1339_1/gateop, insts:2.
I: Infer CARRY group, base inst: ms72xx_ctl/U1_ms7200_ctl/N1872_1/gateop, insts:2.
I: Infer CARRY group, base inst: ms72xx_ctl/U1_ms7200_ctl/N1879_3/gateop, insts:3.
I: Infer CARRY group, base inst: ms72xx_ctl/U1_ms7200_ctl/N1953/gateop, insts:3.
I: Infer CARRY group, base inst: ms72xx_ctl/U1_ms7200_ctl/N1989_1_or[0]_2/gateop, insts:2.
I: Infer CARRY group, base inst: ms72xx_ctl/U2_ms7210_ctl/N2/gateop, insts:2.
I: Infer CARRY group, base inst: ms72xx_ctl/U2_ms7210_ctl/N98_1_1/gateop, insts:21.
I: Infer CARRY group, base inst: ms72xx_ctl/U2_ms7210_ctl/N403_21/gateop, insts:2.
I: Infer CARRY group, base inst: ms72xx_ctl/iic_dri/N461_9_and[6][1]/gateop, insts:2.
I: Infer CARRY group, base inst: ms72xx_ctl/iic_dri/N461_9_and[7][1]/gateop, insts:2.
I: Infer CARRY group, base inst: u_udp/u_udp_rx/N226_1.fsub_1/gateop, insts:12.
I: Infer CARRY group, base inst: u_udp/u_udp_rx/N245_1_1/gateop, insts:15.
I: Infer CARRY group, base inst: u_udp/u_udp_rx/N249_1.fsub_1/gateop, insts:15.
I: Infer CARRY group, base inst: u_udp/u_udp_rx/N250.eq_0/gateop, insts:8.
I: Infer CARRY group, base inst: u_udp/u_udp_tx/N128_1_1/gateop, insts:15.
I: Infer CARRY group, base inst: u_udp/u_udp_tx/N287.lt_0/gateop, insts:7.
I: Infer CARRY group, base inst: u_udp/u_udp_tx/N295_1_1/gateop, insts:15.
I: Infer CARRY group, base inst: u_udp/u_udp_tx/N298.eq_0/gateop, insts:7.
I: Infer CARRY group, base inst: u_udp/u_udp_tx/N305_1/gateop, insts:16.
I: Infer CARRY group, base inst: u_udp/u_udp_tx/N308.lt_0/gateop, insts:7.
I: Infer CARRY group, base inst: u_udp/u_udp_tx/N342.eq_0/gateop, insts:7.
I: Infer CARRY group, base inst: u_udp/u_udp_tx/N917_5_1/gateop, insts:20.
I: Infer CARRY group, base inst: u_udp/u_udp_tx/N3429_1_1/gateop, insts:16.
I: Infer CARRY group, base inst: u_udp/u_udp_tx/N3438_1_1/gateop, insts:16.
I: Infer CARRY group, base inst: u_udp/u_udp_tx/N3441_1_1/gateop, insts:16.
I: Infer CARRY group, base inst: u_udp/u_udp_tx/N3444_1/gateop, insts:19.
I: Infer CARRY group, base inst: user_axi_m_arbitration/u_axi_full_m0/N60_1_1/gateop, insts:13.
I: Infer CARRY group, base inst: user_axi_m_arbitration/u_axi_full_m0/N158_1_1/gateop, insts:13.
I: Infer CARRY group, base inst: user_axi_m_arbitration/u_axi_full_m1/N60_1_1/gateop, insts:13.
I: Infer CARRY group, base inst: user_axi_m_arbitration/u_axi_full_m1/N158_1_1/gateop, insts:13.
I: Infer CARRY group, base inst: user_axi_m_arbitration/u_axi_full_m2/N60_1_1/gateop, insts:13.
I: Infer CARRY group, base inst: user_axi_m_arbitration/u_axi_full_m2/N158_1_1/gateop, insts:13.
I: Infer CARRY group, base inst: user_axi_m_arbitration/u_axi_full_m3/N60_1_1/gateop, insts:13.
I: Infer CARRY group, base inst: user_axi_m_arbitration/u_axi_full_m3/N158_1_1/gateop, insts:13.
I: Infer CARRY group, base inst: u_ddr3_test_h/u_ddrphy_top/ddrphy_cpd_ctrl/N166_1_1/gateop, insts:9.
I: Infer CARRY group, base inst: u_ddr3_test_h/u_ddrphy_top/ddrphy_dll_update_ctrl/N64_1_1/gateop, insts:18.
I: Infer CARRY group, base inst: u_ddr3_test_h/u_ddrphy_top/ddrphy_dll_update_ctrl/N103/gateop, insts:2.
I: Infer CARRY group, base inst: u_ddr3_test_h/u_ddrphy_top/ddrphy_reset_ctrl/N250_10/gateop, insts:2.
I: Infer CARRY group, base inst: u_ddr3_test_h/u_ddrphy_top/u_ips2l_ddrphy_rst_clk_phase_adj/N81_1_1/gateop, insts:9.
I: Infer CARRY group, base inst: u_ddr3_test_h/u_ips_ddrc_top/mcdq_ui_axi/N69_2_1/gateop, insts:25.
I: Infer CARRY group, base inst: u_ddr3_test_h/u_ips_ddrc_top/mcdq_ui_axi/N185.eq_0/gateop, insts:8.
I: Infer CARRY group, base inst: eth0_img_pkt/u_eth_pkt_fifo/U_ipm2l_fifo_eth_pkt_fifo/U_ipm2l_fifo_ctrl/N2_1/gateop, insts:11.
I: Infer CARRY group, base inst: eth0_img_pkt/u_eth_pkt_fifo/U_ipm2l_fifo_eth_pkt_fifo/U_ipm2l_fifo_ctrl/N79_1/gateop, insts:11.
I: Infer CARRY group, base inst: eth0_img_pkt/u_eth_pkt_fifo/U_ipm2l_fifo_eth_pkt_fifo/U_ipm2l_fifo_ctrl/N157.eq_0/gateop, insts:5.
I: Infer CARRY group, base inst: eth0_img_pkt/u_eth_pkt_fifo/U_ipm2l_fifo_eth_pkt_fifo/U_ipm2l_fifo_ctrl/N160.eq_0/gateop, insts:6.
I: Infer CARRY group, base inst: eth0_img_pkt/u_eth_pkt_fifo/U_ipm2l_fifo_eth_pkt_fifo/U_ipm2l_fifo_ctrl/N322_5.fsub_0/gateop, insts:12.
I: Infer CARRY group, base inst: u_ddr3_test_h/u_ddrphy_top/ddrphy_calib_top/ddrphy_init/N4_1_1/gateop, insts:19.
I: Infer CARRY group, base inst: u_ddr3_test_h/u_ddrphy_top/ddrphy_calib_top/ddrphy_init/N24_1_1/gateop, insts:19.
I: Infer CARRY group, base inst: u_ddr3_test_h/u_ddrphy_top/ddrphy_calib_top/ddrphy_init/N116_1_1/gateop, insts:9.
I: Infer CARRY group, base inst: u_ddr3_test_h/u_ddrphy_top/ddrphy_calib_top/ddrphy_wrcal/N30_1_1/gateop, insts:17.
I: Infer CARRY group, base inst: u_ddr3_test_h/u_ddrphy_top/ddrphy_reset_ctrl/ddrphy_pll_lock_debounce/N11_1_1/gateop, insts:18.
I: Infer CARRY group, base inst: u_ddr3_test_h/u_ddrphy_top/ddrphy_reset_ctrl/ddrphy_pll_lock_debounce/N39_23/gateop, insts:4.
I: Infer CARRY group, base inst: u_ddr3_test_h/u_ips_ddrc_top/mcdq_dcd_top/mcdq_dcd_bm/N37_1_1/gateop, insts:12.
I: Infer CARRY group, base inst: u_ddr3_test_h/u_ddrphy_top/ddrphy_slice_top/i_dqs_group[0].ddrphy_data_slice/ddrphy_data_slice_wrcal/N196_1/gateop, insts:9.
I: Infer CARRY group, base inst: u_ddr3_test_h/u_ddrphy_top/ddrphy_slice_top/i_dqs_group[0].ddrphy_data_slice/ddrphy_data_slice_wrcal/N263_1_1/gateop, insts:9.
I: Infer CARRY group, base inst: u_ddr3_test_h/u_ddrphy_top/ddrphy_slice_top/i_dqs_group[0].ddrphy_data_slice/ddrphy_dqsi_rdel_cal/N277_1/gateop, insts:9.
I: Infer CARRY group, base inst: u_ddr3_test_h/u_ddrphy_top/ddrphy_slice_top/i_dqs_group[0].ddrphy_data_slice/ddrphy_dqsi_rdel_cal/N392_1/gateop, insts:9.
I: Infer CARRY group, base inst: u_ddr3_test_h/u_ddrphy_top/ddrphy_slice_top/i_dqs_group[0].ddrphy_data_slice/ddrphy_dqsi_rdel_cal/N415.lt_0/gateop, insts:4.
I: Infer CARRY group, base inst: u_ddr3_test_h/u_ddrphy_top/ddrphy_slice_top/i_dqs_group[0].ddrphy_data_slice/ddrphy_dqsi_rdel_cal/N875_7_0/gateop, insts:9.
I: Infer CARRY group, base inst: u_ddr3_test_h/u_ddrphy_top/ddrphy_slice_top/i_dqs_group[0].ddrphy_data_slice/ddrphy_dqsi_rdel_cal/N975_7_0/gateop, insts:9.
I: Infer CARRY group, base inst: u_ddr3_test_h/u_ddrphy_top/ddrphy_slice_top/i_dqs_group[1].ddrphy_data_slice/ddrphy_data_slice_wrcal/N196_1/gateop, insts:9.
I: Infer CARRY group, base inst: u_ddr3_test_h/u_ddrphy_top/ddrphy_slice_top/i_dqs_group[1].ddrphy_data_slice/ddrphy_data_slice_wrcal/N263_1_1/gateop, insts:9.
I: Infer CARRY group, base inst: u_ddr3_test_h/u_ddrphy_top/ddrphy_slice_top/i_dqs_group[1].ddrphy_data_slice/ddrphy_dqsi_rdel_cal/N277_1/gateop, insts:9.
I: Infer CARRY group, base inst: u_ddr3_test_h/u_ddrphy_top/ddrphy_slice_top/i_dqs_group[1].ddrphy_data_slice/ddrphy_dqsi_rdel_cal/N392_1/gateop, insts:9.
I: Infer CARRY group, base inst: u_ddr3_test_h/u_ddrphy_top/ddrphy_slice_top/i_dqs_group[1].ddrphy_data_slice/ddrphy_dqsi_rdel_cal/N415.lt_0/gateop, insts:4.
I: Infer CARRY group, base inst: u_ddr3_test_h/u_ddrphy_top/ddrphy_slice_top/i_dqs_group[1].ddrphy_data_slice/ddrphy_dqsi_rdel_cal/N875_7_0/gateop, insts:9.
I: Infer CARRY group, base inst: u_ddr3_test_h/u_ddrphy_top/ddrphy_slice_top/i_dqs_group[1].ddrphy_data_slice/ddrphy_dqsi_rdel_cal/N975_7_0/gateop, insts:9.
I: Infer CARRY group, base inst: u_ddr3_test_h/u_ddrphy_top/ddrphy_slice_top/i_dqs_group[2].ddrphy_data_slice/ddrphy_data_slice_wrcal/N196_1/gateop, insts:9.
I: Infer CARRY group, base inst: u_ddr3_test_h/u_ddrphy_top/ddrphy_slice_top/i_dqs_group[2].ddrphy_data_slice/ddrphy_data_slice_wrcal/N263_1_1/gateop, insts:9.
I: Infer CARRY group, base inst: u_ddr3_test_h/u_ddrphy_top/ddrphy_slice_top/i_dqs_group[2].ddrphy_data_slice/ddrphy_dqsi_rdel_cal/N277_1/gateop, insts:9.
I: Infer CARRY group, base inst: u_ddr3_test_h/u_ddrphy_top/ddrphy_slice_top/i_dqs_group[2].ddrphy_data_slice/ddrphy_dqsi_rdel_cal/N392_1/gateop, insts:9.
I: Infer CARRY group, base inst: u_ddr3_test_h/u_ddrphy_top/ddrphy_slice_top/i_dqs_group[2].ddrphy_data_slice/ddrphy_dqsi_rdel_cal/N415.lt_0/gateop, insts:4.
I: Infer CARRY group, base inst: u_ddr3_test_h/u_ddrphy_top/ddrphy_slice_top/i_dqs_group[2].ddrphy_data_slice/ddrphy_dqsi_rdel_cal/N875_7_0/gateop, insts:9.
I: Infer CARRY group, base inst: u_ddr3_test_h/u_ddrphy_top/ddrphy_slice_top/i_dqs_group[2].ddrphy_data_slice/ddrphy_dqsi_rdel_cal/N975_7_0/gateop, insts:9.
I: Infer CARRY group, base inst: u_ddr3_test_h/u_ddrphy_top/ddrphy_slice_top/i_dqs_group[3].ddrphy_data_slice/ddrphy_data_slice_wrcal/N196_1/gateop, insts:9.
I: Infer CARRY group, base inst: u_ddr3_test_h/u_ddrphy_top/ddrphy_slice_top/i_dqs_group[3].ddrphy_data_slice/ddrphy_data_slice_wrcal/N263_1_1/gateop, insts:9.
I: Infer CARRY group, base inst: u_ddr3_test_h/u_ddrphy_top/ddrphy_slice_top/i_dqs_group[3].ddrphy_data_slice/ddrphy_dqsi_rdel_cal/N277_1/gateop, insts:9.
I: Infer CARRY group, base inst: u_ddr3_test_h/u_ddrphy_top/ddrphy_slice_top/i_dqs_group[3].ddrphy_data_slice/ddrphy_dqsi_rdel_cal/N392_1/gateop, insts:9.
I: Infer CARRY group, base inst: u_ddr3_test_h/u_ddrphy_top/ddrphy_slice_top/i_dqs_group[3].ddrphy_data_slice/ddrphy_dqsi_rdel_cal/N415.lt_0/gateop, insts:4.
I: Infer CARRY group, base inst: u_ddr3_test_h/u_ddrphy_top/ddrphy_slice_top/i_dqs_group[3].ddrphy_data_slice/ddrphy_dqsi_rdel_cal/N875_7_0/gateop, insts:9.
I: Infer CARRY group, base inst: u_ddr3_test_h/u_ddrphy_top/ddrphy_slice_top/i_dqs_group[3].ddrphy_data_slice/ddrphy_dqsi_rdel_cal/N975_7_0/gateop, insts:9.
I: Infer CARRY group, base inst: user_axi_m_arbitration/user_rw_fifo_ctrl0/user_read_ddr_fifo/U_ipm2l_fifo_read_ddr_fifo/U_ipm2l_fifo_ctrl/N2_0/gateop, insts:10.
I: Infer CARRY group, base inst: user_axi_m_arbitration/user_rw_fifo_ctrl0/user_read_ddr_fifo/U_ipm2l_fifo_read_ddr_fifo/U_ipm2l_fifo_ctrl/N84_1/gateop, insts:12.
I: Infer CARRY group, base inst: user_axi_m_arbitration/user_rw_fifo_ctrl0/user_read_ddr_fifo/U_ipm2l_fifo_read_ddr_fifo/U_ipm2l_fifo_ctrl/N153.eq_0/gateop, insts:4.
I: Infer CARRY group, base inst: user_axi_m_arbitration/user_rw_fifo_ctrl0/user_read_ddr_fifo/U_ipm2l_fifo_read_ddr_fifo/U_ipm2l_fifo_ctrl/N156.eq_0/gateop, insts:6.
I: Infer CARRY group, base inst: user_axi_m_arbitration/user_rw_fifo_ctrl0/user_read_ddr_fifo/U_ipm2l_fifo_read_ddr_fifo/U_ipm2l_fifo_ctrl/N282_5.fsub_1/gateop, insts:9.
I: Infer CARRY group, base inst: user_axi_m_arbitration/user_rw_fifo_ctrl0/user_write_ddr_fifo/U_ipm2l_fifo_write_ddr_fifo/U_ipm2l_fifo_ctrl/N2_1/gateop, insts:12.
I: Infer CARRY group, base inst: user_axi_m_arbitration/user_rw_fifo_ctrl0/user_write_ddr_fifo/U_ipm2l_fifo_write_ddr_fifo/U_ipm2l_fifo_ctrl/N69_0/gateop, insts:10.
I: Infer CARRY group, base inst: user_axi_m_arbitration/user_rw_fifo_ctrl0/user_write_ddr_fifo/U_ipm2l_fifo_write_ddr_fifo/U_ipm2l_fifo_ctrl/N153.eq_0/gateop, insts:6.
I: Infer CARRY group, base inst: user_axi_m_arbitration/user_rw_fifo_ctrl0/user_write_ddr_fifo/U_ipm2l_fifo_write_ddr_fifo/U_ipm2l_fifo_ctrl/N156.eq_0/gateop, insts:5.
I: Infer CARRY group, base inst: user_axi_m_arbitration/user_rw_fifo_ctrl0/user_write_ddr_fifo/U_ipm2l_fifo_write_ddr_fifo/U_ipm2l_fifo_ctrl/N318_5.fsub_0/gateop, insts:10.
I: Infer CARRY group, base inst: user_axi_m_arbitration/user_rw_fifo_ctrl1/user_read_ddr_fifo/U_ipm2l_fifo_read_ddr_fifo/U_ipm2l_fifo_ctrl/N2_0/gateop, insts:10.
I: Infer CARRY group, base inst: user_axi_m_arbitration/user_rw_fifo_ctrl1/user_read_ddr_fifo/U_ipm2l_fifo_read_ddr_fifo/U_ipm2l_fifo_ctrl/N84_1/gateop, insts:12.
I: Infer CARRY group, base inst: user_axi_m_arbitration/user_rw_fifo_ctrl1/user_read_ddr_fifo/U_ipm2l_fifo_read_ddr_fifo/U_ipm2l_fifo_ctrl/N153.eq_0/gateop, insts:4.
I: Infer CARRY group, base inst: user_axi_m_arbitration/user_rw_fifo_ctrl1/user_read_ddr_fifo/U_ipm2l_fifo_read_ddr_fifo/U_ipm2l_fifo_ctrl/N156.eq_0/gateop, insts:6.
I: Infer CARRY group, base inst: user_axi_m_arbitration/user_rw_fifo_ctrl1/user_read_ddr_fifo/U_ipm2l_fifo_read_ddr_fifo/U_ipm2l_fifo_ctrl/N282_5.fsub_1/gateop, insts:9.
I: Infer CARRY group, base inst: user_axi_m_arbitration/user_rw_fifo_ctrl1/user_write_ddr_fifo/U_ipm2l_fifo_write_ddr_fifo/U_ipm2l_fifo_ctrl/N2_1/gateop, insts:12.
I: Infer CARRY group, base inst: user_axi_m_arbitration/user_rw_fifo_ctrl1/user_write_ddr_fifo/U_ipm2l_fifo_write_ddr_fifo/U_ipm2l_fifo_ctrl/N69_0/gateop, insts:10.
I: Infer CARRY group, base inst: user_axi_m_arbitration/user_rw_fifo_ctrl1/user_write_ddr_fifo/U_ipm2l_fifo_write_ddr_fifo/U_ipm2l_fifo_ctrl/N153.eq_0/gateop, insts:6.
I: Infer CARRY group, base inst: user_axi_m_arbitration/user_rw_fifo_ctrl1/user_write_ddr_fifo/U_ipm2l_fifo_write_ddr_fifo/U_ipm2l_fifo_ctrl/N156.eq_0/gateop, insts:5.
I: Infer CARRY group, base inst: user_axi_m_arbitration/user_rw_fifo_ctrl1/user_write_ddr_fifo/U_ipm2l_fifo_write_ddr_fifo/U_ipm2l_fifo_ctrl/N318_5.fsub_0/gateop, insts:10.
I: Infer CARRY group, base inst: user_axi_m_arbitration/user_rw_fifo_ctrl2/user_read_ddr_fifo/U_ipm2l_fifo_read_ddr_fifo/U_ipm2l_fifo_ctrl/N2_0/gateop, insts:10.
I: Infer CARRY group, base inst: user_axi_m_arbitration/user_rw_fifo_ctrl2/user_read_ddr_fifo/U_ipm2l_fifo_read_ddr_fifo/U_ipm2l_fifo_ctrl/N84_1/gateop, insts:12.
I: Infer CARRY group, base inst: user_axi_m_arbitration/user_rw_fifo_ctrl2/user_read_ddr_fifo/U_ipm2l_fifo_read_ddr_fifo/U_ipm2l_fifo_ctrl/N153.eq_0/gateop, insts:4.
I: Infer CARRY group, base inst: user_axi_m_arbitration/user_rw_fifo_ctrl2/user_read_ddr_fifo/U_ipm2l_fifo_read_ddr_fifo/U_ipm2l_fifo_ctrl/N156.eq_0/gateop, insts:6.
I: Infer CARRY group, base inst: user_axi_m_arbitration/user_rw_fifo_ctrl2/user_read_ddr_fifo/U_ipm2l_fifo_read_ddr_fifo/U_ipm2l_fifo_ctrl/N282_5.fsub_1/gateop, insts:9.
I: Infer CARRY group, base inst: user_axi_m_arbitration/user_rw_fifo_ctrl2/user_write_ddr_fifo/U_ipm2l_fifo_write_ddr_fifo/U_ipm2l_fifo_ctrl/N2_1/gateop, insts:12.
I: Infer CARRY group, base inst: user_axi_m_arbitration/user_rw_fifo_ctrl2/user_write_ddr_fifo/U_ipm2l_fifo_write_ddr_fifo/U_ipm2l_fifo_ctrl/N24_4/gateop, insts:2.
I: Infer CARRY group, base inst: user_axi_m_arbitration/user_rw_fifo_ctrl2/user_write_ddr_fifo/U_ipm2l_fifo_write_ddr_fifo/U_ipm2l_fifo_ctrl/N69_0/gateop, insts:10.
I: Infer CARRY group, base inst: user_axi_m_arbitration/user_rw_fifo_ctrl2/user_write_ddr_fifo/U_ipm2l_fifo_write_ddr_fifo/U_ipm2l_fifo_ctrl/N153.eq_0/gateop, insts:6.
I: Infer CARRY group, base inst: user_axi_m_arbitration/user_rw_fifo_ctrl2/user_write_ddr_fifo/U_ipm2l_fifo_write_ddr_fifo/U_ipm2l_fifo_ctrl/N156.eq_0/gateop, insts:5.
I: Infer CARRY group, base inst: user_axi_m_arbitration/user_rw_fifo_ctrl2/user_write_ddr_fifo/U_ipm2l_fifo_write_ddr_fifo/U_ipm2l_fifo_ctrl/N318_5.fsub_0/gateop, insts:10.
I: Infer CARRY group, base inst: user_axi_m_arbitration/user_rw_fifo_ctrl3/user_read_ddr_fifo/U_ipm2l_fifo_read_ddr_fifo/U_ipm2l_fifo_ctrl/N2_0/gateop, insts:10.
I: Infer CARRY group, base inst: user_axi_m_arbitration/user_rw_fifo_ctrl3/user_read_ddr_fifo/U_ipm2l_fifo_read_ddr_fifo/U_ipm2l_fifo_ctrl/N84_1/gateop, insts:12.
I: Infer CARRY group, base inst: user_axi_m_arbitration/user_rw_fifo_ctrl3/user_read_ddr_fifo/U_ipm2l_fifo_read_ddr_fifo/U_ipm2l_fifo_ctrl/N153.eq_0/gateop, insts:4.
I: Infer CARRY group, base inst: user_axi_m_arbitration/user_rw_fifo_ctrl3/user_read_ddr_fifo/U_ipm2l_fifo_read_ddr_fifo/U_ipm2l_fifo_ctrl/N156.eq_0/gateop, insts:6.
I: Infer CARRY group, base inst: user_axi_m_arbitration/user_rw_fifo_ctrl3/user_read_ddr_fifo/U_ipm2l_fifo_read_ddr_fifo/U_ipm2l_fifo_ctrl/N282_5.fsub_1/gateop, insts:9.
I: Infer CARRY group, base inst: user_axi_m_arbitration/user_rw_fifo_ctrl3/user_write_ddr_fifo/U_ipm2l_fifo_write_ddr_fifo/U_ipm2l_fifo_ctrl/N2_1/gateop, insts:12.
I: Infer CARRY group, base inst: user_axi_m_arbitration/user_rw_fifo_ctrl3/user_write_ddr_fifo/U_ipm2l_fifo_write_ddr_fifo/U_ipm2l_fifo_ctrl/N69_0/gateop, insts:10.
I: Infer CARRY group, base inst: user_axi_m_arbitration/user_rw_fifo_ctrl3/user_write_ddr_fifo/U_ipm2l_fifo_write_ddr_fifo/U_ipm2l_fifo_ctrl/N153.eq_0/gateop, insts:6.
I: Infer CARRY group, base inst: user_axi_m_arbitration/user_rw_fifo_ctrl3/user_write_ddr_fifo/U_ipm2l_fifo_write_ddr_fifo/U_ipm2l_fifo_ctrl/N156.eq_0/gateop, insts:5.
I: Infer CARRY group, base inst: user_axi_m_arbitration/user_rw_fifo_ctrl3/user_write_ddr_fifo/U_ipm2l_fifo_write_ddr_fifo/U_ipm2l_fifo_ctrl/N318_5.fsub_0/gateop, insts:10.
I: Infer CARRY group, base inst: u_ddr3_test_h/u_ddrphy_top/ddrphy_slice_top/i_dqs_group[0].ddrphy_data_slice/ddrphy_data_slice_dqs_gate_cal/ddrphy_gatecal/N245_7_0/gateop, insts:8.
I: Infer CARRY group, base inst: u_ddr3_test_h/u_ddrphy_top/ddrphy_slice_top/i_dqs_group[1].ddrphy_data_slice/ddrphy_data_slice_dqs_gate_cal/ddrphy_gatecal/N245_7_0/gateop, insts:8.
I: Infer CARRY group, base inst: u_ddr3_test_h/u_ddrphy_top/ddrphy_slice_top/i_dqs_group[2].ddrphy_data_slice/ddrphy_data_slice_dqs_gate_cal/ddrphy_gatecal/N245_7_0/gateop, insts:8.
I: Infer CARRY group, base inst: u_ddr3_test_h/u_ddrphy_top/ddrphy_slice_top/i_dqs_group[3].ddrphy_data_slice/ddrphy_data_slice_dqs_gate_cal/ddrphy_gatecal/N245_7_0/gateop, insts:8.
I: Adm-6003: Trying to disconnect un-connected pin 'D_DLY' of instance 'u_ddr3_test_h/u_ddrphy_top/ddrphy_slice_top/u_odelay_csn/iodelay_inst'.
I: ODLAY of "u_ddr3_test_h/u_ddrphy_top/ddrphy_slice_top/u_odelay_csn/iodelay_inst" has been packed in "ODLAY" of IOL "u_ddr3_test_h/u_ddrphy_top/ddrphy_slice_top/u_outbuft_csn/opit_1" success.
I: IDLAY of "u_ddr3_test_h/u_ddrphy_top/ddrphy_slice_top/i_dqs_group[3].ddrphy_data_slice/dq_loop[5].u_iodelay_dq/iodelay_inst" has been packed in "IDLAY" of IOL "u_ddr3_test_h/u_ddrphy_top/ddrphy_slice_top/i_dqs_group[3].ddrphy_data_slice/dq_loop[5].u_iobuf_dq/opit_1" success.
I: Adm-6003: Trying to disconnect un-connected pin 'D_DLY' of instance 'u_ddr3_test_h/u_ddrphy_top/ddrphy_slice_top/u_odelay_odt/iodelay_inst'.
I: ODLAY of "u_ddr3_test_h/u_ddrphy_top/ddrphy_slice_top/u_odelay_odt/iodelay_inst" has been packed in "ODLAY" of IOL "u_ddr3_test_h/u_ddrphy_top/ddrphy_slice_top/u_outbuft_odt/opit_1" success.
I: Adm-6003: Trying to disconnect un-connected pin 'D_DLY' of instance 'u_ddr3_test_h/u_ddrphy_top/ddrphy_slice_top/u_odelay_rasn/iodelay_inst'.
I: ODLAY of "u_ddr3_test_h/u_ddrphy_top/ddrphy_slice_top/u_odelay_rasn/iodelay_inst" has been packed in "ODLAY" of IOL "u_ddr3_test_h/u_ddrphy_top/ddrphy_slice_top/u_outbuft_rasn/opit_1" success.
I: Adm-6003: Trying to disconnect un-connected pin 'D_DLY' of instance 'u_ddr3_test_h/u_ddrphy_top/ddrphy_slice_top/u_odelay_wen/iodelay_inst'.
I: ODLAY of "u_ddr3_test_h/u_ddrphy_top/ddrphy_slice_top/u_odelay_wen/iodelay_inst" has been packed in "ODLAY" of IOL "u_ddr3_test_h/u_ddrphy_top/ddrphy_slice_top/u_outbuft_wen/opit_1" success.
I: IDLAY of "u_ddr3_test_h/u_ddrphy_top/ddrphy_slice_top/i_dqs_group[3].ddrphy_data_slice/dq_loop[4].u_iodelay_dq/iodelay_inst" has been packed in "IDLAY" of IOL "u_ddr3_test_h/u_ddrphy_top/ddrphy_slice_top/i_dqs_group[3].ddrphy_data_slice/dq_loop[4].u_iobuf_dq/opit_1" success.
I: Adm-6003: Trying to disconnect un-connected pin 'D_DLY' of instance 'u_ddr3_test_h/u_ddrphy_top/ddrphy_slice_top/u_odelay_cke/iodelay_inst'.
I: ODLAY of "u_ddr3_test_h/u_ddrphy_top/ddrphy_slice_top/u_odelay_cke/iodelay_inst" has been packed in "ODLAY" of IOL "u_ddr3_test_h/u_ddrphy_top/ddrphy_slice_top/u_outbuft_cke/opit_1" success.
I: IDLAY of "u_ddr3_test_h/u_ddrphy_top/ddrphy_slice_top/i_dqs_group[3].ddrphy_data_slice/dq_loop[6].u_iodelay_dq/iodelay_inst" has been packed in "IDLAY" of IOL "u_ddr3_test_h/u_ddrphy_top/ddrphy_slice_top/i_dqs_group[3].ddrphy_data_slice/dq_loop[6].u_iobuf_dq/opit_1" success.
I: Adm-6003: Trying to disconnect un-connected pin 'D_DLY' of instance 'u_ddr3_test_h/u_ddrphy_top/ddrphy_slice_top/u_iodelay_dq/iodelay_inst'.
I: ODLAY of "u_ddr3_test_h/u_ddrphy_top/ddrphy_slice_top/u_iodelay_dq/iodelay_inst" has been packed in "ODLAY" of IOL "u_ddr3_test_h/u_ddrphy_top/ddrphy_slice_top/u_outbuftco_ck/opit_3" success.
I: IDLAY of "u_ddr3_test_h/u_ddrphy_top/ddrphy_slice_top/i_dqs_group[0].ddrphy_data_slice/dq_loop[0].u_iodelay_dq/iodelay_inst" has been packed in "IDLAY" of IOL "u_ddr3_test_h/u_ddrphy_top/ddrphy_slice_top/i_dqs_group[0].ddrphy_data_slice/dq_loop[0].u_iobuf_dq/opit_1" success.
I: IDLAY of "u_ddr3_test_h/u_ddrphy_top/ddrphy_slice_top/i_dqs_group[0].ddrphy_data_slice/dq_loop[1].u_iodelay_dq/iodelay_inst" has been packed in "IDLAY" of IOL "u_ddr3_test_h/u_ddrphy_top/ddrphy_slice_top/i_dqs_group[0].ddrphy_data_slice/dq_loop[1].u_iobuf_dq/opit_1" success.
I: IDLAY of "u_ddr3_test_h/u_ddrphy_top/ddrphy_slice_top/i_dqs_group[0].ddrphy_data_slice/dq_loop[2].u_iodelay_dq/iodelay_inst" has been packed in "IDLAY" of IOL "u_ddr3_test_h/u_ddrphy_top/ddrphy_slice_top/i_dqs_group[0].ddrphy_data_slice/dq_loop[2].u_iobuf_dq/opit_1" success.
I: IDLAY of "u_rgmii_interface/rgmii_rx_data[0].delay_rgmii_rxd/iodelay_inst" has been packed in "IDLAY" of IOL "u_rgmii_interface/rgmii_rx_data[0].u_rgmii_rxd_ibuf/opit_1" success.
I: IDLAY of "u_rgmii_interface/rgmii_rx_data[1].delay_rgmii_rxd/iodelay_inst" has been packed in "IDLAY" of IOL "u_rgmii_interface/rgmii_rx_data[1].u_rgmii_rxd_ibuf/opit_1" success.
I: IDLAY of "u_rgmii_interface/rgmii_rx_data[2].delay_rgmii_rxd/iodelay_inst" has been packed in "IDLAY" of IOL "u_rgmii_interface/rgmii_rx_data[2].u_rgmii_rxd_ibuf/opit_1" success.
I: IDLAY of "u_rgmii_interface/rgmii_rx_data[3].delay_rgmii_rxd/iodelay_inst" has been packed in "IDLAY" of IOL "u_rgmii_interface/rgmii_rx_data[3].u_rgmii_rxd_ibuf/opit_1" success.
I: IDLAY of "u_rgmii_interface/delay_rgmii_rx_ctl/iodelay_inst" has been packed in "IDLAY" of IOL "u_rgmii_interface/u_rgmii_rx_ctl_ibuf/opit_1" success.
I: Adm-6003: Trying to disconnect un-connected pin 'D_DLY' of instance 'u_rgmii_interface/tx_clk_delay/iodelay_inst'.
I: ODLAY of "u_rgmii_interface/tx_clk_delay/iodelay_inst" has been packed in "ODLAY" of IOL "u_rgmii_interface/u_rgmii_txc_obuf/opit_1" success.
I: Adm-6003: Trying to disconnect un-connected pin 'D_DLY' of instance 'u_ddr3_test_h/u_ddrphy_top/ddrphy_slice_top/i_mem_addr_0[0].u_odelay_addr/iodelay_inst'.
I: ODLAY of "u_ddr3_test_h/u_ddrphy_top/ddrphy_slice_top/i_mem_addr_0[0].u_odelay_addr/iodelay_inst" has been packed in "ODLAY" of IOL "u_ddr3_test_h/u_ddrphy_top/ddrphy_slice_top/i_mem_addr_0[0].u_outbuft_addr0/opit_1" success.
I: Adm-6003: Trying to disconnect un-connected pin 'D_DLY' of instance 'u_ddr3_test_h/u_ddrphy_top/ddrphy_slice_top/i_mem_addr_0[1].u_odelay_addr/iodelay_inst'.
I: ODLAY of "u_ddr3_test_h/u_ddrphy_top/ddrphy_slice_top/i_mem_addr_0[1].u_odelay_addr/iodelay_inst" has been packed in "ODLAY" of IOL "u_ddr3_test_h/u_ddrphy_top/ddrphy_slice_top/i_mem_addr_0[1].u_outbuft_addr0/opit_1" success.
I: Adm-6003: Trying to disconnect un-connected pin 'D_DLY' of instance 'u_ddr3_test_h/u_ddrphy_top/ddrphy_slice_top/i_mem_addr_0[2].u_odelay_addr/iodelay_inst'.
I: ODLAY of "u_ddr3_test_h/u_ddrphy_top/ddrphy_slice_top/i_mem_addr_0[2].u_odelay_addr/iodelay_inst" has been packed in "ODLAY" of IOL "u_ddr3_test_h/u_ddrphy_top/ddrphy_slice_top/i_mem_addr_0[2].u_outbuft_addr0/opit_1" success.
I: Adm-6003: Trying to disconnect un-connected pin 'D_DLY' of instance 'u_ddr3_test_h/u_ddrphy_top/ddrphy_slice_top/i_mem_addr_0[3].u_odelay_addr/iodelay_inst'.
I: ODLAY of "u_ddr3_test_h/u_ddrphy_top/ddrphy_slice_top/i_mem_addr_0[3].u_odelay_addr/iodelay_inst" has been packed in "ODLAY" of IOL "u_ddr3_test_h/u_ddrphy_top/ddrphy_slice_top/i_mem_addr_0[3].u_outbuft_addr0/opit_1" success.
I: Adm-6003: Trying to disconnect un-connected pin 'D_DLY' of instance 'u_ddr3_test_h/u_ddrphy_top/ddrphy_slice_top/i_mem_addr_0[4].u_odelay_addr/iodelay_inst'.
I: ODLAY of "u_ddr3_test_h/u_ddrphy_top/ddrphy_slice_top/i_mem_addr_0[4].u_odelay_addr/iodelay_inst" has been packed in "ODLAY" of IOL "u_ddr3_test_h/u_ddrphy_top/ddrphy_slice_top/i_mem_addr_0[4].u_outbuft_addr0/opit_1" success.
I: Adm-6003: Trying to disconnect un-connected pin 'D_DLY' of instance 'u_ddr3_test_h/u_ddrphy_top/ddrphy_slice_top/i_mem_addr_0[5].u_odelay_addr/iodelay_inst'.
I: ODLAY of "u_ddr3_test_h/u_ddrphy_top/ddrphy_slice_top/i_mem_addr_0[5].u_odelay_addr/iodelay_inst" has been packed in "ODLAY" of IOL "u_ddr3_test_h/u_ddrphy_top/ddrphy_slice_top/i_mem_addr_0[5].u_outbuft_addr0/opit_1" success.
I: Adm-6003: Trying to disconnect un-connected pin 'D_DLY' of instance 'u_ddr3_test_h/u_ddrphy_top/ddrphy_slice_top/i_mem_addr_0[6].u_odelay_addr/iodelay_inst'.
I: ODLAY of "u_ddr3_test_h/u_ddrphy_top/ddrphy_slice_top/i_mem_addr_0[6].u_odelay_addr/iodelay_inst" has been packed in "ODLAY" of IOL "u_ddr3_test_h/u_ddrphy_top/ddrphy_slice_top/i_mem_addr_0[6].u_outbuft_addr0/opit_1" success.
I: Adm-6003: Trying to disconnect un-connected pin 'D_DLY' of instance 'u_ddr3_test_h/u_ddrphy_top/ddrphy_slice_top/i_mem_addr_0[7].u_odelay_addr/iodelay_inst'.
I: ODLAY of "u_ddr3_test_h/u_ddrphy_top/ddrphy_slice_top/i_mem_addr_0[7].u_odelay_addr/iodelay_inst" has been packed in "ODLAY" of IOL "u_ddr3_test_h/u_ddrphy_top/ddrphy_slice_top/i_mem_addr_0[7].u_outbuft_addr0/opit_1" success.
I: Adm-6003: Trying to disconnect un-connected pin 'D_DLY' of instance 'u_ddr3_test_h/u_ddrphy_top/ddrphy_slice_top/i_mem_addr_0[8].u_odelay_addr/iodelay_inst'.
I: ODLAY of "u_ddr3_test_h/u_ddrphy_top/ddrphy_slice_top/i_mem_addr_0[8].u_odelay_addr/iodelay_inst" has been packed in "ODLAY" of IOL "u_ddr3_test_h/u_ddrphy_top/ddrphy_slice_top/i_mem_addr_0[8].u_outbuft_addr0/opit_1" success.
I: Adm-6003: Trying to disconnect un-connected pin 'D_DLY' of instance 'u_ddr3_test_h/u_ddrphy_top/ddrphy_slice_top/i_mem_addr_0[9].u_odelay_addr/iodelay_inst'.
I: ODLAY of "u_ddr3_test_h/u_ddrphy_top/ddrphy_slice_top/i_mem_addr_0[9].u_odelay_addr/iodelay_inst" has been packed in "ODLAY" of IOL "u_ddr3_test_h/u_ddrphy_top/ddrphy_slice_top/i_mem_addr_0[9].u_outbuft_addr0/opit_1" success.
I: Adm-6003: Trying to disconnect un-connected pin 'D_DLY' of instance 'u_ddr3_test_h/u_ddrphy_top/ddrphy_slice_top/i_mem_addr_0[10].u_odelay_addr/iodelay_inst'.
I: ODLAY of "u_ddr3_test_h/u_ddrphy_top/ddrphy_slice_top/i_mem_addr_0[10].u_odelay_addr/iodelay_inst" has been packed in "ODLAY" of IOL "u_ddr3_test_h/u_ddrphy_top/ddrphy_slice_top/i_mem_addr_0[10].u_outbuft_addr0/opit_1" success.
I: Adm-6003: Trying to disconnect un-connected pin 'D_DLY' of instance 'u_ddr3_test_h/u_ddrphy_top/ddrphy_slice_top/i_mem_addr_0[11].u_odelay_addr/iodelay_inst'.
I: ODLAY of "u_ddr3_test_h/u_ddrphy_top/ddrphy_slice_top/i_mem_addr_0[11].u_odelay_addr/iodelay_inst" has been packed in "ODLAY" of IOL "u_ddr3_test_h/u_ddrphy_top/ddrphy_slice_top/i_mem_addr_0[11].u_outbuft_addr0/opit_1" success.
I: IDLAY of "u_ddr3_test_h/u_ddrphy_top/ddrphy_slice_top/i_dqs_group[0].ddrphy_data_slice/dq_loop[3].u_iodelay_dq/iodelay_inst" has been packed in "IDLAY" of IOL "u_ddr3_test_h/u_ddrphy_top/ddrphy_slice_top/i_dqs_group[0].ddrphy_data_slice/dq_loop[3].u_iobuf_dq/opit_1" success.
I: Adm-6003: Trying to disconnect un-connected pin 'D_DLY' of instance 'u_ddr3_test_h/u_ddrphy_top/ddrphy_slice_top/i_mem_addr_0[12].u_odelay_addr/iodelay_inst'.
I: ODLAY of "u_ddr3_test_h/u_ddrphy_top/ddrphy_slice_top/i_mem_addr_0[12].u_odelay_addr/iodelay_inst" has been packed in "ODLAY" of IOL "u_ddr3_test_h/u_ddrphy_top/ddrphy_slice_top/i_mem_addr_0[12].u_outbuft_addr0/opit_1" success.
I: Adm-6003: Trying to disconnect un-connected pin 'D_DLY' of instance 'u_ddr3_test_h/u_ddrphy_top/ddrphy_slice_top/i_mem_addr_0[13].u_odelay_addr/iodelay_inst'.
I: ODLAY of "u_ddr3_test_h/u_ddrphy_top/ddrphy_slice_top/i_mem_addr_0[13].u_odelay_addr/iodelay_inst" has been packed in "ODLAY" of IOL "u_ddr3_test_h/u_ddrphy_top/ddrphy_slice_top/i_mem_addr_0[13].u_outbuft_addr0/opit_1" success.
I: Adm-6003: Trying to disconnect un-connected pin 'D_DLY' of instance 'u_ddr3_test_h/u_ddrphy_top/ddrphy_slice_top/i_mem_addr_0[14].u_odelay_addr/iodelay_inst'.
I: ODLAY of "u_ddr3_test_h/u_ddrphy_top/ddrphy_slice_top/i_mem_addr_0[14].u_odelay_addr/iodelay_inst" has been packed in "ODLAY" of IOL "u_ddr3_test_h/u_ddrphy_top/ddrphy_slice_top/i_mem_addr_0[14].u_outbuft_addr0/opit_1" success.
I: IDLAY of "u_ddr3_test_h/u_ddrphy_top/ddrphy_slice_top/i_dqs_group[0].ddrphy_data_slice/dq_loop[4].u_iodelay_dq/iodelay_inst" has been packed in "IDLAY" of IOL "u_ddr3_test_h/u_ddrphy_top/ddrphy_slice_top/i_dqs_group[0].ddrphy_data_slice/dq_loop[4].u_iobuf_dq/opit_1" success.
I: IDLAY of "u_ddr3_test_h/u_ddrphy_top/ddrphy_slice_top/i_dqs_group[0].ddrphy_data_slice/dq_loop[5].u_iodelay_dq/iodelay_inst" has been packed in "IDLAY" of IOL "u_ddr3_test_h/u_ddrphy_top/ddrphy_slice_top/i_dqs_group[0].ddrphy_data_slice/dq_loop[5].u_iobuf_dq/opit_1" success.
I: IDLAY of "u_ddr3_test_h/u_ddrphy_top/ddrphy_slice_top/i_dqs_group[0].ddrphy_data_slice/dq_loop[6].u_iodelay_dq/iodelay_inst" has been packed in "IDLAY" of IOL "u_ddr3_test_h/u_ddrphy_top/ddrphy_slice_top/i_dqs_group[0].ddrphy_data_slice/dq_loop[6].u_iobuf_dq/opit_1" success.
I: IDLAY of "u_ddr3_test_h/u_ddrphy_top/ddrphy_slice_top/i_dqs_group[0].ddrphy_data_slice/dq_loop[7].u_iodelay_dq/iodelay_inst" has been packed in "IDLAY" of IOL "u_ddr3_test_h/u_ddrphy_top/ddrphy_slice_top/i_dqs_group[0].ddrphy_data_slice/dq_loop[7].u_iobuf_dq/opit_1" success.
I: Adm-6003: Trying to disconnect un-connected pin 'D_DLY' of instance 'u_ddr3_test_h/u_ddrphy_top/ddrphy_slice_top/k_mem_ba[0].u_odelay_ba/iodelay_inst'.
I: ODLAY of "u_ddr3_test_h/u_ddrphy_top/ddrphy_slice_top/k_mem_ba[0].u_odelay_ba/iodelay_inst" has been packed in "ODLAY" of IOL "u_ddr3_test_h/u_ddrphy_top/ddrphy_slice_top/k_mem_ba[0].u_outbuft_ba/opit_1" success.
I: Adm-6003: Trying to disconnect un-connected pin 'D_DLY' of instance 'u_ddr3_test_h/u_ddrphy_top/ddrphy_slice_top/k_mem_ba[1].u_odelay_ba/iodelay_inst'.
I: ODLAY of "u_ddr3_test_h/u_ddrphy_top/ddrphy_slice_top/k_mem_ba[1].u_odelay_ba/iodelay_inst" has been packed in "ODLAY" of IOL "u_ddr3_test_h/u_ddrphy_top/ddrphy_slice_top/k_mem_ba[1].u_outbuft_ba/opit_1" success.
I: Adm-6003: Trying to disconnect un-connected pin 'D_DLY' of instance 'u_ddr3_test_h/u_ddrphy_top/ddrphy_slice_top/k_mem_ba[2].u_odelay_ba/iodelay_inst'.
I: ODLAY of "u_ddr3_test_h/u_ddrphy_top/ddrphy_slice_top/k_mem_ba[2].u_odelay_ba/iodelay_inst" has been packed in "ODLAY" of IOL "u_ddr3_test_h/u_ddrphy_top/ddrphy_slice_top/k_mem_ba[2].u_outbuft_ba/opit_1" success.
I: Adm-6003: Trying to disconnect un-connected pin 'D_DLY' of instance 'u_ddr3_test_h/u_ddrphy_top/ddrphy_slice_top/u_odelay_casn/iodelay_inst'.
I: ODLAY of "u_ddr3_test_h/u_ddrphy_top/ddrphy_slice_top/u_odelay_casn/iodelay_inst" has been packed in "ODLAY" of IOL "u_ddr3_test_h/u_ddrphy_top/ddrphy_slice_top/u_outbuft_casn/opit_1" success.
I: IDLAY of "u_ddr3_test_h/u_ddrphy_top/ddrphy_slice_top/i_dqs_group[1].ddrphy_data_slice/dq_loop[0].u_iodelay_dq/iodelay_inst" has been packed in "IDLAY" of IOL "u_ddr3_test_h/u_ddrphy_top/ddrphy_slice_top/i_dqs_group[1].ddrphy_data_slice/dq_loop[0].u_iobuf_dq/opit_1" success.
I: IDLAY of "u_ddr3_test_h/u_ddrphy_top/ddrphy_slice_top/i_dqs_group[1].ddrphy_data_slice/dq_loop[1].u_iodelay_dq/iodelay_inst" has been packed in "IDLAY" of IOL "u_ddr3_test_h/u_ddrphy_top/ddrphy_slice_top/i_dqs_group[1].ddrphy_data_slice/dq_loop[1].u_iobuf_dq/opit_1" success.
I: IDLAY of "u_ddr3_test_h/u_ddrphy_top/ddrphy_slice_top/i_dqs_group[1].ddrphy_data_slice/dq_loop[2].u_iodelay_dq/iodelay_inst" has been packed in "IDLAY" of IOL "u_ddr3_test_h/u_ddrphy_top/ddrphy_slice_top/i_dqs_group[1].ddrphy_data_slice/dq_loop[2].u_iobuf_dq/opit_1" success.
I: IDLAY of "u_ddr3_test_h/u_ddrphy_top/ddrphy_slice_top/i_dqs_group[1].ddrphy_data_slice/dq_loop[3].u_iodelay_dq/iodelay_inst" has been packed in "IDLAY" of IOL "u_ddr3_test_h/u_ddrphy_top/ddrphy_slice_top/i_dqs_group[1].ddrphy_data_slice/dq_loop[3].u_iobuf_dq/opit_1" success.
I: IDLAY of "u_ddr3_test_h/u_ddrphy_top/ddrphy_slice_top/i_dqs_group[3].ddrphy_data_slice/dq_loop[7].u_iodelay_dq/iodelay_inst" has been packed in "IDLAY" of IOL "u_ddr3_test_h/u_ddrphy_top/ddrphy_slice_top/i_dqs_group[3].ddrphy_data_slice/dq_loop[7].u_iobuf_dq/opit_1" success.
I: IDLAY of "u_ddr3_test_h/u_ddrphy_top/ddrphy_slice_top/i_dqs_group[1].ddrphy_data_slice/dq_loop[4].u_iodelay_dq/iodelay_inst" has been packed in "IDLAY" of IOL "u_ddr3_test_h/u_ddrphy_top/ddrphy_slice_top/i_dqs_group[1].ddrphy_data_slice/dq_loop[4].u_iobuf_dq/opit_1" success.
I: IDLAY of "u_ddr3_test_h/u_ddrphy_top/ddrphy_slice_top/i_dqs_group[1].ddrphy_data_slice/dq_loop[5].u_iodelay_dq/iodelay_inst" has been packed in "IDLAY" of IOL "u_ddr3_test_h/u_ddrphy_top/ddrphy_slice_top/i_dqs_group[1].ddrphy_data_slice/dq_loop[5].u_iobuf_dq/opit_1" success.
I: IDLAY of "u_ddr3_test_h/u_ddrphy_top/ddrphy_slice_top/i_dqs_group[1].ddrphy_data_slice/dq_loop[6].u_iodelay_dq/iodelay_inst" has been packed in "IDLAY" of IOL "u_ddr3_test_h/u_ddrphy_top/ddrphy_slice_top/i_dqs_group[1].ddrphy_data_slice/dq_loop[6].u_iobuf_dq/opit_1" success.
I: IDLAY of "u_ddr3_test_h/u_ddrphy_top/ddrphy_slice_top/i_dqs_group[1].ddrphy_data_slice/dq_loop[7].u_iodelay_dq/iodelay_inst" has been packed in "IDLAY" of IOL "u_ddr3_test_h/u_ddrphy_top/ddrphy_slice_top/i_dqs_group[1].ddrphy_data_slice/dq_loop[7].u_iobuf_dq/opit_1" success.
I: IDLAY of "u_ddr3_test_h/u_ddrphy_top/ddrphy_slice_top/i_dqs_group[2].ddrphy_data_slice/dq_loop[0].u_iodelay_dq/iodelay_inst" has been packed in "IDLAY" of IOL "u_ddr3_test_h/u_ddrphy_top/ddrphy_slice_top/i_dqs_group[2].ddrphy_data_slice/dq_loop[0].u_iobuf_dq/opit_1" success.
I: IDLAY of "u_ddr3_test_h/u_ddrphy_top/ddrphy_slice_top/i_dqs_group[2].ddrphy_data_slice/dq_loop[1].u_iodelay_dq/iodelay_inst" has been packed in "IDLAY" of IOL "u_ddr3_test_h/u_ddrphy_top/ddrphy_slice_top/i_dqs_group[2].ddrphy_data_slice/dq_loop[1].u_iobuf_dq/opit_1" success.
I: IDLAY of "u_ddr3_test_h/u_ddrphy_top/ddrphy_slice_top/i_dqs_group[2].ddrphy_data_slice/dq_loop[2].u_iodelay_dq/iodelay_inst" has been packed in "IDLAY" of IOL "u_ddr3_test_h/u_ddrphy_top/ddrphy_slice_top/i_dqs_group[2].ddrphy_data_slice/dq_loop[2].u_iobuf_dq/opit_1" success.
I: IDLAY of "u_ddr3_test_h/u_ddrphy_top/ddrphy_slice_top/i_dqs_group[2].ddrphy_data_slice/dq_loop[3].u_iodelay_dq/iodelay_inst" has been packed in "IDLAY" of IOL "u_ddr3_test_h/u_ddrphy_top/ddrphy_slice_top/i_dqs_group[2].ddrphy_data_slice/dq_loop[3].u_iobuf_dq/opit_1" success.
I: IDLAY of "u_ddr3_test_h/u_ddrphy_top/ddrphy_slice_top/i_dqs_group[2].ddrphy_data_slice/dq_loop[4].u_iodelay_dq/iodelay_inst" has been packed in "IDLAY" of IOL "u_ddr3_test_h/u_ddrphy_top/ddrphy_slice_top/i_dqs_group[2].ddrphy_data_slice/dq_loop[4].u_iobuf_dq/opit_1" success.
I: IDLAY of "u_ddr3_test_h/u_ddrphy_top/ddrphy_slice_top/i_dqs_group[2].ddrphy_data_slice/dq_loop[5].u_iodelay_dq/iodelay_inst" has been packed in "IDLAY" of IOL "u_ddr3_test_h/u_ddrphy_top/ddrphy_slice_top/i_dqs_group[2].ddrphy_data_slice/dq_loop[5].u_iobuf_dq/opit_1" success.
I: IDLAY of "u_ddr3_test_h/u_ddrphy_top/ddrphy_slice_top/i_dqs_group[2].ddrphy_data_slice/dq_loop[6].u_iodelay_dq/iodelay_inst" has been packed in "IDLAY" of IOL "u_ddr3_test_h/u_ddrphy_top/ddrphy_slice_top/i_dqs_group[2].ddrphy_data_slice/dq_loop[6].u_iobuf_dq/opit_1" success.
I: IDLAY of "u_ddr3_test_h/u_ddrphy_top/ddrphy_slice_top/i_dqs_group[2].ddrphy_data_slice/dq_loop[7].u_iodelay_dq/iodelay_inst" has been packed in "IDLAY" of IOL "u_ddr3_test_h/u_ddrphy_top/ddrphy_slice_top/i_dqs_group[2].ddrphy_data_slice/dq_loop[7].u_iobuf_dq/opit_1" success.
I: IDLAY of "u_ddr3_test_h/u_ddrphy_top/ddrphy_slice_top/i_dqs_group[3].ddrphy_data_slice/dq_loop[0].u_iodelay_dq/iodelay_inst" has been packed in "IDLAY" of IOL "u_ddr3_test_h/u_ddrphy_top/ddrphy_slice_top/i_dqs_group[3].ddrphy_data_slice/dq_loop[0].u_iobuf_dq/opit_1" success.
I: IDLAY of "u_ddr3_test_h/u_ddrphy_top/ddrphy_slice_top/i_dqs_group[3].ddrphy_data_slice/dq_loop[1].u_iodelay_dq/iodelay_inst" has been packed in "IDLAY" of IOL "u_ddr3_test_h/u_ddrphy_top/ddrphy_slice_top/i_dqs_group[3].ddrphy_data_slice/dq_loop[1].u_iobuf_dq/opit_1" success.
I: IDLAY of "u_ddr3_test_h/u_ddrphy_top/ddrphy_slice_top/i_dqs_group[3].ddrphy_data_slice/dq_loop[2].u_iodelay_dq/iodelay_inst" has been packed in "IDLAY" of IOL "u_ddr3_test_h/u_ddrphy_top/ddrphy_slice_top/i_dqs_group[3].ddrphy_data_slice/dq_loop[2].u_iobuf_dq/opit_1" success.
I: IDLAY of "u_ddr3_test_h/u_ddrphy_top/ddrphy_slice_top/i_dqs_group[3].ddrphy_data_slice/dq_loop[3].u_iodelay_dq/iodelay_inst" has been packed in "IDLAY" of IOL "u_ddr3_test_h/u_ddrphy_top/ddrphy_slice_top/i_dqs_group[3].ddrphy_data_slice/dq_loop[3].u_iobuf_dq/opit_1" success.
I: OSERDES "u_ddr3_test_h/u_ddrphy_top/ddrphy_slice_top/u_oserdes_csn/oserdes_inst" has been packed in "ODDR" of IOL "u_ddr3_test_h/u_ddrphy_top/ddrphy_slice_top/u_outbuft_csn/opit_1" success.
I: ISERDES "u_ddr3_test_h/u_ddrphy_top/ddrphy_slice_top/i_dqs_group[3].ddrphy_data_slice/dq_loop[5].u_iserdes_dq/iserdes_inst" has been packed in "IDDR" of IOL "u_ddr3_test_h/u_ddrphy_top/ddrphy_slice_top/i_dqs_group[3].ddrphy_data_slice/dq_loop[5].u_iobuf_dq/opit_1" success.
I: OSERDES "u_ddr3_test_h/u_ddrphy_top/ddrphy_slice_top/i_dqs_group[3].ddrphy_data_slice/dq_loop[5].u_oserdes_dq/oserdes_inst" has been packed in "ODDR" of IOL "u_ddr3_test_h/u_ddrphy_top/ddrphy_slice_top/i_dqs_group[3].ddrphy_data_slice/dq_loop[5].u_iobuf_dq/opit_1" success.
I: OSERDES "u_ddr3_test_h/u_ddrphy_top/ddrphy_slice_top/u_oserdes_odt/oserdes_inst" has been packed in "ODDR" of IOL "u_ddr3_test_h/u_ddrphy_top/ddrphy_slice_top/u_outbuft_odt/opit_1" success.
I: OSERDES "u_ddr3_test_h/u_ddrphy_top/ddrphy_slice_top/u_oserdes_rasn/oserdes_inst" has been packed in "ODDR" of IOL "u_ddr3_test_h/u_ddrphy_top/ddrphy_slice_top/u_outbuft_rasn/opit_1" success.
I: OSERDES "u_ddr3_test_h/u_ddrphy_top/ddrphy_slice_top/u_oserdes_wen/oserdes_inst" has been packed in "ODDR" of IOL "u_ddr3_test_h/u_ddrphy_top/ddrphy_slice_top/u_outbuft_wen/opit_1" success.
I: ISERDES "u_ddr3_test_h/u_ddrphy_top/ddrphy_slice_top/i_dqs_group[3].ddrphy_data_slice/dq_loop[4].u_iserdes_dq/iserdes_inst" has been packed in "IDDR" of IOL "u_ddr3_test_h/u_ddrphy_top/ddrphy_slice_top/i_dqs_group[3].ddrphy_data_slice/dq_loop[4].u_iobuf_dq/opit_1" success.
I: OSERDES "u_ddr3_test_h/u_ddrphy_top/ddrphy_slice_top/i_dqs_group[3].ddrphy_data_slice/dq_loop[4].u_oserdes_dq/oserdes_inst" has been packed in "ODDR" of IOL "u_ddr3_test_h/u_ddrphy_top/ddrphy_slice_top/i_dqs_group[3].ddrphy_data_slice/dq_loop[4].u_iobuf_dq/opit_1" success.
I: OSERDES "u_ddr3_test_h/u_ddrphy_top/ddrphy_slice_top/u_oserdes_cke/oserdes_inst" has been packed in "ODDR" of IOL "u_ddr3_test_h/u_ddrphy_top/ddrphy_slice_top/u_outbuft_cke/opit_1" success.
I: ISERDES "u_ddr3_test_h/u_ddrphy_top/ddrphy_slice_top/i_dqs_group[3].ddrphy_data_slice/dq_loop[6].u_iserdes_dq/iserdes_inst" has been packed in "IDDR" of IOL "u_ddr3_test_h/u_ddrphy_top/ddrphy_slice_top/i_dqs_group[3].ddrphy_data_slice/dq_loop[6].u_iobuf_dq/opit_1" success.
I: OSERDES "u_ddr3_test_h/u_ddrphy_top/ddrphy_slice_top/i_dqs_group[3].ddrphy_data_slice/dq_loop[6].u_oserdes_dq/oserdes_inst" has been packed in "ODDR" of IOL "u_ddr3_test_h/u_ddrphy_top/ddrphy_slice_top/i_dqs_group[3].ddrphy_data_slice/dq_loop[6].u_iobuf_dq/opit_1" success.
I: OSERDES "u_ddr3_test_h/u_ddrphy_top/ddrphy_slice_top/u_oserdes_ck/oserdes_inst" has been packed in "ODDR" of IOL "u_ddr3_test_h/u_ddrphy_top/ddrphy_slice_top/u_outbuftco_ck/opit_3" success.
I: ISERDES "u_ddr3_test_h/u_ddrphy_top/ddrphy_slice_top/i_dqs_group[0].ddrphy_data_slice/dq_loop[0].u_iserdes_dq/iserdes_inst" has been packed in "IDDR" of IOL "u_ddr3_test_h/u_ddrphy_top/ddrphy_slice_top/i_dqs_group[0].ddrphy_data_slice/dq_loop[0].u_iobuf_dq/opit_1" success.
I: OSERDES "u_ddr3_test_h/u_ddrphy_top/ddrphy_slice_top/i_dqs_group[0].ddrphy_data_slice/dq_loop[0].u_oserdes_dq/oserdes_inst" has been packed in "ODDR" of IOL "u_ddr3_test_h/u_ddrphy_top/ddrphy_slice_top/i_dqs_group[0].ddrphy_data_slice/dq_loop[0].u_iobuf_dq/opit_1" success.
I: ISERDES "u_ddr3_test_h/u_ddrphy_top/ddrphy_slice_top/i_dqs_group[0].ddrphy_data_slice/dq_loop[1].u_iserdes_dq/iserdes_inst" has been packed in "IDDR" of IOL "u_ddr3_test_h/u_ddrphy_top/ddrphy_slice_top/i_dqs_group[0].ddrphy_data_slice/dq_loop[1].u_iobuf_dq/opit_1" success.
I: OSERDES "u_ddr3_test_h/u_ddrphy_top/ddrphy_slice_top/i_dqs_group[0].ddrphy_data_slice/dq_loop[1].u_oserdes_dq/oserdes_inst" has been packed in "ODDR" of IOL "u_ddr3_test_h/u_ddrphy_top/ddrphy_slice_top/i_dqs_group[0].ddrphy_data_slice/dq_loop[1].u_iobuf_dq/opit_1" success.
I: ISERDES "u_ddr3_test_h/u_ddrphy_top/ddrphy_slice_top/i_dqs_group[0].ddrphy_data_slice/dq_loop[2].u_iserdes_dq/iserdes_inst" has been packed in "IDDR" of IOL "u_ddr3_test_h/u_ddrphy_top/ddrphy_slice_top/i_dqs_group[0].ddrphy_data_slice/dq_loop[2].u_iobuf_dq/opit_1" success.
I: OSERDES "u_ddr3_test_h/u_ddrphy_top/ddrphy_slice_top/i_dqs_group[0].ddrphy_data_slice/dq_loop[2].u_oserdes_dq/oserdes_inst" has been packed in "ODDR" of IOL "u_ddr3_test_h/u_ddrphy_top/ddrphy_slice_top/i_dqs_group[0].ddrphy_data_slice/dq_loop[2].u_iobuf_dq/opit_1" success.
I: ISERDES "u_rgmii_interface/rgmii_rx_data[0].rgmii_rx_ctl_in/iserdes_inst" has been packed in "IDDR" of IOL "u_rgmii_interface/rgmii_rx_data[0].u_rgmii_rxd_ibuf/opit_1" success.
I: ISERDES "u_rgmii_interface/rgmii_rx_data[1].rgmii_rx_ctl_in/iserdes_inst" has been packed in "IDDR" of IOL "u_rgmii_interface/rgmii_rx_data[1].u_rgmii_rxd_ibuf/opit_1" success.
I: ISERDES "u_rgmii_interface/rgmii_rx_data[2].rgmii_rx_ctl_in/iserdes_inst" has been packed in "IDDR" of IOL "u_rgmii_interface/rgmii_rx_data[2].u_rgmii_rxd_ibuf/opit_1" success.
I: ISERDES "u_rgmii_interface/rgmii_rx_data[3].rgmii_rx_ctl_in/iserdes_inst" has been packed in "IDDR" of IOL "u_rgmii_interface/rgmii_rx_data[3].u_rgmii_rxd_ibuf/opit_1" success.
I: OSERDES "u_rgmii_interface/rgmii_tx_data[0].rgmii_txd_ddr/oserdes_inst" has been packed in "ODDR" of IOL "u_rgmii_interface/rgmii_tx_data[0].u_rgmii_txd_obuf/opit_1" success.
I: OSERDES "u_rgmii_interface/rgmii_tx_data[1].rgmii_txd_ddr/oserdes_inst" has been packed in "ODDR" of IOL "u_rgmii_interface/rgmii_tx_data[1].u_rgmii_txd_obuf/opit_1" success.
I: OSERDES "u_rgmii_interface/rgmii_tx_data[2].rgmii_txd_ddr/oserdes_inst" has been packed in "ODDR" of IOL "u_rgmii_interface/rgmii_tx_data[2].u_rgmii_txd_obuf/opit_1" success.
I: OSERDES "u_rgmii_interface/rgmii_tx_data[3].rgmii_txd_ddr/oserdes_inst" has been packed in "ODDR" of IOL "u_rgmii_interface/rgmii_tx_data[3].u_rgmii_txd_obuf/opit_1" success.
I: ISERDES "u_rgmii_interface/rgmii_rx_ctl_in/iserdes_inst" has been packed in "IDDR" of IOL "u_rgmii_interface/u_rgmii_rx_ctl_ibuf/opit_1" success.
I: OSERDES "u_rgmii_interface/rgmii_tdv_ddr/oserdes_inst" has been packed in "ODDR" of IOL "u_rgmii_interface/u_rgmii_tx_ctl_obuf/opit_1" success.
I: OSERDES "u_rgmii_interface/rgmii_txc_ddr/oserdes_inst" has been packed in "ODDR" of IOL "u_rgmii_interface/u_rgmii_txc_obuf/opit_1" success.
I: OSERDES "u_ddr3_test_h/u_ddrphy_top/ddrphy_slice_top/i_mem_addr_0[0].u_oserdes_addr/oserdes_inst" has been packed in "ODDR" of IOL "u_ddr3_test_h/u_ddrphy_top/ddrphy_slice_top/i_mem_addr_0[0].u_outbuft_addr0/opit_1" success.
I: OSERDES "u_ddr3_test_h/u_ddrphy_top/ddrphy_slice_top/i_mem_addr_0[1].u_oserdes_addr/oserdes_inst" has been packed in "ODDR" of IOL "u_ddr3_test_h/u_ddrphy_top/ddrphy_slice_top/i_mem_addr_0[1].u_outbuft_addr0/opit_1" success.
I: OSERDES "u_ddr3_test_h/u_ddrphy_top/ddrphy_slice_top/i_mem_addr_0[2].u_oserdes_addr/oserdes_inst" has been packed in "ODDR" of IOL "u_ddr3_test_h/u_ddrphy_top/ddrphy_slice_top/i_mem_addr_0[2].u_outbuft_addr0/opit_1" success.
I: OSERDES "u_ddr3_test_h/u_ddrphy_top/ddrphy_slice_top/i_mem_addr_0[3].u_oserdes_addr/oserdes_inst" has been packed in "ODDR" of IOL "u_ddr3_test_h/u_ddrphy_top/ddrphy_slice_top/i_mem_addr_0[3].u_outbuft_addr0/opit_1" success.
I: OSERDES "u_ddr3_test_h/u_ddrphy_top/ddrphy_slice_top/i_mem_addr_0[4].u_oserdes_addr/oserdes_inst" has been packed in "ODDR" of IOL "u_ddr3_test_h/u_ddrphy_top/ddrphy_slice_top/i_mem_addr_0[4].u_outbuft_addr0/opit_1" success.
I: OSERDES "u_ddr3_test_h/u_ddrphy_top/ddrphy_slice_top/i_mem_addr_0[5].u_oserdes_addr/oserdes_inst" has been packed in "ODDR" of IOL "u_ddr3_test_h/u_ddrphy_top/ddrphy_slice_top/i_mem_addr_0[5].u_outbuft_addr0/opit_1" success.
I: OSERDES "u_ddr3_test_h/u_ddrphy_top/ddrphy_slice_top/i_mem_addr_0[6].u_oserdes_addr/oserdes_inst" has been packed in "ODDR" of IOL "u_ddr3_test_h/u_ddrphy_top/ddrphy_slice_top/i_mem_addr_0[6].u_outbuft_addr0/opit_1" success.
I: OSERDES "u_ddr3_test_h/u_ddrphy_top/ddrphy_slice_top/i_mem_addr_0[7].u_oserdes_addr/oserdes_inst" has been packed in "ODDR" of IOL "u_ddr3_test_h/u_ddrphy_top/ddrphy_slice_top/i_mem_addr_0[7].u_outbuft_addr0/opit_1" success.
I: OSERDES "u_ddr3_test_h/u_ddrphy_top/ddrphy_slice_top/i_mem_addr_0[8].u_oserdes_addr/oserdes_inst" has been packed in "ODDR" of IOL "u_ddr3_test_h/u_ddrphy_top/ddrphy_slice_top/i_mem_addr_0[8].u_outbuft_addr0/opit_1" success.
I: OSERDES "u_ddr3_test_h/u_ddrphy_top/ddrphy_slice_top/i_mem_addr_0[9].u_oserdes_addr/oserdes_inst" has been packed in "ODDR" of IOL "u_ddr3_test_h/u_ddrphy_top/ddrphy_slice_top/i_mem_addr_0[9].u_outbuft_addr0/opit_1" success.
I: OSERDES "u_ddr3_test_h/u_ddrphy_top/ddrphy_slice_top/i_mem_addr_0[10].u_oserdes_addr/oserdes_inst" has been packed in "ODDR" of IOL "u_ddr3_test_h/u_ddrphy_top/ddrphy_slice_top/i_mem_addr_0[10].u_outbuft_addr0/opit_1" success.
I: OSERDES "u_ddr3_test_h/u_ddrphy_top/ddrphy_slice_top/i_mem_addr_0[11].u_oserdes_addr/oserdes_inst" has been packed in "ODDR" of IOL "u_ddr3_test_h/u_ddrphy_top/ddrphy_slice_top/i_mem_addr_0[11].u_outbuft_addr0/opit_1" success.
I: ISERDES "u_ddr3_test_h/u_ddrphy_top/ddrphy_slice_top/i_dqs_group[0].ddrphy_data_slice/dq_loop[3].u_iserdes_dq/iserdes_inst" has been packed in "IDDR" of IOL "u_ddr3_test_h/u_ddrphy_top/ddrphy_slice_top/i_dqs_group[0].ddrphy_data_slice/dq_loop[3].u_iobuf_dq/opit_1" success.
I: OSERDES "u_ddr3_test_h/u_ddrphy_top/ddrphy_slice_top/i_dqs_group[0].ddrphy_data_slice/dq_loop[3].u_oserdes_dq/oserdes_inst" has been packed in "ODDR" of IOL "u_ddr3_test_h/u_ddrphy_top/ddrphy_slice_top/i_dqs_group[0].ddrphy_data_slice/dq_loop[3].u_iobuf_dq/opit_1" success.
I: OSERDES "u_ddr3_test_h/u_ddrphy_top/ddrphy_slice_top/i_mem_addr_0[12].u_oserdes_addr/oserdes_inst" has been packed in "ODDR" of IOL "u_ddr3_test_h/u_ddrphy_top/ddrphy_slice_top/i_mem_addr_0[12].u_outbuft_addr0/opit_1" success.
I: OSERDES "u_ddr3_test_h/u_ddrphy_top/ddrphy_slice_top/i_mem_addr_0[13].u_oserdes_addr/oserdes_inst" has been packed in "ODDR" of IOL "u_ddr3_test_h/u_ddrphy_top/ddrphy_slice_top/i_mem_addr_0[13].u_outbuft_addr0/opit_1" success.
I: OSERDES "u_ddr3_test_h/u_ddrphy_top/ddrphy_slice_top/i_mem_addr_0[14].u_oserdes_addr/oserdes_inst" has been packed in "ODDR" of IOL "u_ddr3_test_h/u_ddrphy_top/ddrphy_slice_top/i_mem_addr_0[14].u_outbuft_addr0/opit_1" success.
I: ISERDES "u_ddr3_test_h/u_ddrphy_top/ddrphy_slice_top/i_dqs_group[0].ddrphy_data_slice/dq_loop[4].u_iserdes_dq/iserdes_inst" has been packed in "IDDR" of IOL "u_ddr3_test_h/u_ddrphy_top/ddrphy_slice_top/i_dqs_group[0].ddrphy_data_slice/dq_loop[4].u_iobuf_dq/opit_1" success.
I: OSERDES "u_ddr3_test_h/u_ddrphy_top/ddrphy_slice_top/i_dqs_group[0].ddrphy_data_slice/dq_loop[4].u_oserdes_dq/oserdes_inst" has been packed in "ODDR" of IOL "u_ddr3_test_h/u_ddrphy_top/ddrphy_slice_top/i_dqs_group[0].ddrphy_data_slice/dq_loop[4].u_iobuf_dq/opit_1" success.
I: ISERDES "u_ddr3_test_h/u_ddrphy_top/ddrphy_slice_top/i_dqs_group[0].ddrphy_data_slice/dq_loop[5].u_iserdes_dq/iserdes_inst" has been packed in "IDDR" of IOL "u_ddr3_test_h/u_ddrphy_top/ddrphy_slice_top/i_dqs_group[0].ddrphy_data_slice/dq_loop[5].u_iobuf_dq/opit_1" success.
I: OSERDES "u_ddr3_test_h/u_ddrphy_top/ddrphy_slice_top/i_dqs_group[0].ddrphy_data_slice/dq_loop[5].u_oserdes_dq/oserdes_inst" has been packed in "ODDR" of IOL "u_ddr3_test_h/u_ddrphy_top/ddrphy_slice_top/i_dqs_group[0].ddrphy_data_slice/dq_loop[5].u_iobuf_dq/opit_1" success.
I: ISERDES "u_ddr3_test_h/u_ddrphy_top/ddrphy_slice_top/i_dqs_group[0].ddrphy_data_slice/dq_loop[6].u_iserdes_dq/iserdes_inst" has been packed in "IDDR" of IOL "u_ddr3_test_h/u_ddrphy_top/ddrphy_slice_top/i_dqs_group[0].ddrphy_data_slice/dq_loop[6].u_iobuf_dq/opit_1" success.
I: OSERDES "u_ddr3_test_h/u_ddrphy_top/ddrphy_slice_top/i_dqs_group[0].ddrphy_data_slice/dq_loop[6].u_oserdes_dq/oserdes_inst" has been packed in "ODDR" of IOL "u_ddr3_test_h/u_ddrphy_top/ddrphy_slice_top/i_dqs_group[0].ddrphy_data_slice/dq_loop[6].u_iobuf_dq/opit_1" success.
I: ISERDES "u_ddr3_test_h/u_ddrphy_top/ddrphy_slice_top/i_dqs_group[0].ddrphy_data_slice/dq_loop[7].u_iserdes_dq/iserdes_inst" has been packed in "IDDR" of IOL "u_ddr3_test_h/u_ddrphy_top/ddrphy_slice_top/i_dqs_group[0].ddrphy_data_slice/dq_loop[7].u_iobuf_dq/opit_1" success.
I: OSERDES "u_ddr3_test_h/u_ddrphy_top/ddrphy_slice_top/i_dqs_group[0].ddrphy_data_slice/dq_loop[7].u_oserdes_dq/oserdes_inst" has been packed in "ODDR" of IOL "u_ddr3_test_h/u_ddrphy_top/ddrphy_slice_top/i_dqs_group[0].ddrphy_data_slice/dq_loop[7].u_iobuf_dq/opit_1" success.
I: OSERDES "u_ddr3_test_h/u_ddrphy_top/ddrphy_slice_top/i_dqs_group[0].ddrphy_data_slice/u_oserdes_dqs/oserdes_inst" has been packed in "ODDR" of IOL "u_ddr3_test_h/u_ddrphy_top/ddrphy_slice_top/i_dqs_group[0].ddrphy_data_slice/genblk1.u_iobufco_dqs/opit_2" success.
I: OSERDES "u_ddr3_test_h/u_ddrphy_top/ddrphy_slice_top/i_dqs_group[0].ddrphy_data_slice/u_oserdes_dm/oserdes_inst" has been packed in "ODDR" of IOL "u_ddr3_test_h/u_ddrphy_top/ddrphy_slice_top/i_dqs_group[0].ddrphy_data_slice/u_outbuft_dm/opit_1" success.
I: OSERDES "u_ddr3_test_h/u_ddrphy_top/ddrphy_slice_top/k_mem_ba[0].u_oserdes_ba/oserdes_inst" has been packed in "ODDR" of IOL "u_ddr3_test_h/u_ddrphy_top/ddrphy_slice_top/k_mem_ba[0].u_outbuft_ba/opit_1" success.
I: OSERDES "u_ddr3_test_h/u_ddrphy_top/ddrphy_slice_top/k_mem_ba[1].u_oserdes_ba/oserdes_inst" has been packed in "ODDR" of IOL "u_ddr3_test_h/u_ddrphy_top/ddrphy_slice_top/k_mem_ba[1].u_outbuft_ba/opit_1" success.
I: OSERDES "u_ddr3_test_h/u_ddrphy_top/ddrphy_slice_top/k_mem_ba[2].u_oserdes_ba/oserdes_inst" has been packed in "ODDR" of IOL "u_ddr3_test_h/u_ddrphy_top/ddrphy_slice_top/k_mem_ba[2].u_outbuft_ba/opit_1" success.
I: OSERDES "u_ddr3_test_h/u_ddrphy_top/ddrphy_slice_top/u_oserdes_casn/oserdes_inst" has been packed in "ODDR" of IOL "u_ddr3_test_h/u_ddrphy_top/ddrphy_slice_top/u_outbuft_casn/opit_1" success.
I: ISERDES "u_ddr3_test_h/u_ddrphy_top/ddrphy_slice_top/i_dqs_group[1].ddrphy_data_slice/dq_loop[0].u_iserdes_dq/iserdes_inst" has been packed in "IDDR" of IOL "u_ddr3_test_h/u_ddrphy_top/ddrphy_slice_top/i_dqs_group[1].ddrphy_data_slice/dq_loop[0].u_iobuf_dq/opit_1" success.
I: OSERDES "u_ddr3_test_h/u_ddrphy_top/ddrphy_slice_top/i_dqs_group[1].ddrphy_data_slice/dq_loop[0].u_oserdes_dq/oserdes_inst" has been packed in "ODDR" of IOL "u_ddr3_test_h/u_ddrphy_top/ddrphy_slice_top/i_dqs_group[1].ddrphy_data_slice/dq_loop[0].u_iobuf_dq/opit_1" success.
I: ISERDES "u_ddr3_test_h/u_ddrphy_top/ddrphy_slice_top/i_dqs_group[1].ddrphy_data_slice/dq_loop[1].u_iserdes_dq/iserdes_inst" has been packed in "IDDR" of IOL "u_ddr3_test_h/u_ddrphy_top/ddrphy_slice_top/i_dqs_group[1].ddrphy_data_slice/dq_loop[1].u_iobuf_dq/opit_1" success.
I: OSERDES "u_ddr3_test_h/u_ddrphy_top/ddrphy_slice_top/i_dqs_group[1].ddrphy_data_slice/dq_loop[1].u_oserdes_dq/oserdes_inst" has been packed in "ODDR" of IOL "u_ddr3_test_h/u_ddrphy_top/ddrphy_slice_top/i_dqs_group[1].ddrphy_data_slice/dq_loop[1].u_iobuf_dq/opit_1" success.
I: ISERDES "u_ddr3_test_h/u_ddrphy_top/ddrphy_slice_top/i_dqs_group[1].ddrphy_data_slice/dq_loop[2].u_iserdes_dq/iserdes_inst" has been packed in "IDDR" of IOL "u_ddr3_test_h/u_ddrphy_top/ddrphy_slice_top/i_dqs_group[1].ddrphy_data_slice/dq_loop[2].u_iobuf_dq/opit_1" success.
I: OSERDES "u_ddr3_test_h/u_ddrphy_top/ddrphy_slice_top/i_dqs_group[1].ddrphy_data_slice/dq_loop[2].u_oserdes_dq/oserdes_inst" has been packed in "ODDR" of IOL "u_ddr3_test_h/u_ddrphy_top/ddrphy_slice_top/i_dqs_group[1].ddrphy_data_slice/dq_loop[2].u_iobuf_dq/opit_1" success.
I: ISERDES "u_ddr3_test_h/u_ddrphy_top/ddrphy_slice_top/i_dqs_group[1].ddrphy_data_slice/dq_loop[3].u_iserdes_dq/iserdes_inst" has been packed in "IDDR" of IOL "u_ddr3_test_h/u_ddrphy_top/ddrphy_slice_top/i_dqs_group[1].ddrphy_data_slice/dq_loop[3].u_iobuf_dq/opit_1" success.
I: OSERDES "u_ddr3_test_h/u_ddrphy_top/ddrphy_slice_top/i_dqs_group[1].ddrphy_data_slice/dq_loop[3].u_oserdes_dq/oserdes_inst" has been packed in "ODDR" of IOL "u_ddr3_test_h/u_ddrphy_top/ddrphy_slice_top/i_dqs_group[1].ddrphy_data_slice/dq_loop[3].u_iobuf_dq/opit_1" success.
I: ISERDES "u_ddr3_test_h/u_ddrphy_top/ddrphy_slice_top/i_dqs_group[3].ddrphy_data_slice/dq_loop[7].u_iserdes_dq/iserdes_inst" has been packed in "IDDR" of IOL "u_ddr3_test_h/u_ddrphy_top/ddrphy_slice_top/i_dqs_group[3].ddrphy_data_slice/dq_loop[7].u_iobuf_dq/opit_1" success.
I: OSERDES "u_ddr3_test_h/u_ddrphy_top/ddrphy_slice_top/i_dqs_group[3].ddrphy_data_slice/dq_loop[7].u_oserdes_dq/oserdes_inst" has been packed in "ODDR" of IOL "u_ddr3_test_h/u_ddrphy_top/ddrphy_slice_top/i_dqs_group[3].ddrphy_data_slice/dq_loop[7].u_iobuf_dq/opit_1" success.
I: OSERDES "u_ddr3_test_h/u_ddrphy_top/ddrphy_slice_top/i_dqs_group[3].ddrphy_data_slice/u_oserdes_dqs/oserdes_inst" has been packed in "ODDR" of IOL "u_ddr3_test_h/u_ddrphy_top/ddrphy_slice_top/i_dqs_group[3].ddrphy_data_slice/genblk1.u_iobufco_dqs/opit_2" success.
I: ISERDES "u_ddr3_test_h/u_ddrphy_top/ddrphy_slice_top/i_dqs_group[3].ddrphy_data_slice/dq_loop[2].u_iserdes_dq/iserdes_inst" has been packed in "IDDR" of IOL "u_ddr3_test_h/u_ddrphy_top/ddrphy_slice_top/i_dqs_group[3].ddrphy_data_slice/dq_loop[2].u_iobuf_dq/opit_1" success.
I: OSERDES "u_ddr3_test_h/u_ddrphy_top/ddrphy_slice_top/i_dqs_group[3].ddrphy_data_slice/dq_loop[2].u_oserdes_dq/oserdes_inst" has been packed in "ODDR" of IOL "u_ddr3_test_h/u_ddrphy_top/ddrphy_slice_top/i_dqs_group[3].ddrphy_data_slice/dq_loop[2].u_iobuf_dq/opit_1" success.
I: ISERDES "u_ddr3_test_h/u_ddrphy_top/ddrphy_slice_top/i_dqs_group[3].ddrphy_data_slice/dq_loop[3].u_iserdes_dq/iserdes_inst" has been packed in "IDDR" of IOL "u_ddr3_test_h/u_ddrphy_top/ddrphy_slice_top/i_dqs_group[3].ddrphy_data_slice/dq_loop[3].u_iobuf_dq/opit_1" success.
I: OSERDES "u_ddr3_test_h/u_ddrphy_top/ddrphy_slice_top/i_dqs_group[3].ddrphy_data_slice/dq_loop[3].u_oserdes_dq/oserdes_inst" has been packed in "ODDR" of IOL "u_ddr3_test_h/u_ddrphy_top/ddrphy_slice_top/i_dqs_group[3].ddrphy_data_slice/dq_loop[3].u_iobuf_dq/opit_1" success.
I: OSERDES "u_ddr3_test_h/u_ddrphy_top/ddrphy_slice_top/i_dqs_group[3].ddrphy_data_slice/u_oserdes_dm/oserdes_inst" has been packed in "ODDR" of IOL "u_ddr3_test_h/u_ddrphy_top/ddrphy_slice_top/i_dqs_group[3].ddrphy_data_slice/u_outbuft_dm/opit_1" success.
I: ISERDES "u_ddr3_test_h/u_ddrphy_top/ddrphy_slice_top/i_dqs_group[1].ddrphy_data_slice/dq_loop[4].u_iserdes_dq/iserdes_inst" has been packed in "IDDR" of IOL "u_ddr3_test_h/u_ddrphy_top/ddrphy_slice_top/i_dqs_group[1].ddrphy_data_slice/dq_loop[4].u_iobuf_dq/opit_1" success.
I: OSERDES "u_ddr3_test_h/u_ddrphy_top/ddrphy_slice_top/i_dqs_group[1].ddrphy_data_slice/dq_loop[4].u_oserdes_dq/oserdes_inst" has been packed in "ODDR" of IOL "u_ddr3_test_h/u_ddrphy_top/ddrphy_slice_top/i_dqs_group[1].ddrphy_data_slice/dq_loop[4].u_iobuf_dq/opit_1" success.
I: ISERDES "u_ddr3_test_h/u_ddrphy_top/ddrphy_slice_top/i_dqs_group[1].ddrphy_data_slice/dq_loop[5].u_iserdes_dq/iserdes_inst" has been packed in "IDDR" of IOL "u_ddr3_test_h/u_ddrphy_top/ddrphy_slice_top/i_dqs_group[1].ddrphy_data_slice/dq_loop[5].u_iobuf_dq/opit_1" success.
I: OSERDES "u_ddr3_test_h/u_ddrphy_top/ddrphy_slice_top/i_dqs_group[1].ddrphy_data_slice/dq_loop[5].u_oserdes_dq/oserdes_inst" has been packed in "ODDR" of IOL "u_ddr3_test_h/u_ddrphy_top/ddrphy_slice_top/i_dqs_group[1].ddrphy_data_slice/dq_loop[5].u_iobuf_dq/opit_1" success.
I: ISERDES "u_ddr3_test_h/u_ddrphy_top/ddrphy_slice_top/i_dqs_group[1].ddrphy_data_slice/dq_loop[6].u_iserdes_dq/iserdes_inst" has been packed in "IDDR" of IOL "u_ddr3_test_h/u_ddrphy_top/ddrphy_slice_top/i_dqs_group[1].ddrphy_data_slice/dq_loop[6].u_iobuf_dq/opit_1" success.
I: OSERDES "u_ddr3_test_h/u_ddrphy_top/ddrphy_slice_top/i_dqs_group[1].ddrphy_data_slice/dq_loop[6].u_oserdes_dq/oserdes_inst" has been packed in "ODDR" of IOL "u_ddr3_test_h/u_ddrphy_top/ddrphy_slice_top/i_dqs_group[1].ddrphy_data_slice/dq_loop[6].u_iobuf_dq/opit_1" success.
I: ISERDES "u_ddr3_test_h/u_ddrphy_top/ddrphy_slice_top/i_dqs_group[1].ddrphy_data_slice/dq_loop[7].u_iserdes_dq/iserdes_inst" has been packed in "IDDR" of IOL "u_ddr3_test_h/u_ddrphy_top/ddrphy_slice_top/i_dqs_group[1].ddrphy_data_slice/dq_loop[7].u_iobuf_dq/opit_1" success.
I: OSERDES "u_ddr3_test_h/u_ddrphy_top/ddrphy_slice_top/i_dqs_group[1].ddrphy_data_slice/dq_loop[7].u_oserdes_dq/oserdes_inst" has been packed in "ODDR" of IOL "u_ddr3_test_h/u_ddrphy_top/ddrphy_slice_top/i_dqs_group[1].ddrphy_data_slice/dq_loop[7].u_iobuf_dq/opit_1" success.
I: OSERDES "u_ddr3_test_h/u_ddrphy_top/ddrphy_slice_top/i_dqs_group[1].ddrphy_data_slice/u_oserdes_dqs/oserdes_inst" has been packed in "ODDR" of IOL "u_ddr3_test_h/u_ddrphy_top/ddrphy_slice_top/i_dqs_group[1].ddrphy_data_slice/genblk1.u_iobufco_dqs/opit_2" success.
I: OSERDES "u_ddr3_test_h/u_ddrphy_top/ddrphy_slice_top/i_dqs_group[1].ddrphy_data_slice/u_oserdes_dm/oserdes_inst" has been packed in "ODDR" of IOL "u_ddr3_test_h/u_ddrphy_top/ddrphy_slice_top/i_dqs_group[1].ddrphy_data_slice/u_outbuft_dm/opit_1" success.
I: ISERDES "u_ddr3_test_h/u_ddrphy_top/ddrphy_slice_top/i_dqs_group[2].ddrphy_data_slice/dq_loop[0].u_iserdes_dq/iserdes_inst" has been packed in "IDDR" of IOL "u_ddr3_test_h/u_ddrphy_top/ddrphy_slice_top/i_dqs_group[2].ddrphy_data_slice/dq_loop[0].u_iobuf_dq/opit_1" success.
I: OSERDES "u_ddr3_test_h/u_ddrphy_top/ddrphy_slice_top/i_dqs_group[2].ddrphy_data_slice/dq_loop[0].u_oserdes_dq/oserdes_inst" has been packed in "ODDR" of IOL "u_ddr3_test_h/u_ddrphy_top/ddrphy_slice_top/i_dqs_group[2].ddrphy_data_slice/dq_loop[0].u_iobuf_dq/opit_1" success.
I: ISERDES "u_ddr3_test_h/u_ddrphy_top/ddrphy_slice_top/i_dqs_group[2].ddrphy_data_slice/dq_loop[1].u_iserdes_dq/iserdes_inst" has been packed in "IDDR" of IOL "u_ddr3_test_h/u_ddrphy_top/ddrphy_slice_top/i_dqs_group[2].ddrphy_data_slice/dq_loop[1].u_iobuf_dq/opit_1" success.
I: OSERDES "u_ddr3_test_h/u_ddrphy_top/ddrphy_slice_top/i_dqs_group[2].ddrphy_data_slice/dq_loop[1].u_oserdes_dq/oserdes_inst" has been packed in "ODDR" of IOL "u_ddr3_test_h/u_ddrphy_top/ddrphy_slice_top/i_dqs_group[2].ddrphy_data_slice/dq_loop[1].u_iobuf_dq/opit_1" success.
I: ISERDES "u_ddr3_test_h/u_ddrphy_top/ddrphy_slice_top/i_dqs_group[2].ddrphy_data_slice/dq_loop[2].u_iserdes_dq/iserdes_inst" has been packed in "IDDR" of IOL "u_ddr3_test_h/u_ddrphy_top/ddrphy_slice_top/i_dqs_group[2].ddrphy_data_slice/dq_loop[2].u_iobuf_dq/opit_1" success.
I: OSERDES "u_ddr3_test_h/u_ddrphy_top/ddrphy_slice_top/i_dqs_group[2].ddrphy_data_slice/dq_loop[2].u_oserdes_dq/oserdes_inst" has been packed in "ODDR" of IOL "u_ddr3_test_h/u_ddrphy_top/ddrphy_slice_top/i_dqs_group[2].ddrphy_data_slice/dq_loop[2].u_iobuf_dq/opit_1" success.
I: ISERDES "u_ddr3_test_h/u_ddrphy_top/ddrphy_slice_top/i_dqs_group[2].ddrphy_data_slice/dq_loop[3].u_iserdes_dq/iserdes_inst" has been packed in "IDDR" of IOL "u_ddr3_test_h/u_ddrphy_top/ddrphy_slice_top/i_dqs_group[2].ddrphy_data_slice/dq_loop[3].u_iobuf_dq/opit_1" success.
I: OSERDES "u_ddr3_test_h/u_ddrphy_top/ddrphy_slice_top/i_dqs_group[2].ddrphy_data_slice/dq_loop[3].u_oserdes_dq/oserdes_inst" has been packed in "ODDR" of IOL "u_ddr3_test_h/u_ddrphy_top/ddrphy_slice_top/i_dqs_group[2].ddrphy_data_slice/dq_loop[3].u_iobuf_dq/opit_1" success.
I: ISERDES "u_ddr3_test_h/u_ddrphy_top/ddrphy_slice_top/i_dqs_group[2].ddrphy_data_slice/dq_loop[4].u_iserdes_dq/iserdes_inst" has been packed in "IDDR" of IOL "u_ddr3_test_h/u_ddrphy_top/ddrphy_slice_top/i_dqs_group[2].ddrphy_data_slice/dq_loop[4].u_iobuf_dq/opit_1" success.
I: OSERDES "u_ddr3_test_h/u_ddrphy_top/ddrphy_slice_top/i_dqs_group[2].ddrphy_data_slice/dq_loop[4].u_oserdes_dq/oserdes_inst" has been packed in "ODDR" of IOL "u_ddr3_test_h/u_ddrphy_top/ddrphy_slice_top/i_dqs_group[2].ddrphy_data_slice/dq_loop[4].u_iobuf_dq/opit_1" success.
I: ISERDES "u_ddr3_test_h/u_ddrphy_top/ddrphy_slice_top/i_dqs_group[2].ddrphy_data_slice/dq_loop[5].u_iserdes_dq/iserdes_inst" has been packed in "IDDR" of IOL "u_ddr3_test_h/u_ddrphy_top/ddrphy_slice_top/i_dqs_group[2].ddrphy_data_slice/dq_loop[5].u_iobuf_dq/opit_1" success.
I: OSERDES "u_ddr3_test_h/u_ddrphy_top/ddrphy_slice_top/i_dqs_group[2].ddrphy_data_slice/dq_loop[5].u_oserdes_dq/oserdes_inst" has been packed in "ODDR" of IOL "u_ddr3_test_h/u_ddrphy_top/ddrphy_slice_top/i_dqs_group[2].ddrphy_data_slice/dq_loop[5].u_iobuf_dq/opit_1" success.
I: ISERDES "u_ddr3_test_h/u_ddrphy_top/ddrphy_slice_top/i_dqs_group[2].ddrphy_data_slice/dq_loop[6].u_iserdes_dq/iserdes_inst" has been packed in "IDDR" of IOL "u_ddr3_test_h/u_ddrphy_top/ddrphy_slice_top/i_dqs_group[2].ddrphy_data_slice/dq_loop[6].u_iobuf_dq/opit_1" success.
I: OSERDES "u_ddr3_test_h/u_ddrphy_top/ddrphy_slice_top/i_dqs_group[2].ddrphy_data_slice/dq_loop[6].u_oserdes_dq/oserdes_inst" has been packed in "ODDR" of IOL "u_ddr3_test_h/u_ddrphy_top/ddrphy_slice_top/i_dqs_group[2].ddrphy_data_slice/dq_loop[6].u_iobuf_dq/opit_1" success.
I: ISERDES "u_ddr3_test_h/u_ddrphy_top/ddrphy_slice_top/i_dqs_group[2].ddrphy_data_slice/dq_loop[7].u_iserdes_dq/iserdes_inst" has been packed in "IDDR" of IOL "u_ddr3_test_h/u_ddrphy_top/ddrphy_slice_top/i_dqs_group[2].ddrphy_data_slice/dq_loop[7].u_iobuf_dq/opit_1" success.
I: OSERDES "u_ddr3_test_h/u_ddrphy_top/ddrphy_slice_top/i_dqs_group[2].ddrphy_data_slice/dq_loop[7].u_oserdes_dq/oserdes_inst" has been packed in "ODDR" of IOL "u_ddr3_test_h/u_ddrphy_top/ddrphy_slice_top/i_dqs_group[2].ddrphy_data_slice/dq_loop[7].u_iobuf_dq/opit_1" success.
I: OSERDES "u_ddr3_test_h/u_ddrphy_top/ddrphy_slice_top/i_dqs_group[2].ddrphy_data_slice/u_oserdes_dqs/oserdes_inst" has been packed in "ODDR" of IOL "u_ddr3_test_h/u_ddrphy_top/ddrphy_slice_top/i_dqs_group[2].ddrphy_data_slice/genblk1.u_iobufco_dqs/opit_2" success.
I: OSERDES "u_ddr3_test_h/u_ddrphy_top/ddrphy_slice_top/i_dqs_group[2].ddrphy_data_slice/u_oserdes_dm/oserdes_inst" has been packed in "ODDR" of IOL "u_ddr3_test_h/u_ddrphy_top/ddrphy_slice_top/i_dqs_group[2].ddrphy_data_slice/u_outbuft_dm/opit_1" success.
I: ISERDES "u_ddr3_test_h/u_ddrphy_top/ddrphy_slice_top/i_dqs_group[3].ddrphy_data_slice/dq_loop[0].u_iserdes_dq/iserdes_inst" has been packed in "IDDR" of IOL "u_ddr3_test_h/u_ddrphy_top/ddrphy_slice_top/i_dqs_group[3].ddrphy_data_slice/dq_loop[0].u_iobuf_dq/opit_1" success.
I: OSERDES "u_ddr3_test_h/u_ddrphy_top/ddrphy_slice_top/i_dqs_group[3].ddrphy_data_slice/dq_loop[0].u_oserdes_dq/oserdes_inst" has been packed in "ODDR" of IOL "u_ddr3_test_h/u_ddrphy_top/ddrphy_slice_top/i_dqs_group[3].ddrphy_data_slice/dq_loop[0].u_iobuf_dq/opit_1" success.
I: ISERDES "u_ddr3_test_h/u_ddrphy_top/ddrphy_slice_top/i_dqs_group[3].ddrphy_data_slice/dq_loop[1].u_iserdes_dq/iserdes_inst" has been packed in "IDDR" of IOL "u_ddr3_test_h/u_ddrphy_top/ddrphy_slice_top/i_dqs_group[3].ddrphy_data_slice/dq_loop[1].u_iobuf_dq/opit_1" success.
I: OSERDES "u_ddr3_test_h/u_ddrphy_top/ddrphy_slice_top/i_dqs_group[3].ddrphy_data_slice/dq_loop[1].u_oserdes_dq/oserdes_inst" has been packed in "ODDR" of IOL "u_ddr3_test_h/u_ddrphy_top/ddrphy_slice_top/i_dqs_group[3].ddrphy_data_slice/dq_loop[1].u_iobuf_dq/opit_1" success.
Device Utilization Summary:
+------------------------------------------------------------------------+
| Logic Utilization     | Used     | Available     | Utilization(%)     
+------------------------------------------------------------------------+
| APM                   | 0        | 240           | 0                  
| FF                    | 8459     | 133200        | 7                  
| LUT                   | 8897     | 66600         | 14                 
| Distributed RAM       | 40       | 19900         | 1                  
| DRM                   | 39       | 155           | 26                 
| IO                    | 183      | 300           | 61                 
| RCKB                  | 4        | 24            | 17                 
| SCANCHAIN             | 1        | 1             | 100                
| USCM                  | 12       | 32            | 38                 
| CCS                   | 1        | 1             | 100                
| ADC                   | 0        | 1             | 0                  
| DDR_PHY               | 7        | 24            | 30                 
| HSSTLP                | 0        | 2             | 0                  
| GPLL                  | 6        | 6             | 100                
| PPLL                  | 2        | 6             | 34                 
| DDRPHY_CPD            | 1        | 12            | 9                  
| HCKB                  | 0        | 96            | 0                  
| IOCKB                 | 0        | 24            | 0                  
| MRCKB                 | 1        | 12            | 9                  
| PCIE                  | 0        | 1             | 0                  
| DDRPHY_IOCLK_DIV      | 2        | 6             | 34                 
| ANALOG                | 0        | 1             | 0                  
| TSERDES               | 14       | 48            | 30                 
| KEYRAM                | 0        | 1             | 0                  
+------------------------------------------------------------------------+

Device mapping done.
Total device mapping takes 2.19 sec.

Design 'hdmi_ddr_ov5640_top' has been successfully mapped to architecture-specific objects.
Saving design to DB.
W: Public-4010: Pcf file D:/ZGTC/Work/ccc/device_map/hdmi_ddr_ov5640_top.pcf has been covered.
Action dev_map: Real time elapsed is 0h:0m:31s
Action dev_map: CPU time elapsed is 0h:0m:13s
Action dev_map: Process CPU time elapsed is 0h:0m:13s
Current time: Mon Apr 27 16:50:40 2026
Action dev_map: Peak memory pool usage is 556 MB
